shape,family,kind,placement,mode,workers,sample,position,load_s,winner-lat_ms,winner-thr_ms,interior-lat_ms,interior-thr_ms,support-lat_ms,support-thr_ms,peak_rss_kib,checked_updates
small,batch,min,local,b-hash-combine,1,-1,0,0.166644553,,,,,,,270600,1000000
small,batch,min,local,b-main,1,-1,1,0.82998907,,,,,,,301836,1000000
small,batch,min,local,b-weights,1,-1,2,0.580362602,,,,,,,233740,1000000
small,batch,min,local,b-weights-combine,1,-1,3,0.248138852,,,,,,,260876,1000000
small,batch,min,local,b-fused,1,-1,4,0.660934092,,,,,,,199432,1000000
small,batch,min,local,b-hash,1,-1,5,0.132236413,,,,,,,256260,1000000
small,batch,min,local,b-main,1,0,0,0.831418847,,,,,,,301836,1000000
small,batch,min,local,b-weights,1,0,1,0.578198067,,,,,,,234252,1000000
small,batch,min,local,b-weights-combine,1,0,2,0.250654803,,,,,,,260364,1000000
small,batch,min,local,b-fused,1,0,3,0.655166559,,,,,,,199432,1000000
small,batch,min,local,b-hash,1,0,4,0.131318283,,,,,,,256260,1000000
small,batch,min,local,b-hash-combine,1,0,5,0.163000869,,,,,,,270600,1000000
small,batch,min,local,b-weights,1,1,0,0.579455793,,,,,,,233740,1000000
small,batch,min,local,b-weights-combine,1,1,1,0.242273154,,,,,,,260364,1000000
small,batch,min,local,b-fused,1,1,2,0.653562042,,,,,,,199432,1000000
small,batch,min,local,b-hash,1,1,3,0.13194653,,,,,,,256260,1000000
small,batch,min,local,b-hash-combine,1,1,4,0.177221115,,,,,,,270600,1000000
small,batch,min,local,b-main,1,1,5,0.841645153,,,,,,,301836,1000000
small,batch,min,local,b-weights-combine,1,2,0,0.239524315,,,,,,,260876,1000000
small,batch,min,local,b-fused,1,2,1,0.657748444,,,,,,,199432,1000000
small,batch,min,local,b-hash,1,2,2,0.131131033,,,,,,,256260,1000000
small,batch,min,local,b-hash-combine,1,2,3,0.161800811,,,,,,,270600,1000000
small,batch,min,local,b-main,1,2,4,0.831131581,,,,,,,301836,1000000
small,batch,min,local,b-weights,1,2,5,0.577684686,,,,,,,233740,1000000
small,batch,min,local,b-fused,1,3,0,0.653903512,,,,,,,198920,1000000
small,batch,min,local,b-hash,1,3,1,0.131441274,,,,,,,256264,1000000
small,batch,min,local,b-hash-combine,1,3,2,0.163063224,,,,,,,270600,1000000
small,batch,min,local,b-main,1,3,3,0.827586429,,,,,,,301840,1000000
small,batch,min,local,b-weights,1,3,4,0.57979788,,,,,,,234256,1000000
small,batch,min,local,b-weights-combine,1,3,5,0.251165424,,,,,,,260364,1000000
small,batch,min,local,b-hash,1,4,0,0.151904049,,,,,,,256260,1000000
small,batch,min,local,b-hash-combine,1,4,1,0.162580818,,,,,,,270600,1000000
small,batch,min,local,b-main,1,4,2,0.828134065,,,,,,,301836,1000000
small,batch,min,local,b-weights,1,4,3,0.577957663,,,,,,,234252,1000000
small,batch,min,local,b-weights-combine,1,4,4,0.239300671,,,,,,,260876,1000000
small,batch,min,local,b-fused,1,4,5,0.652304571,,,,,,,198920,1000000
small,batch,min,spread,b-hash-combine,1,-1,0,0.166076476,,,,,,,270604,1000000
small,batch,min,spread,b-main,1,-1,1,0.828940075,,,,,,,301836,1000000
small,batch,min,spread,b-weights,1,-1,2,0.577307615,,,,,,,234252,1000000
small,batch,min,spread,b-weights-combine,1,-1,3,0.241164512,,,,,,,260364,1000000
small,batch,min,spread,b-fused,1,-1,4,0.65457029,,,,,,,199436,1000000
small,batch,min,spread,b-hash,1,-1,5,0.13209082,,,,,,,256260,1000000
small,batch,min,spread,b-main,1,0,0,0.831064962,,,,,,,301836,1000000
small,batch,min,spread,b-weights,1,0,1,0.577725489,,,,,,,233740,1000000
small,batch,min,spread,b-weights-combine,1,0,2,0.241109879,,,,,,,260880,1000000
small,batch,min,spread,b-fused,1,0,3,0.655442343,,,,,,,199436,1000000
small,batch,min,spread,b-hash,1,0,4,0.137092447,,,,,,,256264,1000000
small,batch,min,spread,b-hash-combine,1,0,5,0.162189972,,,,,,,270600,1000000
small,batch,min,spread,b-weights,1,1,0,0.578196401,,,,,,,234256,1000000
small,batch,min,spread,b-weights-combine,1,1,1,0.239055141,,,,,,,260876,1000000
small,batch,min,spread,b-fused,1,1,2,0.659161138,,,,,,,199428,1000000
small,batch,min,spread,b-hash,1,1,3,0.13420005,,,,,,,256264,1000000
small,batch,min,spread,b-hash-combine,1,1,4,0.164766218,,,,,,,270604,1000000
small,batch,min,spread,b-main,1,1,5,0.83503085,,,,,,,301836,1000000
small,batch,min,spread,b-weights-combine,1,2,0,0.246177636,,,,,,,260880,1000000
small,batch,min,spread,b-fused,1,2,1,0.659144309,,,,,,,198920,1000000
small,batch,min,spread,b-hash,1,2,2,0.131989404,,,,,,,256260,1000000
small,batch,min,spread,b-hash-combine,1,2,3,0.166535973,,,,,,,270604,1000000
small,batch,min,spread,b-main,1,2,4,0.836547255,,,,,,,301836,1000000
small,batch,min,spread,b-weights,1,2,5,0.58191858,,,,,,,234252,1000000
small,batch,min,spread,b-fused,1,3,0,0.660402635,,,,,,,199436,1000000
small,batch,min,spread,b-hash,1,3,1,0.132936378,,,,,,,256260,1000000
small,batch,min,spread,b-hash-combine,1,3,2,0.162108809,,,,,,,270604,1000000
small,batch,min,spread,b-main,1,3,3,0.831458434,,,,,,,301836,1000000
small,batch,min,spread,b-weights,1,3,4,0.578626794,,,,,,,234252,1000000
small,batch,min,spread,b-weights-combine,1,3,5,0.2441352,,,,,,,260880,1000000
small,batch,min,spread,b-hash,1,4,0,0.13639151,,,,,,,256260,1000000
small,batch,min,spread,b-hash-combine,1,4,1,0.167232587,,,,,,,270600,1000000
small,batch,min,spread,b-main,1,4,2,0.827914337,,,,,,,301836,1000000
small,batch,min,spread,b-weights,1,4,3,0.579051413,,,,,,,234252,1000000
small,batch,min,spread,b-weights-combine,1,4,4,0.241051712,,,,,,,260876,1000000
small,batch,min,spread,b-fused,1,4,5,0.653552328,,,,,,,199432,1000000
small,batch,max,local,b-hash-combine,1,-1,0,0.161606528,,,,,,,270600,1000000
small,batch,max,local,b-main,1,-1,1,0.831929026,,,,,,,301840,1000000
small,batch,max,local,b-weights,1,-1,2,0.581096914,,,,,,,234256,1000000
small,batch,max,local,b-weights-combine,1,-1,3,0.242888253,,,,,,,260876,1000000
small,batch,max,local,b-fused,1,-1,4,0.688919608,,,,,,,199428,1000000
small,batch,max,local,b-hash,1,-1,5,0.130626554,,,,,,,256264,1000000
small,batch,max,local,b-main,1,0,0,0.831910641,,,,,,,301836,1000000
small,batch,max,local,b-weights,1,0,1,0.580506729,,,,,,,234248,1000000
small,batch,max,local,b-weights-combine,1,0,2,0.243818005,,,,,,,260876,1000000
small,batch,max,local,b-fused,1,0,3,0.686383952,,,,,,,199436,1000000
small,batch,max,local,b-hash,1,0,4,0.13368467,,,,,,,256264,1000000
small,batch,max,local,b-hash-combine,1,0,5,0.1704664,,,,,,,270600,1000000
small,batch,max,local,b-weights,1,1,0,0.581556633,,,,,,,234256,1000000
small,batch,max,local,b-weights-combine,1,1,1,0.244062272,,,,,,,260876,1000000
small,batch,max,local,b-fused,1,1,2,0.687967207,,,,,,,198920,1000000
small,batch,max,local,b-hash,1,1,3,0.131788288,,,,,,,256264,1000000
small,batch,max,local,b-hash-combine,1,1,4,0.161789411,,,,,,,270600,1000000
small,batch,max,local,b-main,1,1,5,0.831997611,,,,,,,301836,1000000
small,batch,max,local,b-weights-combine,1,2,0,0.242423825,,,,,,,260880,1000000
small,batch,max,local,b-fused,1,2,1,0.689595506,,,,,,,198920,1000000
small,batch,max,local,b-hash,1,2,2,0.137633895,,,,,,,256264,1000000
small,batch,max,local,b-hash-combine,1,2,3,0.163481229,,,,,,,270600,1000000
small,batch,max,local,b-main,1,2,4,0.830159892,,,,,,,301836,1000000
small,batch,max,local,b-weights,1,2,5,0.576934868,,,,,,,234252,1000000
small,batch,max,local,b-fused,1,3,0,0.685083866,,,,,,,198920,1000000
small,batch,max,local,b-hash,1,3,1,0.141114977,,,,,,,256260,1000000
small,batch,max,local,b-hash-combine,1,3,2,0.162956087,,,,,,,270600,1000000
small,batch,max,local,b-main,1,3,3,0.830198064,,,,,,,301840,1000000
small,batch,max,local,b-weights,1,3,4,0.579015123,,,,,,,234248,1000000
small,batch,max,local,b-weights-combine,1,3,5,0.244421226,,,,,,,260880,1000000
small,batch,max,local,b-hash,1,4,0,0.130520934,,,,,,,256260,1000000
small,batch,max,local,b-hash-combine,1,4,1,0.16345386,,,,,,,270600,1000000
small,batch,max,local,b-main,1,4,2,0.831096536,,,,,,,301840,1000000
small,batch,max,local,b-weights,1,4,3,0.581671398,,,,,,,234256,1000000
small,batch,max,local,b-weights-combine,1,4,4,0.247660705,,,,,,,260876,1000000
small,batch,max,local,b-fused,1,4,5,0.687094953,,,,,,,198920,1000000
small,batch,max,spread,b-hash-combine,1,-1,0,0.162207795,,,,,,,270600,1000000
small,batch,max,spread,b-main,1,-1,1,0.828917381,,,,,,,301840,1000000
small,batch,max,spread,b-weights,1,-1,2,0.580043251,,,,,,,234256,1000000
small,batch,max,spread,b-weights-combine,1,-1,3,0.24913083,,,,,,,260876,1000000
small,batch,max,spread,b-fused,1,-1,4,0.690415385,,,,,,,199432,1000000
small,batch,max,spread,b-hash,1,-1,5,0.133856821,,,,,,,256260,1000000
small,batch,max,spread,b-main,1,0,0,0.829809381,,,,,,,301836,1000000
small,batch,max,spread,b-weights,1,0,1,0.578541945,,,,,,,234252,1000000
small,batch,max,spread,b-weights-combine,1,0,2,0.242043731,,,,,,,260880,1000000
small,batch,max,spread,b-fused,1,0,3,0.687032349,,,,,,,198920,1000000
small,batch,max,spread,b-hash,1,0,4,0.131741098,,,,,,,256260,1000000
small,batch,max,spread,b-hash-combine,1,0,5,0.163504062,,,,,,,270600,1000000
small,batch,max,spread,b-weights,1,1,0,0.579930914,,,,,,,234252,1000000
small,batch,max,spread,b-weights-combine,1,1,1,0.245263653,,,,,,,260876,1000000
small,batch,max,spread,b-fused,1,1,2,0.689387958,,,,,,,198924,1000000
small,batch,max,spread,b-hash,1,1,3,0.138514817,,,,,,,256260,1000000
small,batch,max,spread,b-hash-combine,1,1,4,0.169160095,,,,,,,270600,1000000
small,batch,max,spread,b-main,1,1,5,0.830414802,,,,,,,301840,1000000
small,batch,max,spread,b-weights-combine,1,2,0,0.242717128,,,,,,,260876,1000000
small,batch,max,spread,b-fused,1,2,1,0.684634105,,,,,,,198924,1000000
small,batch,max,spread,b-hash,1,2,2,0.131941005,,,,,,,256260,1000000
small,batch,max,spread,b-hash-combine,1,2,3,0.162662476,,,,,,,270600,1000000
small,batch,max,spread,b-main,1,2,4,0.829368251,,,,,,,301836,1000000
small,batch,max,spread,b-weights,1,2,5,0.581638054,,,,,,,234256,1000000
small,batch,max,spread,b-fused,1,3,0,0.69117736,,,,,,,199436,1000000
small,batch,max,spread,b-hash,1,3,1,0.13497099,,,,,,,256264,1000000
small,batch,max,spread,b-hash-combine,1,3,2,0.173352789,,,,,,,270600,1000000
small,batch,max,spread,b-main,1,3,3,0.83454658,,,,,,,301836,1000000
small,batch,max,spread,b-weights,1,3,4,0.578833381,,,,,,,234256,1000000
small,batch,max,spread,b-weights-combine,1,3,5,0.244194744,,,,,,,260876,1000000
small,batch,max,spread,b-hash,1,4,0,0.13358283,,,,,,,256260,1000000
small,batch,max,spread,b-hash-combine,1,4,1,0.163632332,,,,,,,270604,1000000
small,batch,max,spread,b-main,1,4,2,0.832836213,,,,,,,301836,1000000
small,batch,max,spread,b-weights,1,4,3,0.582682919,,,,,,,234248,1000000
small,batch,max,spread,b-weights-combine,1,4,4,0.241616525,,,,,,,260876,1000000
small,batch,max,spread,b-fused,1,4,5,0.69075106,,,,,,,198924,1000000
small,batch,sum,local,b-hash-combine,1,-1,0,0.515157945,,,,,,,538904,1000000
small,batch,sum,local,b-main,1,-1,1,0.831941417,,,,,,,301840,1000000
small,batch,sum,local,b-fused,1,-1,2,0.690718649,,,,,,,199436,1000000
small,batch,sum,local,b-hash,1,-1,3,0.351060182,,,,,,,469264,1000000
small,batch,sum,local,b-main,1,0,0,0.828972546,,,,,,,301836,1000000
small,batch,sum,local,b-fused,1,0,1,0.684188095,,,,,,,198920,1000000
small,batch,sum,local,b-hash,1,0,2,0.34824332,,,,,,,469264,1000000
small,batch,sum,local,b-hash-combine,1,0,3,0.527321197,,,,,,,538908,1000000
small,batch,sum,local,b-fused,1,1,0,0.686794937,,,,,,,199436,1000000
small,batch,sum,local,b-hash,1,1,1,0.348453563,,,,,,,469264,1000000
small,batch,sum,local,b-hash-combine,1,1,2,0.518937665,,,,,,,538904,1000000
small,batch,sum,local,b-main,1,1,3,0.827092823,,,,,,,301836,1000000
small,batch,sum,local,b-hash,1,2,0,0.354922118,,,,,,,469260,1000000
small,batch,sum,local,b-hash-combine,1,2,1,0.521506997,,,,,,,538904,1000000
small,batch,sum,local,b-main,1,2,2,0.826778995,,,,,,,301836,1000000
small,batch,sum,local,b-fused,1,2,3,0.692184086,,,,,,,198916,1000000
small,batch,sum,local,b-hash-combine,1,3,0,0.520006897,,,,,,,538908,1000000
small,batch,sum,local,b-main,1,3,1,0.827862056,,,,,,,301840,1000000
small,batch,sum,local,b-fused,1,3,2,0.686383053,,,,,,,198920,1000000
small,batch,sum,local,b-hash,1,3,3,0.349435416,,,,,,,469260,1000000
small,batch,sum,local,b-main,1,4,0,0.829671775,,,,,,,301836,1000000
small,batch,sum,local,b-fused,1,4,1,0.68899226,,,,,,,199428,1000000
small,batch,sum,local,b-hash,1,4,2,0.357914487,,,,,,,469260,1000000
small,batch,sum,local,b-hash-combine,1,4,3,0.522443973,,,,,,,538908,1000000
small,batch,sum,spread,b-hash-combine,1,-1,0,0.519329008,,,,,,,538908,1000000
small,batch,sum,spread,b-main,1,-1,1,0.831824758,,,,,,,301840,1000000
small,batch,sum,spread,b-fused,1,-1,2,0.686100919,,,,,,,198916,1000000
small,batch,sum,spread,b-hash,1,-1,3,0.34901527,,,,,,,469260,1000000
small,batch,sum,spread,b-main,1,0,0,0.832105971,,,,,,,301836,1000000
small,batch,sum,spread,b-fused,1,0,1,0.686049228,,,,,,,199432,1000000
small,batch,sum,spread,b-hash,1,0,2,0.3511996,,,,,,,469260,1000000
small,batch,sum,spread,b-hash-combine,1,0,3,0.520526296,,,,,,,538904,1000000
small,batch,sum,spread,b-fused,1,1,0,0.683191035,,,,,,,199428,1000000
small,batch,sum,spread,b-hash,1,1,1,0.347661764,,,,,,,469260,1000000
small,batch,sum,spread,b-hash-combine,1,1,2,0.515428739,,,,,,,538908,1000000
small,batch,sum,spread,b-main,1,1,3,0.824750232,,,,,,,301836,1000000
small,batch,sum,spread,b-hash,1,2,0,0.349521668,,,,,,,469264,1000000
small,batch,sum,spread,b-hash-combine,1,2,1,0.519366955,,,,,,,538904,1000000
small,batch,sum,spread,b-main,1,2,2,0.827832139,,,,,,,301836,1000000
small,batch,sum,spread,b-fused,1,2,3,0.690443071,,,,,,,199436,1000000
small,batch,sum,spread,b-hash-combine,1,3,0,0.517732228,,,,,,,538904,1000000
small,batch,sum,spread,b-main,1,3,1,0.828872896,,,,,,,301836,1000000
small,batch,sum,spread,b-fused,1,3,2,0.686186849,,,,,,,198916,1000000
small,batch,sum,spread,b-hash,1,3,3,0.347962203,,,,,,,469260,1000000
small,batch,sum,spread,b-main,1,4,0,0.828839985,,,,,,,301836,1000000
small,batch,sum,spread,b-fused,1,4,1,0.686898533,,,,,,,198920,1000000
small,batch,sum,spread,b-hash,1,4,2,0.352451221,,,,,,,469264,1000000
small,batch,sum,spread,b-hash-combine,1,4,3,0.515065534,,,,,,,538904,1000000
small,batch,count,local,b-hash-combine,1,-1,0,0.518342251,,,,,,,538904,1000000
small,batch,count,local,b-main,1,-1,1,0.827361449,,,,,,,301836,1000000
small,batch,count,local,b-fused,1,-1,2,0.688717744,,,,,,,198920,1000000
small,batch,count,local,b-hash,1,-1,3,0.352184529,,,,,,,469260,1000000
small,batch,count,local,b-main,1,0,0,0.826258973,,,,,,,301836,1000000
small,batch,count,local,b-fused,1,0,1,0.684484417,,,,,,,199436,1000000
small,batch,count,local,b-hash,1,0,2,0.353174913,,,,,,,469260,1000000
small,batch,count,local,b-hash-combine,1,0,3,0.516028373,,,,,,,538904,1000000
small,batch,count,local,b-fused,1,1,0,0.685049052,,,,,,,198924,1000000
small,batch,count,local,b-hash,1,1,1,0.348014448,,,,,,,469260,1000000
small,batch,count,local,b-hash-combine,1,1,2,0.513179626,,,,,,,538908,1000000
small,batch,count,local,b-main,1,1,3,0.828497827,,,,,,,301836,1000000
small,batch,count,local,b-hash,1,2,0,0.349204067,,,,,,,469260,1000000
small,batch,count,local,b-hash-combine,1,2,1,0.513947319,,,,,,,538904,1000000
small,batch,count,local,b-main,1,2,2,0.832577423,,,,,,,301836,1000000
small,batch,count,local,b-fused,1,2,3,0.689994226,,,,,,,199432,1000000
small,batch,count,local,b-hash-combine,1,3,0,0.516026514,,,,,,,538904,1000000
small,batch,count,local,b-main,1,3,1,0.824298158,,,,,,,301840,1000000
small,batch,count,local,b-fused,1,3,2,0.686517916,,,,,,,198924,1000000
small,batch,count,local,b-hash,1,3,3,0.348746676,,,,,,,469264,1000000
small,batch,count,local,b-main,1,4,0,0.831190166,,,,,,,301840,1000000
small,batch,count,local,b-fused,1,4,1,0.685608242,,,,,,,198920,1000000
small,batch,count,local,b-hash,1,4,2,0.35543441,,,,,,,469264,1000000
small,batch,count,local,b-hash-combine,1,4,3,0.520097463,,,,,,,538908,1000000
small,batch,count,spread,b-hash-combine,1,-1,0,0.520690328,,,,,,,538904,1000000
small,batch,count,spread,b-main,1,-1,1,0.83232924,,,,,,,301836,1000000
small,batch,count,spread,b-fused,1,-1,2,0.686135071,,,,,,,199432,1000000
small,batch,count,spread,b-hash,1,-1,3,0.351046329,,,,,,,469264,1000000
small,batch,count,spread,b-main,1,0,0,0.82884759,,,,,,,301836,1000000
small,batch,count,spread,b-fused,1,0,1,0.687294814,,,,,,,198920,1000000
small,batch,count,spread,b-hash,1,0,2,0.349107498,,,,,,,469260,1000000
small,batch,count,spread,b-hash-combine,1,0,3,0.520102527,,,,,,,538904,1000000
small,batch,count,spread,b-fused,1,1,0,0.684360868,,,,,,,198924,1000000
small,batch,count,spread,b-hash,1,1,1,0.35017617,,,,,,,469260,1000000
small,batch,count,spread,b-hash-combine,1,1,2,0.518515216,,,,,,,538904,1000000
small,batch,count,spread,b-main,1,1,3,0.828768641,,,,,,,301836,1000000
small,batch,count,spread,b-hash,1,2,0,0.349025831,,,,,,,469260,1000000
small,batch,count,spread,b-hash-combine,1,2,1,0.519384621,,,,,,,538908,1000000
small,batch,count,spread,b-main,1,2,2,0.832121919,,,,,,,301836,1000000
small,batch,count,spread,b-fused,1,2,3,0.686529514,,,,,,,199436,1000000
small,batch,count,spread,b-hash-combine,1,3,0,0.515830207,,,,,,,538904,1000000
small,batch,count,spread,b-main,1,3,1,0.830142002,,,,,,,301836,1000000
small,batch,count,spread,b-fused,1,3,2,0.686173743,,,,,,,199432,1000000
small,batch,count,spread,b-hash,1,3,3,0.3526329,,,,,,,469264,1000000
small,batch,count,spread,b-main,1,4,0,0.830712917,,,,,,,301836,1000000
small,batch,count,spread,b-fused,1,4,1,0.685138023,,,,,,,198920,1000000
small,batch,count,spread,b-hash,1,4,2,0.348748647,,,,,,,469264,1000000
small,batch,count,spread,b-hash-combine,1,4,3,0.51485522,,,,,,,538908,1000000
large,batch,min,local,b-hash-combine,1,-1,0,0.034630943,,,,,,,196872,1000
large,batch,min,local,b-main,1,-1,1,0.779522606,,,,,,,301840,1000
large,batch,min,local,b-weights,1,-1,2,0.188645959,,,,,,,233740,1000
large,batch,min,local,b-weights-combine,1,-1,3,0.034210095,,,,,,,197384,1000
large,batch,min,local,b-fused,1,-1,4,0.695411959,,,,,,,199432,1000
large,batch,min,local,b-hash,1,-1,5,0.034855293,,,,,,,196864,1000
large,batch,min,local,b-main,1,0,0,0.780385451,,,,,,,301836,1000
large,batch,min,local,b-weights,1,0,1,0.188606675,,,,,,,234252,1000
large,batch,min,local,b-weights-combine,1,0,2,0.03398879,,,,,,,196872,1000
large,batch,min,local,b-fused,1,0,3,0.69782625,,,,,,,198924,1000
large,batch,min,local,b-hash,1,0,4,0.035827634,,,,,,,196868,1000
large,batch,min,local,b-hash-combine,1,0,5,0.033861812,,,,,,,196872,1000
large,batch,min,local,b-weights,1,1,0,0.188976338,,,,,,,234256,1000
large,batch,min,local,b-weights-combine,1,1,1,0.033972218,,,,,,,196872,1000
large,batch,min,local,b-fused,1,1,2,0.695864766,,,,,,,199432,1000
large,batch,min,local,b-hash,1,1,3,0.035010593,,,,,,,196868,1000
large,batch,min,local,b-hash-combine,1,1,4,0.034214573,,,,,,,196872,1000
large,batch,min,local,b-main,1,1,5,0.782063051,,,,,,,301840,1000
large,batch,min,local,b-weights-combine,1,2,0,0.03393059,,,,,,,197384,1000
large,batch,min,local,b-fused,1,2,1,0.696501404,,,,,,,199436,1000
large,batch,min,local,b-hash,1,2,2,0.035369946,,,,,,,196864,1000
large,batch,min,local,b-hash-combine,1,2,3,0.034342161,,,,,,,196868,1000
large,batch,min,local,b-main,1,2,4,0.780172516,,,,,,,301836,1000
large,batch,min,local,b-weights,1,2,5,0.189364059,,,,,,,233740,1000
large,batch,min,local,b-fused,1,3,0,0.706892806,,,,,,,198920,1000
large,batch,min,local,b-hash,1,3,1,0.034983913,,,,,,,196864,1000
large,batch,min,local,b-hash-combine,1,3,2,0.034135614,,,,,,,196868,1000
large,batch,min,local,b-main,1,3,3,0.781436894,,,,,,,301836,1000
large,batch,min,local,b-weights,1,3,4,0.188300017,,,,,,,233740,1000
large,batch,min,local,b-weights-combine,1,3,5,0.034651019,,,,,,,196868,1000
large,batch,min,local,b-hash,1,4,0,0.034740598,,,,,,,196868,1000
large,batch,min,local,b-hash-combine,1,4,1,0.033824342,,,,,,,196868,1000
large,batch,min,local,b-main,1,4,2,0.779824875,,,,,,,301836,1000
large,batch,min,local,b-weights,1,4,3,0.188977205,,,,,,,234252,1000
large,batch,min,local,b-weights-combine,1,4,4,0.033886108,,,,,,,196872,1000
large,batch,min,local,b-fused,1,4,5,0.694691324,,,,,,,199432,1000
large,batch,min,spread,b-hash-combine,1,-1,0,0.034120767,,,,,,,196868,1000
large,batch,min,spread,b-main,1,-1,1,0.776795674,,,,,,,301836,1000
large,batch,min,spread,b-weights,1,-1,2,0.188873702,,,,,,,234252,1000
large,batch,min,spread,b-weights-combine,1,-1,3,0.03410648,,,,,,,197384,1000
large,batch,min,spread,b-fused,1,-1,4,0.696108651,,,,,,,199432,1000
large,batch,min,spread,b-hash,1,-1,5,0.034932156,,,,,,,196864,1000
large,batch,min,spread,b-main,1,0,0,0.781471051,,,,,,,301836,1000
large,batch,min,spread,b-weights,1,0,1,0.188794204,,,,,,,233744,1000
large,batch,min,spread,b-weights-combine,1,0,2,0.034224561,,,,,,,197380,1000
large,batch,min,spread,b-fused,1,0,3,0.697804978,,,,,,,199436,1000
large,batch,min,spread,b-hash,1,0,4,0.034797414,,,,,,,196868,1000
large,batch,min,spread,b-hash-combine,1,0,5,0.033886157,,,,,,,196868,1000
large,batch,min,spread,b-weights,1,1,0,0.188321799,,,,,,,234252,1000
large,batch,min,spread,b-weights-combine,1,1,1,0.034062708,,,,,,,197384,1000
large,batch,min,spread,b-fused,1,1,2,0.69530748,,,,,,,198920,1000
large,batch,min,spread,b-hash,1,1,3,0.03533484,,,,,,,196864,1000
large,batch,min,spread,b-hash-combine,1,1,4,0.034232236,,,,,,,196872,1000
large,batch,min,spread,b-main,1,1,5,0.778861594,,,,,,,301840,1000
large,batch,min,spread,b-weights-combine,1,2,0,0.033868995,,,,,,,197384,1000
large,batch,min,spread,b-fused,1,2,1,0.696413439,,,,,,,199432,1000
large,batch,min,spread,b-hash,1,2,2,0.035172818,,,,,,,196864,1000
large,batch,min,spread,b-hash-combine,1,2,3,0.033993379,,,,,,,196872,1000
large,batch,min,spread,b-main,1,2,4,0.782325478,,,,,,,301836,1000
large,batch,min,spread,b-weights,1,2,5,0.188477684,,,,,,,233736,1000
large,batch,min,spread,b-fused,1,3,0,0.695340135,,,,,,,198920,1000
large,batch,min,spread,b-hash,1,3,1,0.035004783,,,,,,,196864,1000
large,batch,min,spread,b-hash-combine,1,3,2,0.034197211,,,,,,,196868,1000
large,batch,min,spread,b-main,1,3,3,0.781633,,,,,,,301840,1000
large,batch,min,spread,b-weights,1,3,4,0.188680685,,,,,,,234256,1000
large,batch,min,spread,b-weights-combine,1,3,5,0.034002907,,,,,,,197380,1000
large,batch,min,spread,b-hash,1,4,0,0.035000364,,,,,,,196864,1000
large,batch,min,spread,b-hash-combine,1,4,1,0.034114426,,,,,,,196872,1000
large,batch,min,spread,b-main,1,4,2,0.778558953,,,,,,,301836,1000
large,batch,min,spread,b-weights,1,4,3,0.18912195,,,,,,,234252,1000
large,batch,min,spread,b-weights-combine,1,4,4,0.033732389,,,,,,,197384,1000
large,batch,min,spread,b-fused,1,4,5,0.695050464,,,,,,,199436,1000
large,batch,max,local,b-hash-combine,1,-1,0,0.034125416,,,,,,,196872,1000
large,batch,max,local,b-main,1,-1,1,0.786553183,,,,,,,301840,1000
large,batch,max,local,b-weights,1,-1,2,0.189573164,,,,,,,234248,1000
large,batch,max,local,b-weights-combine,1,-1,3,0.034088543,,,,,,,197388,1000
large,batch,max,local,b-fused,1,-1,4,0.733199034,,,,,,,198916,1000
large,batch,max,local,b-hash,1,-1,5,0.034728883,,,,,,,196864,1000
large,batch,max,local,b-main,1,0,0,0.785086377,,,,,,,301840,1000
large,batch,max,local,b-weights,1,0,1,0.189652723,,,,,,,234252,1000
large,batch,max,local,b-weights-combine,1,0,2,0.034378788,,,,,,,197384,1000
large,batch,max,local,b-fused,1,0,3,0.726126019,,,,,,,199436,1000
large,batch,max,local,b-hash,1,0,4,0.034605502,,,,,,,196864,1000
large,batch,max,local,b-hash-combine,1,0,5,0.034063807,,,,,,,196868,1000
large,batch,max,local,b-weights,1,1,0,0.191145137,,,,,,,234252,1000
large,batch,max,local,b-weights-combine,1,1,1,0.033972787,,,,,,,197388,1000
large,batch,max,local,b-fused,1,1,2,0.722860834,,,,,,,198920,1000
large,batch,max,local,b-hash,1,1,3,0.034660295,,,,,,,196864,1000
large,batch,max,local,b-hash-combine,1,1,4,0.033800925,,,,,,,196864,1000
large,batch,max,local,b-main,1,1,5,0.784569429,,,,,,,301836,1000
large,batch,max,local,b-weights-combine,1,2,0,0.034157584,,,,,,,197380,1000
large,batch,max,local,b-fused,1,2,1,0.733248366,,,,,,,199436,1000
large,batch,max,local,b-hash,1,2,2,0.034483574,,,,,,,196868,1000
large,batch,max,local,b-hash-combine,1,2,3,0.034204712,,,,,,,196868,1000
large,batch,max,local,b-main,1,2,4,0.7794691,,,,,,,301836,1000
large,batch,max,local,b-weights,1,2,5,0.188509004,,,,,,,234256,1000
large,batch,max,local,b-fused,1,3,0,0.72606176,,,,,,,198920,1000
large,batch,max,local,b-hash,1,3,1,0.034430568,,,,,,,196864,1000
large,batch,max,local,b-hash-combine,1,3,2,0.033825825,,,,,,,196868,1000
large,batch,max,local,b-main,1,3,3,0.783564953,,,,,,,301840,1000
large,batch,max,local,b-weights,1,3,4,0.190548194,,,,,,,234256,1000
large,batch,max,local,b-weights-combine,1,3,5,0.033916285,,,,,,,197384,1000
large,batch,max,local,b-hash,1,4,0,0.034376306,,,,,,,196860,1000
large,batch,max,local,b-hash-combine,1,4,1,0.034305364,,,,,,,196868,1000
large,batch,max,local,b-main,1,4,2,0.779656572,,,,,,,301836,1000
large,batch,max,local,b-weights,1,4,3,0.189590169,,,,,,,234252,1000
large,batch,max,local,b-weights-combine,1,4,4,0.034219302,,,,,,,197384,1000
large,batch,max,local,b-fused,1,4,5,0.724240981,,,,,,,199436,1000
large,batch,max,spread,b-hash-combine,1,-1,0,0.034243267,,,,,,,196872,1000
large,batch,max,spread,b-main,1,-1,1,0.784135632,,,,,,,301840,1000
large,batch,max,spread,b-weights,1,-1,2,0.189893647,,,,,,,234252,1000
large,batch,max,spread,b-weights-combine,1,-1,3,0.034404089,,,,,,,197384,1000
large,batch,max,spread,b-fused,1,-1,4,0.728289622,,,,,,,198924,1000
large,batch,max,spread,b-hash,1,-1,5,0.034662521,,,,,,,196864,1000
large,batch,max,spread,b-main,1,0,0,0.785751734,,,,,,,301836,1000
large,batch,max,spread,b-weights,1,0,1,0.190400668,,,,,,,234252,1000
large,batch,max,spread,b-weights-combine,1,0,2,0.034444623,,,,,,,197384,1000
large,batch,max,spread,b-fused,1,0,3,0.725386594,,,,,,,198920,1000
large,batch,max,spread,b-hash,1,0,4,0.034583002,,,,,,,196864,1000
large,batch,max,spread,b-hash-combine,1,0,5,0.034375383,,,,,,,196872,1000
large,batch,max,spread,b-weights,1,1,0,0.190371895,,,,,,,234252,1000
large,batch,max,spread,b-weights-combine,1,1,1,0.034306735,,,,,,,197388,1000
large,batch,max,spread,b-fused,1,1,2,0.7271781,,,,,,,199432,1000
large,batch,max,spread,b-hash,1,1,3,0.035016884,,,,,,,196864,1000
large,batch,max,spread,b-hash-combine,1,1,4,0.034484989,,,,,,,196868,1000
large,batch,max,spread,b-main,1,1,5,0.782014365,,,,,,,301836,1000
large,batch,max,spread,b-weights-combine,1,2,0,0.034255799,,,,,,,197384,1000
large,batch,max,spread,b-fused,1,2,1,0.727644674,,,,,,,199436,1000
large,batch,max,spread,b-hash,1,2,2,0.034871873,,,,,,,196864,1000
large,batch,max,spread,b-hash-combine,1,2,3,0.034167574,,,,,,,196872,1000
large,batch,max,spread,b-main,1,2,4,0.778960825,,,,,,,301836,1000
large,batch,max,spread,b-weights,1,2,5,0.189310266,,,,,,,234252,1000
large,batch,max,spread,b-fused,1,3,0,0.727725848,,,,,,,199432,1000
large,batch,max,spread,b-hash,1,3,1,0.034825046,,,,,,,196864,1000
large,batch,max,spread,b-hash-combine,1,3,2,0.034225433,,,,,,,196868,1000
large,batch,max,spread,b-main,1,3,3,0.786842733,,,,,,,301836,1000
large,batch,max,spread,b-weights,1,3,4,0.190507382,,,,,,,234252,1000
large,batch,max,spread,b-weights-combine,1,3,5,0.034529733,,,,,,,197388,1000
large,batch,max,spread,b-hash,1,4,0,0.034756728,,,,,,,196860,1000
large,batch,max,spread,b-hash-combine,1,4,1,0.034377297,,,,,,,196868,1000
large,batch,max,spread,b-main,1,4,2,0.783189051,,,,,,,301836,1000
large,batch,max,spread,b-weights,1,4,3,0.189712924,,,,,,,234252,1000
large,batch,max,spread,b-weights-combine,1,4,4,0.034327103,,,,,,,197384,1000
large,batch,max,spread,b-fused,1,4,5,0.725145638,,,,,,,198920,1000
large,batch,sum,local,b-hash-combine,1,-1,0,0.34972476,,,,,,,538904,1000
large,batch,sum,local,b-main,1,-1,1,0.786314795,,,,,,,301836,1000
large,batch,sum,local,b-fused,1,-1,2,0.72717549,,,,,,,198924,1000
large,batch,sum,local,b-hash,1,-1,3,0.213057937,,,,,,,465164,1000
large,batch,sum,local,b-main,1,0,0,0.791170066,,,,,,,301836,1000
large,batch,sum,local,b-fused,1,0,1,0.728566453,,,,,,,198920,1000
large,batch,sum,local,b-hash,1,0,2,0.21345025,,,,,,,465164,1000
large,batch,sum,local,b-hash-combine,1,0,3,0.350095889,,,,,,,538908,1000
large,batch,sum,local,b-fused,1,1,0,0.725064123,,,,,,,199436,1000
large,batch,sum,local,b-hash,1,1,1,0.21376491,,,,,,,465164,1000
large,batch,sum,local,b-hash-combine,1,1,2,0.348908565,,,,,,,538904,1000
large,batch,sum,local,b-main,1,1,3,0.784504672,,,,,,,301836,1000
large,batch,sum,local,b-hash,1,2,0,0.213027317,,,,,,,465164,1000
large,batch,sum,local,b-hash-combine,1,2,1,0.348791587,,,,,,,538908,1000
large,batch,sum,local,b-main,1,2,2,0.784693536,,,,,,,301836,1000
large,batch,sum,local,b-fused,1,2,3,0.724910715,,,,,,,198924,1000
large,batch,sum,local,b-hash-combine,1,3,0,0.350047168,,,,,,,538908,1000
large,batch,sum,local,b-main,1,3,1,0.781880846,,,,,,,301836,1000
large,batch,sum,local,b-fused,1,3,2,0.728872971,,,,,,,198920,1000
large,batch,sum,local,b-hash,1,3,3,0.210040431,,,,,,,465164,1000
large,batch,sum,local,b-main,1,4,0,0.792453742,,,,,,,301840,1000
large,batch,sum,local,b-fused,1,4,1,0.724038214,,,,,,,198920,1000
large,batch,sum,local,b-hash,1,4,2,0.211863785,,,,,,,465164,1000
large,batch,sum,local,b-hash-combine,1,4,3,0.34565756,,,,,,,538904,1000
large,batch,sum,spread,b-hash-combine,1,-1,0,0.346871305,,,,,,,538908,1000
large,batch,sum,spread,b-main,1,-1,1,0.785227907,,,,,,,301836,1000
large,batch,sum,spread,b-fused,1,-1,2,0.726339485,,,,,,,198924,1000
large,batch,sum,spread,b-hash,1,-1,3,0.210648981,,,,,,,465164,1000
large,batch,sum,spread,b-main,1,0,0,0.77994953,,,,,,,301840,1000
large,batch,sum,spread,b-fused,1,0,1,0.723186536,,,,,,,199432,1000
large,batch,sum,spread,b-hash,1,0,2,0.210737767,,,,,,,465168,1000
large,batch,sum,spread,b-hash-combine,1,0,3,0.345835391,,,,,,,538904,1000
large,batch,sum,spread,b-fused,1,1,0,0.725726818,,,,,,,198920,1000
large,batch,sum,spread,b-hash,1,1,1,0.21006082,,,,,,,465168,1000
large,batch,sum,spread,b-hash-combine,1,1,2,0.348490686,,,,,,,538904,1000
large,batch,sum,spread,b-main,1,1,3,0.783761012,,,,,,,301840,1000
large,batch,sum,spread,b-hash,1,2,0,0.20994358,,,,,,,465164,1000
large,batch,sum,spread,b-hash-combine,1,2,1,0.346054983,,,,,,,538904,1000
large,batch,sum,spread,b-main,1,2,2,0.779781979,,,,,,,301836,1000
large,batch,sum,spread,b-fused,1,2,3,0.721993225,,,,,,,199432,1000
large,batch,sum,spread,b-hash-combine,1,3,0,0.345770681,,,,,,,538904,1000
large,batch,sum,spread,b-main,1,3,1,0.77887562,,,,,,,301840,1000
large,batch,sum,spread,b-fused,1,3,2,0.728532202,,,,,,,199436,1000
large,batch,sum,spread,b-hash,1,3,3,0.209637226,,,,,,,465164,1000
large,batch,sum,spread,b-main,1,4,0,0.782288324,,,,,,,301836,1000
large,batch,sum,spread,b-fused,1,4,1,0.724103454,,,,,,,198920,1000
large,batch,sum,spread,b-hash,1,4,2,0.211662644,,,,,,,465164,1000
large,batch,sum,spread,b-hash-combine,1,4,3,0.346953042,,,,,,,538904,1000
large,batch,count,local,b-hash-combine,1,-1,0,0.348076185,,,,,,,538904,1000
large,batch,count,local,b-main,1,-1,1,0.781786595,,,,,,,301836,1000
large,batch,count,local,b-fused,1,-1,2,0.726551699,,,,,,,199436,1000
large,batch,count,local,b-hash,1,-1,3,0.215142631,,,,,,,465164,1000
large,batch,count,local,b-main,1,0,0,0.835161486,,,,,,,301836,1000
large,batch,count,local,b-fused,1,0,1,0.724411962,,,,,,,198924,1000
large,batch,count,local,b-hash,1,0,2,0.210804817,,,,,,,465164,1000
large,batch,count,local,b-hash-combine,1,0,3,0.345987057,,,,,,,538904,1000
large,batch,count,local,b-fused,1,1,0,0.728431463,,,,,,,198924,1000
large,batch,count,local,b-hash,1,1,1,0.212281818,,,,,,,465164,1000
large,batch,count,local,b-hash-combine,1,1,2,0.347618477,,,,,,,538904,1000
large,batch,count,local,b-main,1,1,3,0.782713036,,,,,,,301840,1000
large,batch,count,local,b-hash,1,2,0,0.213316125,,,,,,,465168,1000
large,batch,count,local,b-hash-combine,1,2,1,0.347071102,,,,,,,538904,1000
large,batch,count,local,b-main,1,2,2,0.782529523,,,,,,,301836,1000
large,batch,count,local,b-fused,1,2,3,0.723719188,,,,,,,199432,1000
large,batch,count,local,b-hash-combine,1,3,0,0.347192218,,,,,,,538908,1000
large,batch,count,local,b-main,1,3,1,0.782208481,,,,,,,301840,1000
large,batch,count,local,b-fused,1,3,2,0.725120532,,,,,,,199436,1000
large,batch,count,local,b-hash,1,3,3,0.209956393,,,,,,,465164,1000
large,batch,count,local,b-main,1,4,0,0.780510762,,,,,,,301836,1000
large,batch,count,local,b-fused,1,4,1,0.727139082,,,,,,,198924,1000
large,batch,count,local,b-hash,1,4,2,0.212323001,,,,,,,465164,1000
large,batch,count,local,b-hash-combine,1,4,3,0.348861133,,,,,,,538904,1000
large,batch,count,spread,b-hash-combine,1,-1,0,0.34780136,,,,,,,538908,1000
large,batch,count,spread,b-main,1,-1,1,0.785338167,,,,,,,301836,1000
large,batch,count,spread,b-fused,1,-1,2,0.721512271,,,,,,,198920,1000
large,batch,count,spread,b-hash,1,-1,3,0.214306333,,,,,,,465168,1000
large,batch,count,spread,b-main,1,0,0,0.784259512,,,,,,,301836,1000
large,batch,count,spread,b-fused,1,0,1,0.724568741,,,,,,,198920,1000
large,batch,count,spread,b-hash,1,0,2,0.213500982,,,,,,,465164,1000
large,batch,count,spread,b-hash-combine,1,0,3,0.347055977,,,,,,,538904,1000
large,batch,count,spread,b-fused,1,1,0,0.732228511,,,,,,,198920,1000
large,batch,count,spread,b-hash,1,1,1,0.216177828,,,,,,,465168,1000
large,batch,count,spread,b-hash-combine,1,1,2,0.348020916,,,,,,,538904,1000
large,batch,count,spread,b-main,1,1,3,0.779622663,,,,,,,301836,1000
large,batch,count,spread,b-hash,1,2,0,0.210262085,,,,,,,465168,1000
large,batch,count,spread,b-hash-combine,1,2,1,0.346922432,,,,,,,538904,1000
large,batch,count,spread,b-main,1,2,2,0.781182382,,,,,,,301840,1000
large,batch,count,spread,b-fused,1,2,3,0.730255752,,,,,,,199432,1000
large,batch,count,spread,b-hash-combine,1,3,0,0.346629313,,,,,,,538904,1000
large,batch,count,spread,b-main,1,3,1,0.782001442,,,,,,,301840,1000
large,batch,count,spread,b-fused,1,3,2,0.729308443,,,,,,,198916,1000
large,batch,count,spread,b-hash,1,3,3,0.21100788,,,,,,,465164,1000
large,batch,count,spread,b-main,1,4,0,0.781607414,,,,,,,301836,1000
large,batch,count,spread,b-fused,1,4,1,0.725524015,,,,,,,199428,1000
large,batch,count,spread,b-hash,1,4,2,0.212985424,,,,,,,465164,1000
large,batch,count,spread,b-hash-combine,1,4,3,0.348825344,,,,,,,538908,1000
small-dup,batch,min,local,b-hash-combine,1,-1,0,0.067452842,,,,,,,200968,250000
small-dup,batch,min,local,b-main,1,-1,1,0.612280384,,,,,,,221964,250000
small-dup,batch,min,local,b-weights,1,-1,2,0.478932099,,,,,,,234248,250000
small-dup,batch,min,local,b-weights-combine,1,-1,3,0.087915492,,,,,,,203528,250000
small-dup,batch,min,local,b-fused,1,-1,4,0.562565089,,,,,,,196876,250000
small-dup,batch,min,local,b-hash,1,-1,5,0.062977669,,,,,,,198912,250000
small-dup,batch,min,local,b-main,1,0,0,0.612778848,,,,,,,221960,250000
small-dup,batch,min,local,b-weights,1,0,1,0.478953548,,,,,,,234256,250000
small-dup,batch,min,local,b-weights-combine,1,0,2,0.087511986,,,,,,,203532,250000
small-dup,batch,min,local,b-fused,1,0,3,0.560699664,,,,,,,197380,250000
small-dup,batch,min,local,b-hash,1,0,4,0.061826122,,,,,,,198908,250000
small-dup,batch,min,local,b-hash-combine,1,0,5,0.067546467,,,,,,,200964,250000
small-dup,batch,min,local,b-weights,1,1,0,0.479683947,,,,,,,234252,250000
small-dup,batch,min,local,b-weights-combine,1,1,1,0.086590861,,,,,,,203016,250000
small-dup,batch,min,local,b-fused,1,1,2,0.562921235,,,,,,,197384,250000
small-dup,batch,min,local,b-hash,1,1,3,0.061960944,,,,,,,198912,250000
small-dup,batch,min,local,b-hash-combine,1,1,4,0.067814208,,,,,,,200964,250000
small-dup,batch,min,local,b-main,1,1,5,0.615055192,,,,,,,221964,250000
small-dup,batch,min,local,b-weights-combine,1,2,0,0.086820162,,,,,,,203532,250000
small-dup,batch,min,local,b-fused,1,2,1,0.562354119,,,,,,,197384,250000
small-dup,batch,min,local,b-hash,1,2,2,0.062187946,,,,,,,198916,250000
small-dup,batch,min,local,b-hash-combine,1,2,3,0.067637493,,,,,,,200964,250000
small-dup,batch,min,local,b-main,1,2,4,0.615860285,,,,,,,221960,250000
small-dup,batch,min,local,b-weights,1,2,5,0.480730569,,,,,,,234256,250000
small-dup,batch,min,local,b-fused,1,3,0,0.559412439,,,,,,,196868,250000
small-dup,batch,min,local,b-hash,1,3,1,0.061925556,,,,,,,198912,250000
small-dup,batch,min,local,b-hash-combine,1,3,2,0.068609745,,,,,,,200968,250000
small-dup,batch,min,local,b-main,1,3,3,0.611781756,,,,,,,221960,250000
small-dup,batch,min,local,b-weights,1,3,4,0.478752144,,,,,,,234252,250000
small-dup,batch,min,local,b-weights-combine,1,3,5,0.08732595,,,,,,,203532,250000
small-dup,batch,min,local,b-hash,1,4,0,0.061848411,,,,,,,198912,250000
small-dup,batch,min,local,b-hash-combine,1,4,1,0.067340087,,,,,,,200964,250000
small-dup,batch,min,local,b-main,1,4,2,0.611138531,,,,,,,221964,250000
small-dup,batch,min,local,b-weights,1,4,3,0.480471244,,,,,,,234252,250000
small-dup,batch,min,local,b-weights-combine,1,4,4,0.087148628,,,,,,,203016,250000
small-dup,batch,min,local,b-fused,1,4,5,0.560981178,,,,,,,196868,250000
small-dup,batch,min,spread,b-hash-combine,1,-1,0,0.067562241,,,,,,,200964,250000
small-dup,batch,min,spread,b-main,1,-1,1,0.614263848,,,,,,,221964,250000
small-dup,batch,min,spread,b-weights,1,-1,2,0.480548065,,,,,,,234252,250000
small-dup,batch,min,spread,b-weights-combine,1,-1,3,0.087731316,,,,,,,203528,250000
small-dup,batch,min,spread,b-fused,1,-1,4,0.563021824,,,,,,,197384,250000
small-dup,batch,min,spread,b-hash,1,-1,5,0.061803906,,,,,,,198912,250000
small-dup,batch,min,spread,b-main,1,0,0,0.614975491,,,,,,,221964,250000
small-dup,batch,min,spread,b-weights,1,0,1,0.478643838,,,,,,,234256,250000
small-dup,batch,min,spread,b-weights-combine,1,0,2,0.087104683,,,,,,,203012,250000
small-dup,batch,min,spread,b-fused,1,0,3,0.563196101,,,,,,,197380,250000
small-dup,batch,min,spread,b-hash,1,0,4,0.062269778,,,,,,,198912,250000
small-dup,batch,min,spread,b-hash-combine,1,0,5,0.067772265,,,,,,,200964,250000
small-dup,batch,min,spread,b-weights,1,1,0,0.479275892,,,,,,,234252,250000
small-dup,batch,min,spread,b-weights-combine,1,1,1,0.088402623,,,,,,,203016,250000
small-dup,batch,min,spread,b-fused,1,1,2,0.559839013,,,,,,,196872,250000
small-dup,batch,min,spread,b-hash,1,1,3,0.061783448,,,,,,,198916,250000
small-dup,batch,min,spread,b-hash-combine,1,1,4,0.067221583,,,,,,,200964,250000
small-dup,batch,min,spread,b-main,1,1,5,0.613935363,,,,,,,221968,250000
small-dup,batch,min,spread,b-weights-combine,1,2,0,0.089394412,,,,,,,203532,250000
small-dup,batch,min,spread,b-fused,1,2,1,0.560600639,,,,,,,196872,250000
small-dup,batch,min,spread,b-hash,1,2,2,0.06191583,,,,,,,198912,250000
small-dup,batch,min,spread,b-hash-combine,1,2,3,0.06727481,,,,,,,200968,250000
small-dup,batch,min,spread,b-main,1,2,4,0.613998403,,,,,,,221964,250000
small-dup,batch,min,spread,b-weights,1,2,5,0.479116841,,,,,,,234256,250000
small-dup,batch,min,spread,b-fused,1,3,0,0.561131366,,,,,,,197384,250000
small-dup,batch,min,spread,b-hash,1,3,1,0.063550573,,,,,,,198916,250000
small-dup,batch,min,spread,b-hash-combine,1,3,2,0.067481547,,,,,,,200964,250000
small-dup,batch,min,spread,b-main,1,3,3,0.60975338,,,,,,,221964,250000
small-dup,batch,min,spread,b-weights,1,3,4,0.479217149,,,,,,,234256,250000
small-dup,batch,min,spread,b-weights-combine,1,3,5,0.086619453,,,,,,,203528,250000
small-dup,batch,min,spread,b-hash,1,4,0,0.061793251,,,,,,,198912,250000
small-dup,batch,min,spread,b-hash-combine,1,4,1,0.067098189,,,,,,,200964,250000
small-dup,batch,min,spread,b-main,1,4,2,0.611158652,,,,,,,221964,250000
small-dup,batch,min,spread,b-weights,1,4,3,0.478763379,,,,,,,234252,250000
small-dup,batch,min,spread,b-weights-combine,1,4,4,0.087698765,,,,,,,203532,250000
small-dup,batch,min,spread,b-fused,1,4,5,0.562649661,,,,,,,197384,250000
small-dup,batch,max,local,b-hash-combine,1,-1,0,0.067416732,,,,,,,200964,250000
small-dup,batch,max,local,b-main,1,-1,1,0.610740292,,,,,,,221964,250000
small-dup,batch,max,local,b-weights,1,-1,2,0.480295913,,,,,,,234252,250000
small-dup,batch,max,local,b-weights-combine,1,-1,3,0.086596249,,,,,,,203532,250000
small-dup,batch,max,local,b-fused,1,-1,4,0.568771701,,,,,,,197384,250000
small-dup,batch,max,local,b-hash,1,-1,5,0.061993841,,,,,,,198908,250000
small-dup,batch,max,local,b-main,1,0,0,0.615779275,,,,,,,221964,250000
small-dup,batch,max,local,b-weights,1,0,1,0.480725989,,,,,,,234252,250000
small-dup,batch,max,local,b-weights-combine,1,0,2,0.086507804,,,,,,,203524,250000
small-dup,batch,max,local,b-fused,1,0,3,0.570108404,,,,,,,196872,250000
small-dup,batch,max,local,b-hash,1,0,4,0.061685122,,,,,,,198912,250000
small-dup,batch,max,local,b-hash-combine,1,0,5,0.067884629,,,,,,,200964,250000
small-dup,batch,max,local,b-weights,1,1,0,0.480092122,,,,,,,234252,250000
small-dup,batch,max,local,b-weights-combine,1,1,1,0.087194097,,,,,,,203528,250000
small-dup,batch,max,local,b-fused,1,1,2,0.570508583,,,,,,,196872,250000
small-dup,batch,max,local,b-hash,1,1,3,0.062284465,,,,,,,198912,250000
small-dup,batch,max,local,b-hash-combine,1,1,4,0.068550271,,,,,,,200964,250000
small-dup,batch,max,local,b-main,1,1,5,0.610632633,,,,,,,221964,250000
small-dup,batch,max,local,b-weights-combine,1,2,0,0.087839249,,,,,,,203528,250000
small-dup,batch,max,local,b-fused,1,2,1,0.571449916,,,,,,,197384,250000
small-dup,batch,max,local,b-hash,1,2,2,0.061591328,,,,,,,198912,250000
small-dup,batch,max,local,b-hash-combine,1,2,3,0.067415782,,,,,,,200964,250000
small-dup,batch,max,local,b-main,1,2,4,0.610052208,,,,,,,221968,250000
small-dup,batch,max,local,b-weights,1,2,5,0.481946813,,,,,,,234252,250000
small-dup,batch,max,local,b-fused,1,3,0,0.568563889,,,,,,,196868,250000
small-dup,batch,max,local,b-hash,1,3,1,0.062120574,,,,,,,198912,250000
small-dup,batch,max,local,b-hash-combine,1,3,2,0.068453976,,,,,,,200964,250000
small-dup,batch,max,local,b-main,1,3,3,0.611249682,,,,,,,221968,250000
small-dup,batch,max,local,b-weights,1,3,4,0.480256326,,,,,,,234252,250000
small-dup,batch,max,local,b-weights-combine,1,3,5,0.090293282,,,,,,,203524,250000
small-dup,batch,max,local,b-hash,1,4,0,0.061916372,,,,,,,198912,250000
small-dup,batch,max,local,b-hash-combine,1,4,1,0.068013071,,,,,,,200968,250000
small-dup,batch,max,local,b-main,1,4,2,0.613173596,,,,,,,221968,250000
small-dup,batch,max,local,b-weights,1,4,3,0.480532424,,,,,,,234252,250000
small-dup,batch,max,local,b-weights-combine,1,4,4,0.088893641,,,,,,,203524,250000
small-dup,batch,max,local,b-fused,1,4,5,0.567424826,,,,,,,196876,250000
small-dup,batch,max,spread,b-hash-combine,1,-1,0,0.068184371,,,,,,,200964,250000
small-dup,batch,max,spread,b-main,1,-1,1,0.624875484,,,,,,,221964,250000
small-dup,batch,max,spread,b-weights,1,-1,2,0.481531426,,,,,,,234256,250000
small-dup,batch,max,spread,b-weights-combine,1,-1,3,0.086941728,,,,,,,203532,250000
small-dup,batch,max,spread,b-fused,1,-1,4,0.574905361,,,,,,,196876,250000
small-dup,batch,max,spread,b-hash,1,-1,5,0.061874228,,,,,,,198916,250000
small-dup,batch,max,spread,b-main,1,0,0,0.612678939,,,,,,,221960,250000
small-dup,batch,max,spread,b-weights,1,0,1,0.480708695,,,,,,,234252,250000
small-dup,batch,max,spread,b-weights-combine,1,0,2,0.087646207,,,,,,,203528,250000
small-dup,batch,max,spread,b-fused,1,0,3,0.571715477,,,,,,,197388,250000
small-dup,batch,max,spread,b-hash,1,0,4,0.061577031,,,,,,,198912,250000
small-dup,batch,max,spread,b-hash-combine,1,0,5,0.067705549,,,,,,,200968,250000
small-dup,batch,max,spread,b-weights,1,1,0,0.481382878,,,,,,,234252,250000
small-dup,batch,max,spread,b-weights-combine,1,1,1,0.088345857,,,,,,,203528,250000
small-dup,batch,max,spread,b-fused,1,1,2,0.566150183,,,,,,,196872,250000
small-dup,batch,max,spread,b-hash,1,1,3,0.061776575,,,,,,,198916,250000
small-dup,batch,max,spread,b-hash-combine,1,1,4,0.067545099,,,,,,,200964,250000
small-dup,batch,max,spread,b-main,1,1,5,0.609976808,,,,,,,221964,250000
small-dup,batch,max,spread,b-weights-combine,1,2,0,0.087261757,,,,,,,203528,250000
small-dup,batch,max,spread,b-fused,1,2,1,0.568372736,,,,,,,197384,250000
small-dup,batch,max,spread,b-hash,1,2,2,0.062033185,,,,,,,198916,250000
small-dup,batch,max,spread,b-hash-combine,1,2,3,0.067307233,,,,,,,200968,250000
small-dup,batch,max,spread,b-main,1,2,4,0.609738362,,,,,,,221964,250000
small-dup,batch,max,spread,b-weights,1,2,5,0.477423353,,,,,,,234252,250000
small-dup,batch,max,spread,b-fused,1,3,0,0.565921136,,,,,,,196868,250000
small-dup,batch,max,spread,b-hash,1,3,1,0.061540743,,,,,,,198912,250000
small-dup,batch,max,spread,b-hash-combine,1,3,2,0.067503501,,,,,,,200964,250000
small-dup,batch,max,spread,b-main,1,3,3,0.612593692,,,,,,,221960,250000
small-dup,batch,max,spread,b-weights,1,3,4,0.481209534,,,,,,,233740,250000
small-dup,batch,max,spread,b-weights-combine,1,3,5,0.088123712,,,,,,,203524,250000
small-dup,batch,max,spread,b-hash,1,4,0,0.061463609,,,,,,,198916,250000
small-dup,batch,max,spread,b-hash-combine,1,4,1,0.067462625,,,,,,,200964,250000
small-dup,batch,max,spread,b-main,1,4,2,0.611260224,,,,,,,221964,250000
small-dup,batch,max,spread,b-weights,1,4,3,0.477247044,,,,,,,234252,250000
small-dup,batch,max,spread,b-weights-combine,1,4,4,0.087569605,,,,,,,203528,250000
small-dup,batch,max,spread,b-fused,1,4,5,0.572846407,,,,,,,196872,250000
small-dup,batch,sum,local,b-hash-combine,1,-1,0,0.167474442,,,,,,,270600,250000
small-dup,batch,sum,local,b-main,1,-1,1,0.616411571,,,,,,,221964,250000
small-dup,batch,sum,local,b-fused,1,-1,2,0.572645395,,,,,,,197384,250000
small-dup,batch,sum,local,b-hash,1,-1,3,0.127870704,,,,,,,256260,250000
small-dup,batch,sum,local,b-main,1,0,0,0.620992925,,,,,,,221964,250000
small-dup,batch,sum,local,b-fused,1,0,1,0.572269009,,,,,,,197388,250000
small-dup,batch,sum,local,b-hash,1,0,2,0.132633015,,,,,,,256264,250000
small-dup,batch,sum,local,b-hash-combine,1,0,3,0.1680265,,,,,,,270604,250000
small-dup,batch,sum,local,b-fused,1,1,0,0.569062663,,,,,,,197388,250000
small-dup,batch,sum,local,b-hash,1,1,1,0.129617056,,,,,,,256260,250000
small-dup,batch,sum,local,b-hash-combine,1,1,2,0.16834725,,,,,,,270600,250000
small-dup,batch,sum,local,b-main,1,1,3,0.614889331,,,,,,,221964,250000
small-dup,batch,sum,local,b-hash,1,2,0,0.128927233,,,,,,,256264,250000
small-dup,batch,sum,local,b-hash-combine,1,2,1,0.167413621,,,,,,,270604,250000
small-dup,batch,sum,local,b-main,1,2,2,0.614673978,,,,,,,221960,250000
small-dup,batch,sum,local,b-fused,1,2,3,0.568320192,,,,,,,197384,250000
small-dup,batch,sum,local,b-hash-combine,1,3,0,0.166513815,,,,,,,270604,250000
small-dup,batch,sum,local,b-main,1,3,1,0.615658583,,,,,,,221964,250000
small-dup,batch,sum,local,b-fused,1,3,2,0.568045887,,,,,,,196872,250000
small-dup,batch,sum,local,b-hash,1,3,3,0.139709434,,,,,,,256260,250000
small-dup,batch,sum,local,b-main,1,4,0,0.619755525,,,,,,,221960,250000
small-dup,batch,sum,local,b-fused,1,4,1,0.570634907,,,,,,,197384,250000
small-dup,batch,sum,local,b-hash,1,4,2,0.129676044,,,,,,,256260,250000
small-dup,batch,sum,local,b-hash-combine,1,4,3,0.167931866,,,,,,,270600,250000
small-dup,batch,sum,spread,b-hash-combine,1,-1,0,0.16624115,,,,,,,270600,250000
small-dup,batch,sum,spread,b-main,1,-1,1,0.612716563,,,,,,,221968,250000
small-dup,batch,sum,spread,b-fused,1,-1,2,0.571461285,,,,,,,196872,250000
small-dup,batch,sum,spread,b-hash,1,-1,3,0.129493462,,,,,,,256260,250000
small-dup,batch,sum,spread,b-main,1,0,0,0.617673856,,,,,,,221964,250000
small-dup,batch,sum,spread,b-fused,1,0,1,0.570432367,,,,,,,197384,250000
small-dup,batch,sum,spread,b-hash,1,0,2,0.12796532,,,,,,,256260,250000
small-dup,batch,sum,spread,b-hash-combine,1,0,3,0.168283173,,,,,,,270604,250000
small-dup,batch,sum,spread,b-fused,1,1,0,0.571433693,,,,,,,196872,250000
small-dup,batch,sum,spread,b-hash,1,1,1,0.131191872,,,,,,,256260,250000
small-dup,batch,sum,spread,b-hash-combine,1,1,2,0.166572701,,,,,,,270600,250000
small-dup,batch,sum,spread,b-main,1,1,3,0.613385468,,,,,,,221960,250000
small-dup,batch,sum,spread,b-hash,1,2,0,0.126441025,,,,,,,256264,250000
small-dup,batch,sum,spread,b-hash-combine,1,2,1,0.168714833,,,,,,,270600,250000
small-dup,batch,sum,spread,b-main,1,2,2,0.612024776,,,,,,,221960,250000
small-dup,batch,sum,spread,b-fused,1,2,3,0.569488058,,,,,,,196876,250000
small-dup,batch,sum,spread,b-hash-combine,1,3,0,0.166757637,,,,,,,270600,250000
small-dup,batch,sum,spread,b-main,1,3,1,0.612835675,,,,,,,221964,250000
small-dup,batch,sum,spread,b-fused,1,3,2,0.574924561,,,,,,,196876,250000
small-dup,batch,sum,spread,b-hash,1,3,3,0.127763624,,,,,,,256260,250000
small-dup,batch,sum,spread,b-main,1,4,0,0.61464248,,,,,,,221964,250000
small-dup,batch,sum,spread,b-fused,1,4,1,0.569112404,,,,,,,196872,250000
small-dup,batch,sum,spread,b-hash,1,4,2,0.12843423,,,,,,,256264,250000
small-dup,batch,sum,spread,b-hash-combine,1,4,3,0.168119247,,,,,,,270600,250000
small-dup,batch,count,local,b-hash-combine,1,-1,0,0.169981505,,,,,,,270600,250000
small-dup,batch,count,local,b-main,1,-1,1,0.615041978,,,,,,,221960,250000
small-dup,batch,count,local,b-fused,1,-1,2,0.572253016,,,,,,,197384,250000
small-dup,batch,count,local,b-hash,1,-1,3,0.142697454,,,,,,,256264,250000
small-dup,batch,count,local,b-main,1,0,0,0.613232781,,,,,,,221964,250000
small-dup,batch,count,local,b-fused,1,0,1,0.572845234,,,,,,,197384,250000
small-dup,batch,count,local,b-hash,1,0,2,0.128325457,,,,,,,256260,250000
small-dup,batch,count,local,b-hash-combine,1,0,3,0.166868383,,,,,,,270600,250000
small-dup,batch,count,local,b-fused,1,1,0,0.569869942,,,,,,,197380,250000
small-dup,batch,count,local,b-hash,1,1,1,0.130534604,,,,,,,256260,250000
small-dup,batch,count,local,b-hash-combine,1,1,2,0.168726402,,,,,,,270600,250000
small-dup,batch,count,local,b-main,1,1,3,0.613362287,,,,,,,221964,250000
small-dup,batch,count,local,b-hash,1,2,0,0.128917135,,,,,,,256260,250000
small-dup,batch,count,local,b-hash-combine,1,2,1,0.167617335,,,,,,,270600,250000
small-dup,batch,count,local,b-main,1,2,2,0.612379837,,,,,,,221968,250000
small-dup,batch,count,local,b-fused,1,2,3,0.570467612,,,,,,,197380,250000
small-dup,batch,count,local,b-hash-combine,1,3,0,0.167365253,,,,,,,270600,250000
small-dup,batch,count,local,b-main,1,3,1,0.614447941,,,,,,,221964,250000
small-dup,batch,count,local,b-fused,1,3,2,0.570102258,,,,,,,197388,250000
small-dup,batch,count,local,b-hash,1,3,3,0.129752971,,,,,,,256260,250000
small-dup,batch,count,local,b-main,1,4,0,0.608956397,,,,,,,221964,250000
small-dup,batch,count,local,b-fused,1,4,1,0.571606094,,,,,,,197384,250000
small-dup,batch,count,local,b-hash,1,4,2,0.128844414,,,,,,,256260,250000
small-dup,batch,count,local,b-hash-combine,1,4,3,0.166520888,,,,,,,270604,250000
small-dup,batch,count,spread,b-hash-combine,1,-1,0,0.166957326,,,,,,,270600,250000
small-dup,batch,count,spread,b-main,1,-1,1,0.620412175,,,,,,,221964,250000
small-dup,batch,count,spread,b-fused,1,-1,2,0.572409771,,,,,,,196872,250000
small-dup,batch,count,spread,b-hash,1,-1,3,0.130999139,,,,,,,256260,250000
small-dup,batch,count,spread,b-main,1,0,0,0.618710148,,,,,,,221960,250000
small-dup,batch,count,spread,b-fused,1,0,1,0.571430377,,,,,,,197384,250000
small-dup,batch,count,spread,b-hash,1,0,2,0.126741104,,,,,,,256264,250000
small-dup,batch,count,spread,b-hash-combine,1,0,3,0.166925837,,,,,,,270600,250000
small-dup,batch,count,spread,b-fused,1,1,0,0.574518431,,,,,,,196876,250000
small-dup,batch,count,spread,b-hash,1,1,1,0.129368025,,,,,,,256260,250000
small-dup,batch,count,spread,b-hash-combine,1,1,2,0.167769026,,,,,,,270600,250000
small-dup,batch,count,spread,b-main,1,1,3,0.6185777,,,,,,,221960,250000
small-dup,batch,count,spread,b-hash,1,2,0,0.128220946,,,,,,,256264,250000
small-dup,batch,count,spread,b-hash-combine,1,2,1,0.167795967,,,,,,,270604,250000
small-dup,batch,count,spread,b-main,1,2,2,0.614645564,,,,,,,221964,250000
small-dup,batch,count,spread,b-fused,1,2,3,0.569287076,,,,,,,196868,250000
small-dup,batch,count,spread,b-hash-combine,1,3,0,0.16664743,,,,,,,270600,250000
small-dup,batch,count,spread,b-main,1,3,1,0.621284916,,,,,,,221960,250000
small-dup,batch,count,spread,b-fused,1,3,2,0.571235677,,,,,,,196876,250000
small-dup,batch,count,spread,b-hash,1,3,3,0.128854255,,,,,,,256264,250000
small-dup,batch,count,spread,b-main,1,4,0,0.616957291,,,,,,,221964,250000
small-dup,batch,count,spread,b-fused,1,4,1,0.569295584,,,,,,,197384,250000
small-dup,batch,count,spread,b-hash,1,4,2,0.128217733,,,,,,,256264,250000
small-dup,batch,count,spread,b-hash-combine,1,4,3,0.164891852,,,,,,,270600,250000
large-dup,batch,min,local,b-hash-combine,1,-1,0,0.034009177,,,,,,,196864,1000
large-dup,batch,min,local,b-main,1,-1,1,0.632543613,,,,,,,221960,1000
large-dup,batch,min,local,b-weights,1,-1,2,0.189778122,,,,,,,234252,1000
large-dup,batch,min,local,b-weights-combine,1,-1,3,0.034020308,,,,,,,197380,1000
large-dup,batch,min,local,b-fused,1,-1,4,0.607466846,,,,,,,197384,1000
large-dup,batch,min,local,b-hash,1,-1,5,0.035018978,,,,,,,196864,1000
large-dup,batch,min,local,b-main,1,0,0,0.637220473,,,,,,,221964,1000
large-dup,batch,min,local,b-weights,1,0,1,0.188218692,,,,,,,233740,1000
large-dup,batch,min,local,b-weights-combine,1,0,2,0.033863153,,,,,,,197384,1000
large-dup,batch,min,local,b-fused,1,0,3,0.607669456,,,,,,,197384,1000
large-dup,batch,min,local,b-hash,1,0,4,0.034885164,,,,,,,196864,1000
large-dup,batch,min,local,b-hash-combine,1,0,5,0.03403951,,,,,,,196868,1000
large-dup,batch,min,local,b-weights,1,1,0,0.188750557,,,,,,,234252,1000
large-dup,batch,min,local,b-weights-combine,1,1,1,0.034206142,,,,,,,197388,1000
large-dup,batch,min,local,b-fused,1,1,2,0.605485591,,,,,,,197384,1000
large-dup,batch,min,local,b-hash,1,1,3,0.034795877,,,,,,,196864,1000
large-dup,batch,min,local,b-hash-combine,1,1,4,0.033875533,,,,,,,196864,1000
large-dup,batch,min,local,b-main,1,1,5,0.636651982,,,,,,,221960,1000
large-dup,batch,min,local,b-weights-combine,1,2,0,0.034442655,,,,,,,197388,1000
large-dup,batch,min,local,b-fused,1,2,1,0.6107821,,,,,,,196872,1000
large-dup,batch,min,local,b-hash,1,2,2,0.034964402,,,,,,,196864,1000
large-dup,batch,min,local,b-hash-combine,1,2,3,0.034146831,,,,,,,196868,1000
large-dup,batch,min,local,b-main,1,2,4,0.629284893,,,,,,,221964,1000
large-dup,batch,min,local,b-weights,1,2,5,0.188646132,,,,,,,233744,1000
large-dup,batch,min,local,b-fused,1,3,0,0.610418629,,,,,,,196868,1000
large-dup,batch,min,local,b-hash,1,3,1,0.035180087,,,,,,,196864,1000
large-dup,batch,min,local,b-hash-combine,1,3,2,0.034095606,,,,,,,196868,1000
large-dup,batch,min,local,b-main,1,3,3,0.632507237,,,,,,,221964,1000
large-dup,batch,min,local,b-weights,1,3,4,0.189649601,,,,,,,234252,1000
large-dup,batch,min,local,b-weights-combine,1,3,5,0.034315397,,,,,,,197388,1000
large-dup,batch,min,local,b-hash,1,4,0,0.035180767,,,,,,,196860,1000
large-dup,batch,min,local,b-hash-combine,1,4,1,0.034331627,,,,,,,196868,1000
large-dup,batch,min,local,b-main,1,4,2,0.632833779,,,,,,,221968,1000
large-dup,batch,min,local,b-weights,1,4,3,0.189156368,,,,,,,234252,1000
large-dup,batch,min,local,b-weights-combine,1,4,4,0.034102228,,,,,,,197384,1000
large-dup,batch,min,local,b-fused,1,4,5,0.609664216,,,,,,,196876,1000
large-dup,batch,min,spread,b-hash-combine,1,-1,0,0.034058358,,,,,,,196868,1000
large-dup,batch,min,spread,b-main,1,-1,1,0.632739711,,,,,,,221960,1000
large-dup,batch,min,spread,b-weights,1,-1,2,0.188301424,,,,,,,234248,1000
large-dup,batch,min,spread,b-weights-combine,1,-1,3,0.03406956,,,,,,,197388,1000
large-dup,batch,min,spread,b-fused,1,-1,4,0.608362856,,,,,,,196868,1000
large-dup,batch,min,spread,b-hash,1,-1,5,0.035092777,,,,,,,196868,1000
large-dup,batch,min,spread,b-main,1,0,0,0.631104559,,,,,,,221964,1000
large-dup,batch,min,spread,b-weights,1,0,1,0.188542805,,,,,,,234256,1000
large-dup,batch,min,spread,b-weights-combine,1,0,2,0.034313597,,,,,,,197384,1000
large-dup,batch,min,spread,b-fused,1,0,3,0.615187267,,,,,,,197384,1000
large-dup,batch,min,spread,b-hash,1,0,4,0.035263796,,,,,,,196864,1000
large-dup,batch,min,spread,b-hash-combine,1,0,5,0.034379179,,,,,,,196872,1000
large-dup,batch,min,spread,b-weights,1,1,0,0.190257527,,,,,,,234256,1000
large-dup,batch,min,spread,b-weights-combine,1,1,1,0.034177803,,,,,,,197384,1000
large-dup,batch,min,spread,b-fused,1,1,2,0.612971437,,,,,,,197380,1000
large-dup,batch,min,spread,b-hash,1,1,3,0.034953576,,,,,,,196864,1000
large-dup,batch,min,spread,b-hash-combine,1,1,4,0.034187791,,,,,,,196872,1000
large-dup,batch,min,spread,b-main,1,1,5,0.636726208,,,,,,,221964,1000
large-dup,batch,min,spread,b-weights-combine,1,2,0,0.034050855,,,,,,,197388,1000
large-dup,batch,min,spread,b-fused,1,2,1,0.608130581,,,,,,,197384,1000
large-dup,batch,min,spread,b-hash,1,2,2,0.034862505,,,,,,,196864,1000
large-dup,batch,min,spread,b-hash-combine,1,2,3,0.03408018,,,,,,,196872,1000
large-dup,batch,min,spread,b-main,1,2,4,0.632905973,,,,,,,221968,1000
large-dup,batch,min,spread,b-weights,1,2,5,0.18921092,,,,,,,234252,1000
large-dup,batch,min,spread,b-fused,1,3,0,0.610042091,,,,,,,197384,1000
large-dup,batch,min,spread,b-hash,1,3,1,0.035080023,,,,,,,196864,1000
large-dup,batch,min,spread,b-hash-combine,1,3,2,0.033906846,,,,,,,196872,1000
large-dup,batch,min,spread,b-main,1,3,3,0.63114721,,,,,,,221964,1000
large-dup,batch,min,spread,b-weights,1,3,4,0.189379937,,,,,,,234252,1000
large-dup,batch,min,spread,b-weights-combine,1,3,5,0.034488485,,,,,,,197384,1000
large-dup,batch,min,spread,b-hash,1,4,0,0.035548621,,,,,,,196864,1000
large-dup,batch,min,spread,b-hash-combine,1,4,1,0.033962109,,,,,,,196868,1000
large-dup,batch,min,spread,b-main,1,4,2,0.632591184,,,,,,,221964,1000
large-dup,batch,min,spread,b-weights,1,4,3,0.188374924,,,,,,,233736,1000
large-dup,batch,min,spread,b-weights-combine,1,4,4,0.034036358,,,,,,,197384,1000
large-dup,batch,min,spread,b-fused,1,4,5,0.610261743,,,,,,,197380,1000
large-dup,batch,max,local,b-hash-combine,1,-1,0,0.034003357,,,,,,,196868,1000
large-dup,batch,max,local,b-main,1,-1,1,0.636685078,,,,,,,221968,1000
large-dup,batch,max,local,b-weights,1,-1,2,0.191033515,,,,,,,234252,1000
large-dup,batch,max,local,b-weights-combine,1,-1,3,0.033949009,,,,,,,197380,1000
large-dup,batch,max,local,b-fused,1,-1,4,0.624626064,,,,,,,197384,1000
large-dup,batch,max,local,b-hash,1,-1,5,0.034640473,,,,,,,196864,1000
large-dup,batch,max,local,b-main,1,0,0,0.635439558,,,,,,,221964,1000
large-dup,batch,max,local,b-weights,1,0,1,0.190767827,,,,,,,234252,1000
large-dup,batch,max,local,b-weights-combine,1,0,2,0.03440379,,,,,,,197384,1000
large-dup,batch,max,local,b-fused,1,0,3,0.618433916,,,,,,,196872,1000
large-dup,batch,max,local,b-hash,1,0,4,0.034760578,,,,,,,196864,1000
large-dup,batch,max,local,b-hash-combine,1,0,5,0.03395003,,,,,,,196868,1000
large-dup,batch,max,local,b-weights,1,1,0,0.190235419,,,,,,,234252,1000
large-dup,batch,max,local,b-weights-combine,1,1,1,0.034107826,,,,,,,197384,1000
large-dup,batch,max,local,b-fused,1,1,2,0.623230981,,,,,,,196868,1000
large-dup,batch,max,local,b-hash,1,1,3,0.035232793,,,,,,,196864,1000
large-dup,batch,max,local,b-hash-combine,1,1,4,0.034983857,,,,,,,196868,1000
large-dup,batch,max,local,b-main,1,1,5,0.634792796,,,,,,,221964,1000
large-dup,batch,max,local,b-weights-combine,1,2,0,0.034863801,,,,,,,197380,1000
large-dup,batch,max,local,b-fused,1,2,1,0.61995798,,,,,,,196872,1000
large-dup,batch,max,local,b-hash,1,2,2,0.034885321,,,,,,,196864,1000
large-dup,batch,max,local,b-hash-combine,1,2,3,0.034386037,,,,,,,196872,1000
large-dup,batch,max,local,b-main,1,2,4,0.640329848,,,,,,,221964,1000
large-dup,batch,max,local,b-weights,1,2,5,0.188666701,,,,,,,234252,1000
large-dup,batch,max,local,b-fused,1,3,0,0.622830709,,,,,,,196872,1000
large-dup,batch,max,local,b-hash,1,3,1,0.034433054,,,,,,,196864,1000
large-dup,batch,max,local,b-hash-combine,1,3,2,0.03400922,,,,,,,196868,1000
large-dup,batch,max,local,b-main,1,3,3,0.632989336,,,,,,,221964,1000
large-dup,batch,max,local,b-weights,1,3,4,0.18968755,,,,,,,234256,1000
large-dup,batch,max,local,b-weights-combine,1,3,5,0.034493347,,,,,,,197384,1000
large-dup,batch,max,local,b-hash,1,4,0,0.035246568,,,,,,,196864,1000
large-dup,batch,max,local,b-hash-combine,1,4,1,0.034531579,,,,,,,196868,1000
large-dup,batch,max,local,b-main,1,4,2,0.634586818,,,,,,,221960,1000
large-dup,batch,max,local,b-weights,1,4,3,0.190802648,,,,,,,234256,1000
large-dup,batch,max,local,b-weights-combine,1,4,4,0.034542208,,,,,,,197384,1000
large-dup,batch,max,local,b-fused,1,4,5,0.616875995,,,,,,,197384,1000
large-dup,batch,max,spread,b-hash-combine,1,-1,0,0.033936353,,,,,,,196868,1000
large-dup,batch,max,spread,b-main,1,-1,1,0.636053477,,,,,,,221964,1000
large-dup,batch,max,spread,b-weights,1,-1,2,0.188507289,,,,,,,234252,1000
large-dup,batch,max,spread,b-weights-combine,1,-1,3,0.034664077,,,,,,,197388,1000
large-dup,batch,max,spread,b-fused,1,-1,4,0.621636642,,,,,,,196872,1000
large-dup,batch,max,spread,b-hash,1,-1,5,0.03457015,,,,,,,196864,1000
large-dup,batch,max,spread,b-main,1,0,0,0.631148588,,,,,,,221964,1000
large-dup,batch,max,spread,b-weights,1,0,1,0.192863167,,,,,,,234252,1000
large-dup,batch,max,spread,b-weights-combine,1,0,2,0.034884339,,,,,,,197384,1000
large-dup,batch,max,spread,b-fused,1,0,3,0.615978333,,,,,,,196872,1000
large-dup,batch,max,spread,b-hash,1,0,4,0.03423285,,,,,,,196864,1000
large-dup,batch,max,spread,b-hash-combine,1,0,5,0.03385438,,,,,,,196872,1000
large-dup,batch,max,spread,b-weights,1,1,0,0.189686051,,,,,,,234252,1000
large-dup,batch,max,spread,b-weights-combine,1,1,1,0.034442993,,,,,,,197384,1000
large-dup,batch,max,spread,b-fused,1,1,2,0.615915715,,,,,,,196876,1000
large-dup,batch,max,spread,b-hash,1,1,3,0.034617169,,,,,,,196864,1000
large-dup,batch,max,spread,b-hash-combine,1,1,4,0.034193706,,,,,,,196868,1000
large-dup,batch,max,spread,b-main,1,1,5,0.634135803,,,,,,,221960,1000
large-dup,batch,max,spread,b-weights-combine,1,2,0,0.034523494,,,,,,,197384,1000
large-dup,batch,max,spread,b-fused,1,2,1,0.61383155,,,,,,,197384,1000
large-dup,batch,max,spread,b-hash,1,2,2,0.035030485,,,,,,,196864,1000
large-dup,batch,max,spread,b-hash-combine,1,2,3,0.034621848,,,,,,,196868,1000
large-dup,batch,max,spread,b-main,1,2,4,0.640096642,,,,,,,221964,1000
large-dup,batch,max,spread,b-weights,1,2,5,0.191791015,,,,,,,234252,1000
large-dup,batch,max,spread,b-fused,1,3,0,0.623884506,,,,,,,197380,1000
large-dup,batch,max,spread,b-hash,1,3,1,0.035177028,,,,,,,196864,1000
large-dup,batch,max,spread,b-hash-combine,1,3,2,0.034334489,,,,,,,196872,1000
large-dup,batch,max,spread,b-main,1,3,3,0.634928929,,,,,,,221960,1000
large-dup,batch,max,spread,b-weights,1,3,4,0.189234865,,,,,,,234256,1000
large-dup,batch,max,spread,b-weights-combine,1,3,5,0.034022405,,,,,,,197384,1000
large-dup,batch,max,spread,b-hash,1,4,0,0.034424478,,,,,,,196864,1000
large-dup,batch,max,spread,b-hash-combine,1,4,1,0.034317158,,,,,,,196868,1000
large-dup,batch,max,spread,b-main,1,4,2,0.639548324,,,,,,,221960,1000
large-dup,batch,max,spread,b-weights,1,4,3,0.189828687,,,,,,,234252,1000
large-dup,batch,max,spread,b-weights-combine,1,4,4,0.034320863,,,,,,,197388,1000
large-dup,batch,max,spread,b-fused,1,4,5,0.618138236,,,,,,,196872,1000
large-dup,batch,sum,local,b-hash-combine,1,-1,0,0.15198212,,,,,,,270600,1000
large-dup,batch,sum,local,b-main,1,-1,1,0.637777731,,,,,,,221960,1000
large-dup,batch,sum,local,b-fused,1,-1,2,0.617475946,,,,,,,197388,1000
large-dup,batch,sum,local,b-hash,1,-1,3,0.115300406,,,,,,,252164,1000
large-dup,batch,sum,local,b-main,1,0,0,0.633416732,,,,,,,221960,1000
large-dup,batch,sum,local,b-fused,1,0,1,0.616047751,,,,,,,196872,1000
large-dup,batch,sum,local,b-hash,1,0,2,0.120334145,,,,,,,252164,1000
large-dup,batch,sum,local,b-hash-combine,1,0,3,0.153885155,,,,,,,270600,1000
large-dup,batch,sum,local,b-fused,1,1,0,0.616886592,,,,,,,196872,1000
large-dup,batch,sum,local,b-hash,1,1,1,0.118455035,,,,,,,252164,1000
large-dup,batch,sum,local,b-hash-combine,1,1,2,0.153921022,,,,,,,270600,1000
large-dup,batch,sum,local,b-main,1,1,3,0.639877914,,,,,,,221964,1000
large-dup,batch,sum,local,b-hash,1,2,0,0.114755718,,,,,,,252164,1000
large-dup,batch,sum,local,b-hash-combine,1,2,1,0.151522042,,,,,,,270600,1000
large-dup,batch,sum,local,b-main,1,2,2,0.633981681,,,,,,,221964,1000
large-dup,batch,sum,local,b-fused,1,2,3,0.618100667,,,,,,,196872,1000
large-dup,batch,sum,local,b-hash-combine,1,3,0,0.155303705,,,,,,,270600,1000
large-dup,batch,sum,local,b-main,1,3,1,0.632570858,,,,,,,221964,1000
large-dup,batch,sum,local,b-fused,1,3,2,0.616278442,,,,,,,197380,1000
large-dup,batch,sum,local,b-hash,1,3,3,0.117814257,,,,,,,252164,1000
large-dup,batch,sum,local,b-main,1,4,0,0.634092769,,,,,,,221964,1000
large-dup,batch,sum,local,b-fused,1,4,1,0.616069331,,,,,,,196872,1000
large-dup,batch,sum,local,b-hash,1,4,2,0.118979679,,,,,,,252164,1000
large-dup,batch,sum,local,b-hash-combine,1,4,3,0.156155459,,,,,,,270604,1000
large-dup,batch,sum,spread,b-hash-combine,1,-1,0,0.154428595,,,,,,,270600,1000
large-dup,batch,sum,spread,b-main,1,-1,1,0.634007749,,,,,,,221960,1000
large-dup,batch,sum,spread,b-fused,1,-1,2,0.618050962,,,,,,,197384,1000
large-dup,batch,sum,spread,b-hash,1,-1,3,0.118794212,,,,,,,252168,1000
large-dup,batch,sum,spread,b-main,1,0,0,0.632917272,,,,,,,221964,1000
large-dup,batch,sum,spread,b-fused,1,0,1,0.613349201,,,,,,,197380,1000
large-dup,batch,sum,spread,b-hash,1,0,2,0.115679576,,,,,,,252164,1000
large-dup,batch,sum,spread,b-hash-combine,1,0,3,0.151318775,,,,,,,270604,1000
large-dup,batch,sum,spread,b-fused,1,1,0,0.618591281,,,,,,,197380,1000
large-dup,batch,sum,spread,b-hash,1,1,1,0.122052784,,,,,,,252164,1000
large-dup,batch,sum,spread,b-hash-combine,1,1,2,0.153262184,,,,,,,270600,1000
large-dup,batch,sum,spread,b-main,1,1,3,0.641460838,,,,,,,221964,1000
large-dup,batch,sum,spread,b-hash,1,2,0,0.119389946,,,,,,,252164,1000
large-dup,batch,sum,spread,b-hash-combine,1,2,1,0.157348499,,,,,,,270604,1000
large-dup,batch,sum,spread,b-main,1,2,2,0.633423665,,,,,,,221964,1000
large-dup,batch,sum,spread,b-fused,1,2,3,0.616057896,,,,,,,196868,1000
large-dup,batch,sum,spread,b-hash-combine,1,3,0,0.152562143,,,,,,,270600,1000
large-dup,batch,sum,spread,b-main,1,3,1,0.633367979,,,,,,,221968,1000
large-dup,batch,sum,spread,b-fused,1,3,2,0.618368143,,,,,,,197384,1000
large-dup,batch,sum,spread,b-hash,1,3,3,0.117323365,,,,,,,252164,1000
large-dup,batch,sum,spread,b-main,1,4,0,0.638633943,,,,,,,221968,1000
large-dup,batch,sum,spread,b-fused,1,4,1,0.62586389,,,,,,,197384,1000
large-dup,batch,sum,spread,b-hash,1,4,2,0.129081578,,,,,,,252168,1000
large-dup,batch,sum,spread,b-hash-combine,1,4,3,0.155069286,,,,,,,270600,1000
large-dup,batch,count,local,b-hash-combine,1,-1,0,0.152682976,,,,,,,270600,1000
large-dup,batch,count,local,b-main,1,-1,1,0.63134281,,,,,,,221964,1000
large-dup,batch,count,local,b-fused,1,-1,2,0.616530203,,,,,,,197384,1000
large-dup,batch,count,local,b-hash,1,-1,3,0.118255879,,,,,,,252164,1000
large-dup,batch,count,local,b-main,1,0,0,0.631033911,,,,,,,221960,1000
large-dup,batch,count,local,b-fused,1,0,1,0.617554602,,,,,,,197380,1000
large-dup,batch,count,local,b-hash,1,0,2,0.123090014,,,,,,,252164,1000
large-dup,batch,count,local,b-hash-combine,1,0,3,0.175000059,,,,,,,270604,1000
large-dup,batch,count,local,b-fused,1,1,0,0.623066507,,,,,,,196876,1000
large-dup,batch,count,local,b-hash,1,1,1,0.120203057,,,,,,,252168,1000
large-dup,batch,count,local,b-hash-combine,1,1,2,0.15270679,,,,,,,270604,1000
large-dup,batch,count,local,b-main,1,1,3,0.632243397,,,,,,,221968,1000
large-dup,batch,count,local,b-hash,1,2,0,0.118633837,,,,,,,252164,1000
large-dup,batch,count,local,b-hash-combine,1,2,1,0.153689331,,,,,,,270600,1000
large-dup,batch,count,local,b-main,1,2,2,0.631517247,,,,,,,221964,1000
large-dup,batch,count,local,b-fused,1,2,3,0.618554338,,,,,,,197384,1000
large-dup,batch,count,local,b-hash-combine,1,3,0,0.161007858,,,,,,,270600,1000
large-dup,batch,count,local,b-main,1,3,1,0.634698249,,,,,,,221964,1000
large-dup,batch,count,local,b-fused,1,3,2,0.617359187,,,,,,,197384,1000
large-dup,batch,count,local,b-hash,1,3,3,0.117535625,,,,,,,252164,1000
large-dup,batch,count,local,b-main,1,4,0,0.637209448,,,,,,,221964,1000
large-dup,batch,count,local,b-fused,1,4,1,0.618285584,,,,,,,197384,1000
large-dup,batch,count,local,b-hash,1,4,2,0.117600767,,,,,,,252164,1000
large-dup,batch,count,local,b-hash-combine,1,4,3,0.155275199,,,,,,,270600,1000
large-dup,batch,count,spread,b-hash-combine,1,-1,0,0.151367574,,,,,,,270604,1000
large-dup,batch,count,spread,b-main,1,-1,1,0.638767747,,,,,,,221960,1000
large-dup,batch,count,spread,b-fused,1,-1,2,0.61847082,,,,,,,197384,1000
large-dup,batch,count,spread,b-hash,1,-1,3,0.135846933,,,,,,,252164,1000
large-dup,batch,count,spread,b-main,1,0,0,0.632213501,,,,,,,221960,1000
large-dup,batch,count,spread,b-fused,1,0,1,0.615633865,,,,,,,197380,1000
large-dup,batch,count,spread,b-hash,1,0,2,0.117719484,,,,,,,252164,1000
large-dup,batch,count,spread,b-hash-combine,1,0,3,0.155806045,,,,,,,270604,1000
large-dup,batch,count,spread,b-fused,1,1,0,0.613546873,,,,,,,196872,1000
large-dup,batch,count,spread,b-hash,1,1,1,0.121359943,,,,,,,252164,1000
large-dup,batch,count,spread,b-hash-combine,1,1,2,0.153599382,,,,,,,270600,1000
large-dup,batch,count,spread,b-main,1,1,3,0.637120081,,,,,,,221964,1000
large-dup,batch,count,spread,b-hash,1,2,0,0.118522478,,,,,,,252168,1000
large-dup,batch,count,spread,b-hash-combine,1,2,1,0.153104795,,,,,,,270604,1000
large-dup,batch,count,spread,b-main,1,2,2,0.634391258,,,,,,,221964,1000
large-dup,batch,count,spread,b-fused,1,2,3,0.621613182,,,,,,,197384,1000
large-dup,batch,count,spread,b-hash-combine,1,3,0,0.164902244,,,,,,,270600,1000
large-dup,batch,count,spread,b-main,1,3,1,0.636540133,,,,,,,221964,1000
large-dup,batch,count,spread,b-fused,1,3,2,0.618207794,,,,,,,196868,1000
large-dup,batch,count,spread,b-hash,1,3,3,0.125065224,,,,,,,252164,1000
large-dup,batch,count,spread,b-main,1,4,0,0.632403664,,,,,,,221964,1000
large-dup,batch,count,spread,b-fused,1,4,1,0.617183165,,,,,,,197384,1000
large-dup,batch,count,spread,b-hash,1,4,2,0.131148408,,,,,,,252168,1000
large-dup,batch,count,spread,b-hash-combine,1,4,3,0.164926133,,,,,,,270600,1000
small,incremental,min,spread,i-custom,1,-1,0,0.535895865,0.0106865,2.9619253333333333,0.007395349999999999,1.2584501666666668,,,491800,1262848
small,incremental,min,spread,i-runtime,1,-1,1,1.223724076,0.03309045,19.037872,0.0259581,13.399891666666667,,,297232,1262848
small,incremental,min,spread,i-main,1,-1,2,1.62779912,0.046830699999999996,24.096509166666667,0.036760299999999996,16.993849166666667,,,438564,1262848
small,incremental,min,spread,i-scan,1,-1,3,1.204607224,0.03159665,18.875867,0.02455445,13.456299000000001,,,264464,1262848
small,incremental,min,spread,i-endpoint,1,-1,4,1.206824412,0.03256445,18.755905666666667,0.024777399999999998,13.286562666666667,,,264464,1262848
small,incremental,min,spread,i-hier,1,-1,5,2.613409096,0.06307009999999999,37.35486083333333,0.0484402,23.60750366666667,,,481428,1262848
small,incremental,min,spread,i-runtime,1,0,0,1.226026067,0.03359345,19.00463483333333,0.02528035,13.498314166666667,,,297232,1262848
small,incremental,min,spread,i-main,1,0,1,1.637844601,0.0464119,24.227559,0.0364523,17.131224666666665,,,438556,1262848
small,incremental,min,spread,i-scan,1,0,2,1.202552734,0.0318246,19.204866833333334,0.02528035,13.680052000000002,,,264464,1262848
small,incremental,min,spread,i-endpoint,1,0,3,1.207442542,0.032663199999999996,18.749093166666665,0.02424645,13.331874833333332,,,264468,1262848
small,incremental,min,spread,i-hier,1,0,4,2.606362773,0.0617221,37.04777433333333,0.04801195,23.3091845,,,481364,1262848
small,incremental,min,spread,i-custom,1,0,5,0.538855218,0.010952,2.6740603333333333,0.0076839000000000005,1.2398255,,,491800,1262848
small,incremental,min,spread,i-main,1,1,0,1.626580775,0.04661635,24.359058,0.03787445,17.100301,,,438556,1262848
small,incremental,min,spread,i-scan,1,1,1,1.205817393,0.03237565,18.8680445,0.0247083,13.368257666666667,,,264464,1262848
small,incremental,min,spread,i-endpoint,1,1,2,1.20645143,0.0329247,18.779052833333335,0.02644955,13.315323499999998,,,264468,1262848
small,incremental,min,spread,i-hier,1,1,3,2.613131685,0.06566955,37.23981083333333,0.0497447,23.37804866666667,,,482764,1262848
small,incremental,min,spread,i-custom,1,1,4,0.528643716,0.01133325,2.7237579999999997,0.0079053,1.2459376666666666,,,492316,1262848
small,incremental,min,spread,i-runtime,1,1,5,1.224079626,0.03390205,18.983830666666666,0.025431150000000003,13.450530333333333,,,297232,1262848
small,incremental,min,spread,i-scan,1,2,0,1.205532678,0.03247685,18.892947166666666,0.02424645,13.413125166666667,,,264464,1262848
small,incremental,min,spread,i-endpoint,1,2,1,1.205557243,0.0310757,18.810895000000002,0.0241507,13.360504999999998,,,264464,1262848
small,incremental,min,spread,i-hier,1,2,2,2.60592345,0.06382230000000001,37.122516166666664,0.04844695,23.476383666666663,,,478920,1262848
small,incremental,min,spread,i-custom,1,2,3,0.534418072,0.01060995,3.071813,0.0071874999999999994,1.3365038333333334,,,491800,1262848
small,incremental,min,spread,i-runtime,1,2,4,1.223278455,0.03402435,18.949787166666667,0.026732600000000002,13.313847500000001,,,297232,1262848
small,incremental,min,spread,i-main,1,2,5,1.626475171,0.046637899999999996,24.066615833333334,0.0376986,16.878259333333332,,,438556,1262848
small,incremental,min,spread,i-endpoint,1,3,0,1.203621845,0.0325445,18.766341,0.024018499999999998,13.4057545,,,264464,1262848
small,incremental,min,spread,i-hier,1,3,1,2.616979411,0.0631362,37.266141499999996,0.0485935,23.52015,,,482552,1262848
small,incremental,min,spread,i-custom,1,3,2,0.534394685,0.01194635,2.826908833333334,0.00782865,1.2230303333333334,,,492312,1262848
small,incremental,min,spread,i-runtime,1,3,3,1.223385876,0.0335944,18.924636,0.026427,13.335056833333333,,,297232,1262848
small,incremental,min,spread,i-main,1,3,4,1.629270495,0.0474619,24.059364833333333,0.0379556,16.953509666666665,,,438560,1262848
small,incremental,min,spread,i-scan,1,3,5,1.204598582,0.03148189999999999,18.78192183333333,0.0239538,13.346797500000001,,,264464,1262848
small,incremental,min,spread,i-hier,1,4,0,2.610278545,0.06269895,37.25815883333333,0.048882049999999996,23.40620783333333,,,480112,1262848
small,incremental,min,spread,i-custom,1,4,1,0.536890898,0.01049815,3.0363136666666666,0.00690345,1.3280106666666667,,,491800,1262848
small,incremental,min,spread,i-runtime,1,4,2,1.2217887,0.03302035,18.878026666666667,0.026300249999999997,13.467970166666667,,,297232,1262848
small,incremental,min,spread,i-main,1,4,3,1.640153911,0.0464083,24.056958166666664,0.0376965,17.032775666666666,,,438560,1262848
small,incremental,min,spread,i-scan,1,4,4,1.205141791,0.032685599999999995,18.8584125,0.024334500000000002,13.417474833333335,,,264464,1262848
small,incremental,min,spread,i-endpoint,1,4,5,1.204983621,0.03234305,18.878078499999997,0.024003450000000003,13.523647833333333,,,264464,1262848
small,incremental,max,spread,i-custom,1,-1,0,0.553085809,0.0109084,3.2831305000000004,0.0079113,1.9427979999999998,,,491800,1262848
small,incremental,max,spread,i-runtime,1,-1,1,1.250812727,0.0345873,18.923005333333332,0.027183449999999998,13.438155,,,297232,1262848
small,incremental,max,spread,i-main,1,-1,2,1.629410222,0.04648455,24.153571666666664,0.038112400000000005,16.684465,,,438556,1262848
small,incremental,max,spread,i-scan,1,-1,3,1.203115814,0.03274185,18.880973833333332,0.024309550000000003,13.326716666666668,,,264464,1262848
small,incremental,max,spread,i-endpoint,1,-1,4,1.208742811,0.031466900000000006,18.74815166666667,0.024038499999999997,13.331510666666667,,,264468,1262848
small,incremental,max,spread,i-hier,1,-1,5,2.606574129,0.06227665,37.10453616666667,0.04883144999999999,23.37655816666667,,,476652,1262848
small,incremental,max,spread,i-runtime,1,0,0,1.246274986,0.03396715,18.972898833333332,0.0265583,13.521074666666669,,,297236,1262848
small,incremental,max,spread,i-main,1,0,1,1.619353195,0.04761125,24.227944333333337,0.03684705,16.6109245,,,438556,1262848
small,incremental,max,spread,i-scan,1,0,2,1.204389992,0.03187875,18.92063416666667,0.025201750000000002,13.382293000000002,,,264464,1262848
small,incremental,max,spread,i-endpoint,1,0,3,1.2073399,0.031718449999999995,18.7682085,0.0241177,13.345211666666666,,,264464,1262848
small,incremental,max,spread,i-hier,1,0,4,2.609344881,0.06382805,37.260663666666666,0.048486850000000005,23.220587500000004,,,481556,1262848
small,incremental,max,spread,i-custom,1,0,5,0.545018317,0.01204155,3.0412510000000004,0.00775005,1.3418565000000002,,,491800,1262848
small,incremental,max,spread,i-main,1,1,0,1.629757272,0.04659075,24.09453933333333,0.037493200000000004,16.70347466666667,,,438560,1262848
small,incremental,max,spread,i-scan,1,1,1,1.203938857,0.033100000000000004,18.975802333333334,0.0257367,13.396938166666665,,,264464,1262848
small,incremental,max,spread,i-endpoint,1,1,2,1.203567041,0.03333445,18.742996166666668,0.02479745,13.311554166666667,,,264464,1262848
small,incremental,max,spread,i-hier,1,1,3,2.622293616,0.06357955000000001,37.361580833333335,0.04905085,23.671318666666668,,,482884,1262848
small,incremental,max,spread,i-custom,1,1,4,0.559246098,0.0114319,3.119264166666667,0.007439949999999999,1.4959895,,,491804,1262848
small,incremental,max,spread,i-runtime,1,1,5,1.26642223,0.03399465,19.113640833333335,0.026482099999999998,13.652102333333332,,,297232,1262848
small,incremental,max,spread,i-scan,1,2,0,1.204468048,0.031792,19.080966333333333,0.0253239,13.351963666666668,,,264468,1262848
small,incremental,max,spread,i-endpoint,1,2,1,1.204453893,0.031175400000000002,18.691530333333333,0.0240811,13.186030333333333,,,264468,1262848
small,incremental,max,spread,i-hier,1,2,2,2.613134338,0.06470020000000001,37.3001235,0.0487779,23.501499166666665,,,482564,1262848
small,incremental,max,spread,i-custom,1,2,3,0.550807816,0.0111609,2.77366,0.007795100000000001,1.3500786666666666,,,491804,1262848
small,incremental,max,spread,i-runtime,1,2,4,1.249399255,0.0328064,18.935963166666667,0.02639995,13.555796333333333,,,297236,1262848
small,incremental,max,spread,i-main,1,2,5,1.623179092,0.045873399999999995,24.08898883333333,0.0371671,16.672217833333335,,,438556,1262848
small,incremental,max,spread,i-endpoint,1,3,0,1.203559992,0.03158115,18.76307266666667,0.02541565,13.256766833333335,,,264464,1262848
small,incremental,max,spread,i-hier,1,3,1,2.60794578,0.06360365,37.358810166666665,0.04904335,23.295671166666665,,,480548,1262848
small,incremental,max,spread,i-custom,1,3,2,0.552757195,0.010864849999999999,2.8214065,0.0075086,1.360693666666667,,,492312,1262848
small,incremental,max,spread,i-runtime,1,3,3,1.245228742,0.03381635,18.856576666666665,0.026417999999999997,13.461564000000001,,,297232,1262848
small,incremental,max,spread,i-main,1,3,4,1.621889105,0.044893100000000005,24.064766000000002,0.03745965,16.672686833333334,,,438560,1262848
small,incremental,max,spread,i-scan,1,3,5,1.208300405,0.03250235,18.875061333333335,0.02524885,13.461153166666668,,,264464,1262848
small,incremental,max,spread,i-hier,1,4,0,2.604796111,0.06353755000000001,37.1873565,0.04849135,23.386943166666665,,,477664,1262848
small,incremental,max,spread,i-custom,1,4,1,0.568084374,0.011525549999999999,3.659214,0.0084854,2.012516333333333,,,491804,1262848
small,incremental,max,spread,i-runtime,1,4,2,1.250907542,0.032789450000000005,18.95198316666667,0.02561095,13.479350833333335,,,297232,1262848
small,incremental,max,spread,i-main,1,4,3,1.617495071,0.04600315000000001,24.070978,0.0376696,16.626575833333334,,,438564,1262848
small,incremental,max,spread,i-scan,1,4,4,1.203224339,0.0331761,18.8183595,0.0243777,13.310954,,,264464,1262848
small,incremental,max,spread,i-endpoint,1,4,5,1.208127483,0.0324638,18.8515015,0.02401095,13.292470666666667,,,264464,1262848
small,incremental,sum,spread,i-custom,1,-1,0,0.669958125,0.0112461,3.679516833333333,0.00957395,2.4423835,,,712984,1525696
small,incremental,sum,spread,i-runtime,1,-1,1,1.229021028,0.03293125,18.974274833333332,0.03118695,17.4719965,,,297232,1525696
small,incremental,sum,spread,i-main,1,-1,2,1.624609145,0.047686400000000004,24.014348166666664,0.04394635,20.66874866666667,,,438560,1525696
small,incremental,sum,spread,i-scan,1,-1,3,1.212896162,0.032577049999999996,18.870749333333332,0.02963155,17.526474166666667,,,264464,1525696
small,incremental,sum,spread,i-weights,1,-1,4,1.054823225,0.029945100000000002,8.306103333333333,0.026446549999999996,5.529914833333333,,,454944,1525696
small,incremental,sum,spread,i-runtime,1,0,0,1.229448693,0.033659,18.91731933333333,0.030804150000000002,17.4815535,,,297232,1525696
small,incremental,sum,spread,i-main,1,0,1,1.63972572,0.0454787,23.97543883333333,0.0432801,20.745278333333335,,,438560,1525696
small,incremental,sum,spread,i-scan,1,0,2,1.205817289,0.03196535,18.832685833333333,0.0313993,17.518101833333336,,,264464,1525696
small,incremental,sum,spread,i-weights,1,0,3,1.060132654,0.0295789,8.287473499999999,0.0263283,5.5350478333333335,,,454944,1525696
small,incremental,sum,spread,i-custom,1,0,4,0.662498539,0.010712049999999999,3.577364166666667,0.0087669,2.4432631666666667,,,713496,1525696
small,incremental,sum,spread,i-main,1,1,0,1.628061236,0.04513705,24.04877766666667,0.04268645,20.749765166666666,,,438560,1525696
small,incremental,sum,spread,i-scan,1,1,1,1.205962943,0.0326642,18.834862,0.0305743,17.454147333333335,,,264464,1525696
small,incremental,sum,spread,i-weights,1,1,2,1.059385657,0.028715799999999996,8.318612833333335,0.027766999999999997,5.536460166666667,,,454940,1525696
small,incremental,sum,spread,i-custom,1,1,3,0.673506337,0.01096255,3.7431978333333333,0.00926435,2.664495666666667,,,712988,1525696
small,incremental,sum,spread,i-runtime,1,1,4,1.225839804,0.03335395,18.946841666666668,0.030693000000000005,17.502284333333332,,,297236,1525696
small,incremental,sum,spread,i-scan,1,2,0,1.20281206,0.03271175,18.741854666666665,0.02977125,17.352462166666665,,,264464,1525696
small,incremental,sum,spread,i-weights,1,2,1,1.061033039,0.0289252,8.320650166666667,0.02718295,5.527740499999999,,,454944,1525696
small,incremental,sum,spread,i-custom,1,2,2,0.658087227,0.010693,3.6046735,0.00883155,2.4642190000000004,,,712984,1525696
small,incremental,sum,spread,i-runtime,1,2,3,1.22703483,0.0343639,18.824679666666665,0.03260055,17.439745666666667,,,297232,1525696
small,incremental,sum,spread,i-main,1,2,4,1.62285159,0.046494549999999996,23.997926166666662,0.04355105,20.775782666666668,,,438556,1525696
small,incremental,sum,spread,i-weights,1,3,0,1.053430138,0.030400449999999996,8.346046,0.026457549999999996,5.601401833333333,,,454944,1525696
small,incremental,sum,spread,i-custom,1,3,1,0.660362405,0.01098455,3.5672666666666664,0.0089588,2.431242166666667,,,712988,1525696
small,incremental,sum,spread,i-runtime,1,3,2,1.227406288,0.032782450000000005,18.953998833333333,0.03201945,17.4442025,,,297236,1525696
small,incremental,sum,spread,i-main,1,3,3,1.627849495,0.04632375,24.004974666666666,0.0434589,21.028993833333335,,,438556,1525696
small,incremental,sum,spread,i-scan,1,3,4,1.205281747,0.0321347,18.824706666666668,0.030581800000000003,17.377211833333334,,,264468,1525696
small,incremental,sum,spread,i-custom,1,4,0,0.667067766,0.010790699999999999,3.6847125,0.00891515,2.4601208333333333,,,713496,1525696
small,incremental,sum,spread,i-runtime,1,4,1,1.227140706,0.0336841,18.989785166666667,0.031920750000000005,17.587856333333335,,,297232,1525696
small,incremental,sum,spread,i-main,1,4,2,1.634346967,0.04578525,23.9999135,0.04279965,20.750805,,,438560,1525696
small,incremental,sum,spread,i-scan,1,4,3,1.204371201,0.0319869,18.877053999999998,0.030931900000000002,17.4760285,,,264464,1525696
small,incremental,sum,spread,i-weights,1,4,4,1.054561669,0.027737900000000003,8.273802833333333,0.026914400000000005,5.496561333333333,,,454948,1525696
small,incremental,count,spread,i-custom,1,-1,0,0.666337229,0.01119795,3.8235923333333335,0.009202749999999999,2.5518245,,,712984,1525696
small,incremental,count,spread,i-runtime,1,-1,1,1.219489942,0.03322275,19.034398166666666,0.030654899999999995,17.479798,,,297232,1525696
small,incremental,count,spread,i-main,1,-1,2,1.655190089,0.046442,24.076002666666668,0.0436753,20.86446766666667,,,438556,1525696
small,incremental,count,spread,i-scan,1,-1,3,1.204260675,0.0331636,18.964560666666667,0.03109825,17.433888666666665,,,264468,1525696
small,incremental,count,spread,i-weights,1,-1,4,1.040909818,0.0271889,7.927319666666666,0.026656450000000005,5.233801166666667,,,444704,1525696
small,incremental,count,spread,i-runtime,1,0,0,1.219671821,0.03461785,19.266708333333334,0.03135825,17.7304925,,,297232,1525696
small,incremental,count,spread,i-main,1,0,1,1.652630787,0.04678265,24.041796666666666,0.043564599999999995,20.857447500000003,,,438556,1525696
small,incremental,count,spread,i-scan,1,0,2,1.206305512,0.03322024999999999,18.972679,0.03141785,17.534446833333334,,,264468,1525696
small,incremental,count,spread,i-weights,1,0,3,1.039581189,0.026929949999999998,7.915717833333333,0.025966649999999997,5.1613805,,,454944,1525696
small,incremental,count,spread,i-custom,1,0,4,0.667555668,0.0108448,3.626644333333333,0.0089422,2.576150166666667,,,712988,1525696
small,incremental,count,spread,i-main,1,1,0,1.651432471,0.04629775,23.980211166666667,0.04321395,20.772904,,,438564,1525696
small,incremental,count,spread,i-scan,1,1,1,1.210493323,0.0333209,19.019433,0.030707050000000003,17.4574825,,,264464,1525696
small,incremental,count,spread,i-weights,1,1,2,1.042285783,0.029002800000000002,7.91433,0.026807699999999997,5.182849,,,444704,1525696
small,incremental,count,spread,i-custom,1,1,3,0.672153953,0.01199295,3.6466283333333336,0.0097688,2.4676535,,,712988,1525696
small,incremental,count,spread,i-runtime,1,1,4,1.224093515,0.032696750000000004,19.044977499999998,0.030769599999999998,17.511233166666667,,,297232,1525696
small,incremental,count,spread,i-scan,1,2,0,1.205858141,0.03270725,18.942140000000002,0.031144849999999995,17.5267825,,,264464,1525696
small,incremental,count,spread,i-weights,1,2,1,1.044035754,0.027463949999999997,7.935411333333334,0.026563750000000004,5.193799666666666,,,436512,1525696
small,incremental,count,spread,i-custom,1,2,2,0.668534786,0.01102415,4.1186175,0.0091802,2.511372,,,713500,1525696
small,incremental,count,spread,i-runtime,1,2,3,1.218430203,0.03242525,18.988829166666665,0.031681350000000004,17.490526166666665,,,297232,1525696
small,incremental,count,spread,i-main,1,2,4,1.66137882,0.04603125,24.115107166666665,0.041527749999999995,20.994508999999997,,,438560,1525696
small,incremental,count,spread,i-weights,1,3,0,1.041939911,0.028183800000000002,8.004794500000001,0.025806299999999997,5.224836,,,454940,1525696
small,incremental,count,spread,i-custom,1,3,1,0.660809559,0.0106174,3.6029423333333335,0.0087158,2.6245016666666667,,,712984,1525696
small,incremental,count,spread,i-runtime,1,3,2,1.218819909,0.03375125,19.088276166666667,0.03162925,17.519272833333332,,,297236,1525696
small,incremental,count,spread,i-main,1,3,3,1.653712169,0.04646955,24.50492033333333,0.04349945,21.2508895,,,438560,1525696
small,incremental,count,spread,i-scan,1,3,4,1.206601828,0.032651150000000004,18.897498833333334,0.02980835,17.41014183333333,,,264468,1525696
small,incremental,count,spread,i-custom,1,4,0,0.663517059,0.01080025,3.674292833333333,0.008801,2.4435461666666667,,,712984,1525696
small,incremental,count,spread,i-runtime,1,4,1,1.219118038,0.03243025,19.0345215,0.03163725,17.553748000000002,,,297232,1525696
small,incremental,count,spread,i-main,1,4,2,1.646594784,0.046519649999999996,24.0739165,0.043109749999999995,20.814323166666668,,,438560,1525696
small,incremental,count,spread,i-scan,1,4,3,1.208229708,0.03137725,19.0039175,0.03072355,17.576362166666666,,,264464,1525696
small,incremental,count,spread,i-weights,1,4,4,1.041415852,0.0268949,7.978259166666667,0.02504945,5.255069,,,454948,1525696
large,incremental,min,spread,i-custom,1,-1,0,0.632323713,0.01704295,0.1603686666666667,0.007564649999999999,0.04041566666666666,,,397584,5704
large,incremental,min,spread,i-runtime,1,-1,1,0.996000988,3.0536369,48.003635833333334,3.0658087000000003,47.483985999999994,,,295184,5704
large,incremental,min,spread,i-main,1,-1,2,1.404491666,3.074772,47.387548,3.0297200999999996,46.7470985,,,356624,5704
large,incremental,min,spread,i-scan,1,-1,3,0.975442902,3.02526925,47.03909366666667,2.98149625,46.28641083333334,,,264468,5704
large,incremental,min,spread,i-endpoint,1,-1,4,0.9738935,3.05768895,47.467105333333336,3.5379554499999997,46.57982533333333,,,264464,5704
large,incremental,min,spread,i-hier,1,-1,5,1.060059924,0.2143354,2.8352231666666667,0.1585635,1.9554505000000002,,,297232,5704
large,incremental,min,spread,i-runtime,1,0,0,0.996548949,3.0595929,47.27233483333333,3.0222845000000005,46.84825583333333,,,295188,5704
large,incremental,min,spread,i-main,1,0,1,1.397505556,3.0718939,47.35623733333333,3.0320102,46.785843666666665,,,356628,5704
large,incremental,min,spread,i-scan,1,0,2,0.9764077,3.038015,47.52278883333333,3.0192733499999997,47.40256866666667,,,264464,5704
large,incremental,min,spread,i-endpoint,1,0,3,0.972063264,3.0050097,46.49406566666667,2.97575035,46.0607525,,,264464,5704
large,incremental,min,spread,i-hier,1,0,4,1.058137281,0.21629715,2.850335166666667,0.15923325000000002,1.974770333333333,,,297232,5704
large,incremental,min,spread,i-custom,1,0,5,0.631182867,0.016461350000000003,0.15320366666666665,0.00928335,0.04093666666666667,,,398100,5704
large,incremental,min,spread,i-main,1,1,0,1.402994955,3.1569693500000002,49.593416166666664,3.1713658,49.0943765,,,356624,5704
large,incremental,min,spread,i-scan,1,1,1,0.975660457,3.0508952,48.650323166666674,3.1297639000000004,47.020303500000004,,,264468,5704
large,incremental,min,spread,i-endpoint,1,1,2,0.974136383,2.9850824000000005,46.28970016666667,2.96300155,45.97561016666666,,,264464,5704
large,incremental,min,spread,i-hier,1,1,3,1.056536065,0.2133556,2.8242865,0.15862405,1.9480036666666667,,,297236,5704
large,incremental,min,spread,i-custom,1,1,4,0.630169623,0.017268350000000002,0.15377816666666666,0.00787425,0.040060000000000005,,,397584,5704
large,incremental,min,spread,i-runtime,1,1,5,0.994698697,3.0621739,48.4946845,3.0813798500000003,48.073662500000005,,,295184,5704
large,incremental,min,spread,i-scan,1,2,0,0.973263371,3.0679046000000003,47.542422499999994,3.0580461,47.34852433333334,,,264468,5704
large,incremental,min,spread,i-endpoint,1,2,1,0.974240148,3.0251275,47.660927833333325,3.08414705,47.778690000000005,,,264468,5704
large,incremental,min,spread,i-hier,1,2,2,1.059456525,0.21439805,2.8354793333333332,0.16025915,1.9628315,,,297232,5704
large,incremental,min,spread,i-custom,1,2,3,0.629431963,0.01635315,0.15098283333333334,0.0079529,0.040242,,,397584,5704
large,incremental,min,spread,i-runtime,1,2,4,0.995867853,3.05836795,47.32524733333333,3.0179277000000004,46.712027,,,295188,5704
large,incremental,min,spread,i-main,1,2,5,1.399107879,3.0851155500000003,47.49100766666667,3.04790335,47.03097616666667,,,356624,5704
large,incremental,min,spread,i-endpoint,1,3,0,0.971675861,2.9896157,46.26752283333334,3.02094585,46.98893566666666,,,264468,5704
large,incremental,min,spread,i-hier,1,3,1,1.058743364,0.21660174999999998,2.8342190000000005,0.1600849,1.9501931666666665,,,297232,5704
large,incremental,min,spread,i-custom,1,3,2,0.626546176,0.015718950000000002,0.15414383333333334,0.007505099999999999,0.041596333333333325,,,398096,5704
large,incremental,min,spread,i-runtime,1,3,3,0.994408014,3.0398137,47.09375266666666,2.99878885,46.55757,,,295184,5704
large,incremental,min,spread,i-main,1,3,4,1.399080216,3.06318945,47.23629449999999,3.0184516500000003,46.67841633333333,,,356624,5704
large,incremental,min,spread,i-scan,1,3,5,0.974825603,3.0245641500000002,47.69744166666666,2.99505485,46.4145955,,,264468,5704
large,incremental,min,spread,i-hier,1,4,0,1.057869081,0.21499625,2.8331041666666668,0.158287,1.9479125,,,297236,5704
large,incremental,min,spread,i-custom,1,4,1,0.630814824,0.0160521,0.15384816666666665,0.00762775,0.038871166666666665,,,397584,5704
large,incremental,min,spread,i-runtime,1,4,2,0.994504471,3.0487113999999997,47.303071499999994,3.02301225,46.90199016666667,,,295188,5704
large,incremental,min,spread,i-main,1,4,3,1.401350427,3.07483735,47.33295416666667,3.028486,46.855249166666674,,,356628,5704
large,incremental,min,spread,i-scan,1,4,4,0.973990962,3.0341175500000004,47.055142,3.0224066499999998,46.7584195,,,264464,5704
large,incremental,min,spread,i-endpoint,1,4,5,0.973879464,2.9967068,46.41076316666667,2.9623589499999996,45.994667,,,264464,5704
large,incremental,max,spread,i-custom,1,-1,0,0.633430516,0.0171987,0.15205816666666666,0.0083797,0.05289733333333333,,,397584,5704
large,incremental,max,spread,i-runtime,1,-1,1,0.996470523,3.0628226,47.69801983333334,3.0490062,47.212218166666666,,,295184,5704
large,incremental,max,spread,i-main,1,-1,2,1.40348749,3.0677132,47.1875705,3.0201251,46.602072,,,356628,5704
large,incremental,max,spread,i-scan,1,-1,3,0.973743011,3.02805545,46.983003833333335,3.00389215,46.48404916666667,,,264468,5704
large,incremental,max,spread,i-endpoint,1,-1,4,0.97219402,2.9875870499999997,46.446360166666665,2.9688158,46.031473,,,264468,5704
large,incremental,max,spread,i-hier,1,-1,5,1.063152048,0.21461085,2.8388871666666664,0.08442999999999999,0.9705786666666666,,,297236,5704
large,incremental,max,spread,i-runtime,1,0,0,0.998134849,3.0614539,47.35047733333334,3.02620185,47.23605466666667,,,295188,5704
large,incremental,max,spread,i-main,1,0,1,1.403553708,3.0689785,47.25631933333333,3.0349893,46.76538766666667,,,356624,5704
large,incremental,max,spread,i-scan,1,0,2,0.975966837,3.0297966,46.93665116666667,3.0107234000000003,46.538184,,,264464,5704
large,incremental,max,spread,i-endpoint,1,0,3,0.973597708,2.98906235,46.60078416666667,2.9628182499999998,46.053668833333326,,,264464,5704
large,incremental,max,spread,i-hier,1,0,4,1.058605636,0.2131539,2.8431908333333333,0.0839631,0.9693023333333333,,,297236,5704
large,incremental,max,spread,i-custom,1,0,5,0.630942085,0.016062100000000003,0.1509495,0.00830405,0.05373733333333333,,,397588,5704
large,incremental,max,spread,i-main,1,1,0,1.401372734,3.0830135000000003,47.384047,3.0470951499999996,46.90450333333334,,,356628,5704
large,incremental,max,spread,i-scan,1,1,1,0.981426806,3.111343,48.24008433333333,3.0902158999999996,47.77819316666666,,,264468,5704
large,incremental,max,spread,i-endpoint,1,1,2,0.975556572,3.1230475,46.9258265,3.0209370499999997,46.959124,,,264464,5704
large,incremental,max,spread,i-hier,1,1,3,1.057748129,0.2126382,2.826409833333333,0.08340735,0.9636853333333333,,,297236,5704
large,incremental,max,spread,i-custom,1,1,4,0.631844352,0.0171747,0.15415566666666666,0.0080456,0.05321466666666666,,,397588,5704
large,incremental,max,spread,i-runtime,1,1,5,0.998225187,3.05235245,47.35796366666667,3.0393490499999998,47.70048483333333,,,295188,5704
large,incremental,max,spread,i-scan,1,2,0,0.978754929,3.03060655,47.132807333333325,3.01369135,46.86211333333333,,,264464,5704
large,incremental,max,spread,i-endpoint,1,2,1,0.974404581,3.03785315,47.474367666666666,3.0532624999999998,46.80033266666666,,,264468,5704
large,incremental,max,spread,i-hier,1,2,2,1.060277419,0.21512064999999997,2.882615166666666,0.0844142,0.9606501666666666,,,297232,5704
large,incremental,max,spread,i-custom,1,2,3,0.629536802,0.0166968,0.15468983333333333,0.0080631,0.051237666666666674,,,397584,5704
large,incremental,max,spread,i-runtime,1,2,4,0.998569414,3.04820605,47.63978733333334,3.08949845,47.76356583333334,,,295184,5704
large,incremental,max,spread,i-main,1,2,5,1.402590394,3.09297145,47.89611233333333,3.04123505,46.78060766666667,,,356624,5704
large,incremental,max,spread,i-endpoint,1,3,0,0.973541967,2.98870315,46.249748333333336,2.95760135,46.00279583333333,,,264464,5704
large,incremental,max,spread,i-hier,1,3,1,1.064825546,0.218072,3.0870845,0.08452385,0.9752235000000001,,,297236,5704
large,incremental,max,spread,i-custom,1,3,2,0.633004829,0.01586775,0.1476215,0.00793085,0.0519675,,,398096,5704
large,incremental,max,spread,i-runtime,1,3,3,0.997785963,3.0597858,47.44503733333334,3.03017285,47.17827916666667,,,295184,5704
large,incremental,max,spread,i-main,1,3,4,1.408579889,3.1048747000000003,47.709652,3.088477,46.95137616666667,,,356628,5704
large,incremental,max,spread,i-scan,1,3,5,0.97693577,3.0531122500000003,47.362139333333324,3.0228665500000003,46.954099500000005,,,264464,5704
large,incremental,max,spread,i-hier,1,4,0,1.061596693,0.21911505,2.9090725,0.08316485,0.9703431666666668,,,297232,5704
large,incremental,max,spread,i-custom,1,4,1,0.632765025,0.0161603,0.153364,0.0084258,0.05292249999999999,,,397584,5704
large,incremental,max,spread,i-runtime,1,4,2,0.997489702,3.079139,47.6133115,3.0275337999999996,47.182654500000005,,,295188,5704
large,incremental,max,spread,i-main,1,4,3,1.40673795,3.0854871499999996,47.45444266666667,3.038469,46.69545250000001,,,356624,5704
large,incremental,max,spread,i-scan,1,4,4,0.974231124,3.04140905,46.79358633333333,2.97745575,46.20728483333334,,,264464,5704
large,incremental,max,spread,i-endpoint,1,4,5,0.972970362,3.0142542000000003,46.59282033333333,2.9676649,46.09524833333333,,,264468,5704
large,incremental,sum,spread,i-custom,1,-1,0,0.622584115,0.0095985,0.047746166666666666,0.00946175,0.03768233333333334,,,702744,10408
large,incremental,sum,spread,i-runtime,1,-1,1,0.994159113,3.05392025,47.173130500000006,3.0141993499999997,46.69975683333334,,,295184,10408
large,incremental,sum,spread,i-main,1,-1,2,1.407380211,3.0853458,47.47134616666667,3.0548687,47.70336216666667,,,356624,10408
large,incremental,sum,spread,i-scan,1,-1,3,0.974631995,3.05088875,47.178906833333336,3.04072475,47.04865966666667,,,264468,10408
large,incremental,sum,spread,i-weights,1,-1,4,1.003427464,0.03355935,0.18172866666666668,0.029136050000000004,0.11255083333333332,,,358480,10408
large,incremental,sum,spread,i-runtime,1,0,0,0.994353393,3.06611275,47.35341533333334,3.03374095,46.943376,,,295184,10408
large,incremental,sum,spread,i-main,1,0,1,1.401220283,3.07079635,47.193598,3.0283348500000002,46.98593916666667,,,356628,10408
large,incremental,sum,spread,i-scan,1,0,2,0.97220498,3.03561445,47.09283933333333,3.0213933500000003,46.729328333333335,,,264464,10408
large,incremental,sum,spread,i-weights,1,0,3,0.996206778,0.0333575,0.18097566666666667,0.028738800000000002,0.10968866666666666,,,358480,10408
large,incremental,sum,spread,i-custom,1,0,4,0.622794523,0.009961649999999999,0.04730183333333334,0.00908605,0.038398666666666664,,,702744,10408
large,incremental,sum,spread,i-main,1,1,0,1.399318213,3.0696177000000002,47.202311,3.02699185,47.055406166666664,,,356624,10408
large,incremental,sum,spread,i-scan,1,1,1,0.973358819,3.0138821,46.97366783333334,3.01650605,47.22638916666667,,,264464,10408
large,incremental,sum,spread,i-weights,1,1,2,0.999715528,0.031710350000000005,0.18463233333333331,0.02706265,0.10820766666666666,,,358476,10408
large,incremental,sum,spread,i-custom,1,1,3,0.62181589,0.00978385,0.05114083333333333,0.0093926,0.038107999999999996,,,702748,10408
large,incremental,sum,spread,i-runtime,1,1,4,0.994333043,3.0436483500000002,47.232021333333336,3.0136577000000004,46.738158166666665,,,295188,10408
large,incremental,sum,spread,i-scan,1,2,0,0.974043645,3.0259796,47.00185833333333,2.9948923499999998,46.123917,,,264468,10408
large,incremental,sum,spread,i-weights,1,2,1,1.000462126,0.0313065,0.18115866666666666,0.027397700000000004,0.10836766666666665,,,358480,10408
large,incremental,sum,spread,i-custom,1,2,2,0.620131687,0.009769249999999998,0.04924883333333333,0.00891015,0.03707933333333333,,,702744,10408
large,incremental,sum,spread,i-runtime,1,2,3,0.994560403,3.06485785,48.103281333333335,3.08496145,47.709648833333326,,,295184,10408
large,incremental,sum,spread,i-main,1,2,4,1.401414461,3.0681024,47.217605333333324,3.0438345,47.216399499999994,,,356628,10408
large,incremental,sum,spread,i-weights,1,3,0,1.001833387,0.0313993,0.18327333333333332,0.027160900000000005,0.10748800000000001,,,358480,10408
large,incremental,sum,spread,i-custom,1,3,1,0.619365216,0.0099221,0.04771449999999999,0.009848,0.03815316666666667,,,702744,10408
large,incremental,sum,spread,i-runtime,1,3,2,0.995775158,3.0558047000000004,47.22530883333334,3.03202915,46.60405216666667,,,295184,10408
large,incremental,sum,spread,i-main,1,3,3,1.40410752,3.06731275,47.82292666666666,3.07767415,47.86860383333334,,,356624,10408
large,incremental,sum,spread,i-scan,1,3,4,0.974032296,3.0282074999999997,47.114326166666665,3.09683705,47.556556,,,264464,10408
large,incremental,sum,spread,i-custom,1,4,0,0.6188394,0.0106219,0.04658566666666667,0.008985299999999998,0.039933166666666665,,,702744,10408
large,incremental,sum,spread,i-runtime,1,4,1,0.993159884,3.0406533,47.292999,3.09939535,47.9305615,,,295184,10408
large,incremental,sum,spread,i-main,1,4,2,1.396256586,3.06721045,47.15599933333334,3.0266906,47.04282750000001,,,356624,10408
large,incremental,sum,spread,i-scan,1,4,3,0.97210106,3.00856515,46.68870916666666,3.00014585,46.52286516666667,,,264468,10408
large,incremental,sum,spread,i-weights,1,4,4,0.998017503,0.03333045,0.18145666666666668,0.027739950000000003,0.1135325,,,358484,10408
large,incremental,count,spread,i-custom,1,-1,0,0.624136528,0.010230699999999999,0.050561333333333326,0.009373099999999999,0.040612666666666665,,,702744,10408
large,incremental,count,spread,i-runtime,1,-1,1,0.9935543,3.0690584000000003,47.500784333333335,3.05732035,48.54167433333333,,,295184,10408
large,incremental,count,spread,i-main,1,-1,2,1.402999994,3.0936384,47.87097433333333,3.0772968,47.73030533333334,,,356628,10408
large,incremental,count,spread,i-scan,1,-1,3,0.972293106,3.023236,46.643628,2.9965138999999996,46.25448733333334,,,264468,10408
large,incremental,count,spread,i-weights,1,-1,4,0.997748762,0.030810750000000005,0.1761265,0.02602775,0.10720600000000001,,,358156,10408
large,incremental,count,spread,i-runtime,1,0,0,0.995015332,3.03171785,48.52626633333333,3.121482,48.25989799999999,,,295184,10408
large,incremental,count,spread,i-main,1,0,1,1.402182031,3.09272765,47.62993733333334,3.0730808,47.884242,,,356628,10408
large,incremental,count,spread,i-scan,1,0,2,0.973717341,3.00049665,46.577375666666676,2.9878188999999997,46.206280166666666,,,264468,10408
large,incremental,count,spread,i-weights,1,0,3,0.995586333,0.0312962,0.17272050000000003,0.02698955,0.10667650000000001,,,358156,10408
large,incremental,count,spread,i-custom,1,0,4,0.617342289,0.0098369,0.047128333333333335,0.00901085,0.03750033333333334,,,702748,10408
large,incremental,count,spread,i-main,1,1,0,1.403328189,3.0905584,47.630856666666666,3.0532554999999997,47.551250833333334,,,356624,10408
large,incremental,count,spread,i-scan,1,1,1,0.97370232,3.00069345,46.5041785,2.9709487,46.052609666666676,,,264464,10408
large,incremental,count,spread,i-weights,1,1,2,0.99598082,0.03193335,0.17490766666666668,0.02712535,0.10730783333333334,,,358160,10408
large,incremental,count,spread,i-custom,1,1,3,0.625751404,0.0102297,0.0509705,0.0092839,0.0384805,,,702748,10408
large,incremental,count,spread,i-runtime,1,1,4,0.995108721,3.0226826,47.07023,3.0255189,46.7509485,,,295188,10408
large,incremental,count,spread,i-scan,1,2,0,0.974747437,3.0047324499999997,46.60033950000001,2.9724218999999996,45.94418316666667,,,264464,10408
large,incremental,count,spread,i-weights,1,2,1,0.99498009,0.030906450000000002,0.1750246666666667,0.02589305,0.10683683333333333,,,358156,10408
large,incremental,count,spread,i-custom,1,2,2,0.618721773,0.0096145,0.04660566666666666,0.00957245,0.03768066666666667,,,702744,10408
large,incremental,count,spread,i-runtime,1,2,3,0.994733085,3.0210505,46.842702833333334,2.9964359,46.41998933333334,,,295184,10408
large,incremental,count,spread,i-main,1,2,4,1.400581961,3.11102055,47.83396316666667,3.07770915,47.690056999999996,,,356628,10408
large,incremental,count,spread,i-weights,1,3,0,0.997000171,0.029400100000000002,0.17428983333333334,0.02546925,0.10367433333333333,,,358160,10408
large,incremental,count,spread,i-custom,1,3,1,0.622733279,0.0097397,0.048310500000000006,0.00893325,0.04228766666666667,,,702748,10408
large,incremental,count,spread,i-runtime,1,3,2,0.995821243,3.06630225,47.325933166666665,3.0365941,48.02150783333334,,,295188,10408
large,incremental,count,spread,i-main,1,3,3,1.403874231,3.0909727,47.58154149999999,3.0505424000000003,47.51461766666666,,,356624,10408
large,incremental,count,spread,i-scan,1,3,4,0.973062235,3.0078484,46.553112999999996,2.98661565,46.230532166666656,,,264468,10408
large,incremental,count,spread,i-custom,1,4,0,0.618878073,0.0097553,0.046220000000000004,0.0087504,0.03959083333333333,,,702744,10408
large,incremental,count,spread,i-runtime,1,4,1,0.990903389,3.02205805,46.844714333333336,2.9941277,46.39626749999999,,,295188,10408
large,incremental,count,spread,i-main,1,4,2,1.403039429,3.1072612,48.049991,3.1152095,47.85039866666667,,,356624,10408
large,incremental,count,spread,i-scan,1,4,3,0.971774624,3.06181195,47.71954016666667,3.0598707999999997,47.498223833333334,,,264468,10408
large,incremental,count,spread,i-weights,1,4,4,0.990697483,0.030629350000000007,0.172787,0.0259326,0.10644766666666666,,,358156,10408
small-dup,incremental,min,spread,i-custom,1,-1,0,0.397718805,0.0109901,3.8879851666666667,0.0083757,1.9065783333333333,0.00666395,0.7686598333333333,397588,512848
small-dup,incremental,min,spread,i-runtime,1,-1,1,0.778779975,0.03531915,23.232325499999998,0.027356750000000003,14.104965166666666,0.0252483,12.785815666666666,295184,512848
small-dup,incremental,min,spread,i-main,1,-1,2,0.872710238,0.048116149999999996,29.502797333333334,0.0388087,17.0832295,0.0189595,2.7048303333333332,295184,512848
small-dup,incremental,min,spread,i-scan,1,-1,3,0.761441955,0.03439995,22.469999166666668,0.02596565,14.015526000000001,0.026001200000000002,12.746418333333333,260364,512848
small-dup,incremental,min,spread,i-endpoint,1,-1,4,0.762358752,0.0334662,22.423421833333332,0.02511255,14.082409499999999,0.02424945,12.669384166666667,260364,512848
small-dup,incremental,min,spread,i-hier,1,-1,5,1.119552459,0.06457700000000001,40.9658915,0.04918615,23.721098166666668,0.030388950000000005,8.872754833333333,293136,512848
small-dup,incremental,min,spread,i-runtime,1,0,0,0.778920383,0.03357790000000001,23.178946,0.02692645,14.114730833333335,0.02605585,12.754777833333334,295184,512848
small-dup,incremental,min,spread,i-main,1,0,1,0.871885744,0.04683375,29.78004316666667,0.038350850000000006,17.157579833333333,0.0182492,2.7234173333333334,295188,512848
small-dup,incremental,min,spread,i-scan,1,0,2,0.761872374,0.033924550000000005,22.511989833333335,0.02613745,14.035183333333334,0.0255719,12.69367,260364,512848
small-dup,incremental,min,spread,i-endpoint,1,0,3,0.760611982,0.03399665,22.352424,0.02634435,13.874712666666666,0.02454195,12.589369666666668,260364,512848
small-dup,incremental,min,spread,i-hier,1,0,4,1.119913426,0.06421784999999999,41.015573833333335,0.04875085,23.644495000000003,0.029598949999999995,8.647823833333332,293136,512848
small-dup,incremental,min,spread,i-custom,1,0,5,0.404417128,0.0106069,3.9416558333333334,0.0081102,1.9465498333333333,0.0069450499999999995,0.7796673333333334,397588,512848
small-dup,incremental,min,spread,i-main,1,1,0,0.871862089,0.0470251,29.347114333333334,0.03786095,17.056237333333332,0.01935375,2.787148,295188,512848
small-dup,incremental,min,spread,i-scan,1,1,1,0.759574805,0.03386545,22.535408500000003,0.026158550000000003,14.040606333333331,0.024547000000000003,12.787230166666665,260364,512848
small-dup,incremental,min,spread,i-endpoint,1,1,2,0.760321995,0.03336650000000001,22.29056316666667,0.02584645,13.924094833333333,0.02525985,12.615003999999999,260364,512848
small-dup,incremental,min,spread,i-hier,1,1,3,1.120392115,0.0635215,41.37092416666666,0.0486597,23.91032266666667,0.02922175,8.636055166666667,293132,512848
small-dup,incremental,min,spread,i-custom,1,1,4,0.398109351,0.01059335,3.8570273333333334,0.0081012,1.9309673333333333,0.006456099999999999,0.7714216666666666,397588,512848
small-dup,incremental,min,spread,i-runtime,1,1,5,0.777186475,0.03480675,23.146772,0.0271529,14.0302825,0.02608635,12.713425166666667,295184,512848
small-dup,incremental,min,spread,i-scan,1,2,0,0.759806184,0.03321825,22.369577666666668,0.02586545,14.030985166666667,0.02387325,12.920934,260364,512848
small-dup,incremental,min,spread,i-endpoint,1,2,1,0.759982865,0.0332633,22.333459833333333,0.024666199999999996,13.8993755,0.02394185,12.607511833333332,260364,512848
small-dup,incremental,min,spread,i-hier,1,2,2,1.120469495,0.06642845,40.858008833333336,0.0495879,23.598947499999998,0.0297207,8.6053455,293136,512848
small-dup,incremental,min,spread,i-custom,1,2,3,0.399018169,0.01105475,3.8980245,0.0084779,1.9283745,0.006879400000000001,0.7952431666666665,398100,512848
small-dup,incremental,min,spread,i-runtime,1,2,4,0.779111562,0.03399365,23.216310833333335,0.0262687,14.089588333333333,0.026285749999999997,12.8752935,295184,512848
small-dup,incremental,min,spread,i-main,1,2,5,0.872462955,0.04622765,29.304024,0.037742700000000004,17.017997833333332,0.019312199999999998,2.7600459999999996,295184,512848
small-dup,incremental,min,spread,i-endpoint,1,3,0,0.759832836,0.0325565,22.4760485,0.02615755,13.876495833333331,0.02426045,12.584404999999999,260364,512848
small-dup,incremental,min,spread,i-hier,1,3,1,1.116883947,0.0652312,41.051845,0.04913405,23.599672,0.030315799999999997,8.817997166666666,293136,512848
small-dup,incremental,min,spread,i-custom,1,3,2,0.394473661,0.01080775,3.907428833333333,0.0089568,1.9206050000000001,0.00745495,0.7711998333333333,397584,512848
small-dup,incremental,min,spread,i-runtime,1,3,3,0.77825024,0.033485749999999995,23.32634333333333,0.0264766,14.322992333333332,0.0261154,12.872426333333332,295184,512848
small-dup,incremental,min,spread,i-main,1,3,4,0.873708039,0.04804605,29.430571166666667,0.038962000000000004,17.005563,0.01886835,2.729141333333333,295180,512848
small-dup,incremental,min,spread,i-scan,1,3,5,0.761286549,0.0334742,22.438955833333335,0.02525185,14.100907999999999,0.025416099999999997,12.879701833333334,260364,512848
small-dup,incremental,min,spread,i-hier,1,4,0,1.120468007,0.06433304999999999,41.190928,0.04965,23.752488666666668,0.031099250000000002,8.710657666666666,293136,512848
small-dup,incremental,min,spread,i-custom,1,4,1,0.399877371,0.01054175,3.837902,0.0087484,1.9236390000000003,0.0063885,0.7701311666666667,397588,512848
small-dup,incremental,min,spread,i-runtime,1,4,2,0.779239746,0.03441745,23.198365499999998,0.027181450000000003,14.087513000000001,0.025045900000000003,12.7299195,295184,512848
small-dup,incremental,min,spread,i-main,1,4,3,0.871067756,0.04780305,29.343456666666665,0.0389049,17.127732166666664,0.0190011,2.707616,295184,512848
small-dup,incremental,min,spread,i-scan,1,4,4,0.760797985,0.0334171,22.421409666666666,0.02462365,14.050725666666667,0.02378105,12.660613,260364,512848
small-dup,incremental,min,spread,i-endpoint,1,4,5,0.760022412,0.03327235,22.403305999999997,0.025986150000000003,13.960605333333334,0.0239013,12.717038833333334,260364,512848
small-dup,incremental,max,spread,i-custom,1,-1,0,0.402517878,0.0115832,4.117547666666667,0.0086637,2.161442,0.007827150000000001,1.1674785,397584,512848
small-dup,incremental,max,spread,i-runtime,1,-1,1,0.786118933,0.03489785,23.325975999999997,0.025811850000000004,14.179516833333333,0.024947249999999997,12.741888833333332,295184,512848
small-dup,incremental,max,spread,i-main,1,-1,2,0.869744744,0.04669495,29.259323166666665,0.0381279,16.917301666666667,0.01824665,2.7679196666666672,295184,512848
small-dup,incremental,max,spread,i-scan,1,-1,3,0.762063744,0.03391555,22.587519333333333,0.025218249999999998,14.056143999999998,0.02437415,12.753330166666666,260364,512848
small-dup,incremental,max,spread,i-endpoint,1,-1,4,0.760612706,0.033196199999999995,22.295136666666668,0.024569,13.943651500000001,0.023956349999999998,12.677878833333333,260368,512848
small-dup,incremental,max,spread,i-hier,1,-1,5,1.120729487,0.06469215,40.994695,0.04925925,23.9687715,0.03100705,8.752992999999998,293136,512848
small-dup,incremental,max,spread,i-runtime,1,0,0,0.785322207,0.03538375,23.2290895,0.027555100000000006,14.183147666666665,0.02554535,12.752560333333335,295184,512848
small-dup,incremental,max,spread,i-main,1,0,1,0.871130312,0.0481602,29.552206833333333,0.03772665,16.969442833333336,0.019782550000000003,2.7344646666666663,295188,512848
small-dup,incremental,max,spread,i-scan,1,0,2,0.76394947,0.03512030000000001,22.839319500000002,0.0266434,13.951528999999999,0.025710149999999998,12.815624999999999,260368,512848
small-dup,incremental,max,spread,i-endpoint,1,0,3,0.76109842,0.0339586,22.60774583333333,0.025107499999999998,14.157284499999998,0.02410515,12.832825666666666,260364,512848
small-dup,incremental,max,spread,i-hier,1,0,4,1.119063945,0.0643486,40.88695333333333,0.04922725000000001,23.673144333333337,0.029616000000000003,8.614249,293136,512848
small-dup,incremental,max,spread,i-custom,1,0,5,0.397550835,0.0110372,4.089798166666666,0.008357149999999999,2.1502715,0.006820799999999999,1.0423793333333333,397584,512848
small-dup,incremental,max,spread,i-main,1,1,0,0.870189604,0.04699199999999999,29.4024455,0.0381795,16.949291666666667,0.0183063,2.745707,295188,512848
small-dup,incremental,max,spread,i-scan,1,1,1,0.759990255,0.033190700000000004,22.506580666666665,0.0244884,14.075574833333334,0.0245896,12.728108999999998,260364,512848
small-dup,incremental,max,spread,i-endpoint,1,1,2,0.763576101,0.033623,22.7198585,0.025194650000000002,13.853772833333332,0.025034900000000006,12.767871833333333,260368,512848
small-dup,incremental,max,spread,i-hier,1,1,3,1.116601375,0.06373140000000001,40.863183666666664,0.04904535,23.6839495,0.0310331,8.683298333333333,293140,512848
small-dup,incremental,max,spread,i-custom,1,1,4,0.402507811,0.011388800000000001,4.180095666666667,0.00856855,2.1754236666666666,0.007163899999999999,1.1746656666666666,397588,512848
small-dup,incremental,max,spread,i-runtime,1,1,5,0.785749217,0.0337492,23.30615333333333,0.027286150000000002,14.522169833333335,0.02599975,12.757851333333335,295184,512848
small-dup,incremental,max,spread,i-scan,1,2,0,0.761945624,0.033541350000000004,23.08266983333333,0.025364549999999996,14.0739685,0.024046500000000002,12.972503333333334,260364,512848
small-dup,incremental,max,spread,i-endpoint,1,2,1,0.764864603,0.03254295,22.703011833333335,0.025023850000000004,13.876111166666668,0.024038499999999997,12.743225666666666,260360,512848
small-dup,incremental,max,spread,i-hier,1,2,2,1.118264267,0.06455695,40.884533499999996,0.0496675,23.738054166666668,0.02991455,8.582654833333335,293136,512848
small-dup,incremental,max,spread,i-custom,1,2,3,0.399471361,0.0113458,4.161248666666666,0.0090695,2.1686558333333337,0.0070161500000000005,1.0508335,397588,512848
small-dup,incremental,max,spread,i-runtime,1,2,4,0.78474613,0.034801700000000005,23.254865666666664,0.02603225,14.190067666666666,0.0259401,12.881718333333334,295180,512848
small-dup,incremental,max,spread,i-main,1,2,5,0.870569535,0.0474709,29.309411833333332,0.038525149999999994,16.851421,0.01859985,2.7117999999999998,295184,512848
small-dup,incremental,max,spread,i-endpoint,1,3,0,0.760766489,0.0335684,22.254267,0.025647050000000005,13.897522500000001,0.02393185,12.650661666666666,260368,512848
small-dup,incremental,max,spread,i-hier,1,3,1,1.115298231,0.06569055,40.9632145,0.049551300000000006,23.600684333333334,0.02998165,8.578595333333334,293136,512848
small-dup,incremental,max,spread,i-custom,1,3,2,0.39774328,0.0111554,4.060748666666667,0.008413750000000001,2.1736033333333333,0.00690345,1.1546478333333334,397588,512848
small-dup,incremental,max,spread,i-runtime,1,3,3,0.785692482,0.0349705,23.227688833333332,0.0269345,14.255856999999999,0.026073350000000002,12.819255833333331,295188,512848
small-dup,incremental,max,spread,i-main,1,3,4,0.868084677,0.04903635,29.45549716666667,0.04004755,16.82584316666667,0.0196919,2.7306085,295184,512848
small-dup,incremental,max,spread,i-scan,1,3,5,0.758622933,0.0333074,22.660521166666665,0.025633499999999997,14.092003333333333,0.023936850000000003,12.847430333333334,260364,512848
small-dup,incremental,max,spread,i-hier,1,4,0,1.119854842,0.06461055,41.334200833333334,0.04930785,23.87049833333333,0.0307967,8.649239666666666,293136,512848
small-dup,incremental,max,spread,i-custom,1,4,1,0.40167296,0.011037700000000001,4.033189833333334,0.0090234,2.0563568333333335,0.007518550000000001,1.0540493333333334,397584,512848
small-dup,incremental,max,spread,i-runtime,1,4,2,0.78568137,0.034883800000000006,23.183249333333332,0.02602525,14.311639833333333,0.026010699999999998,13.070588333333333,295184,512848
small-dup,incremental,max,spread,i-main,1,4,3,0.868580374,0.04781505,29.393415500000003,0.037999149999999995,16.79524866666667,0.0185788,2.7152911666666664,295184,512848
small-dup,incremental,max,spread,i-scan,1,4,4,0.762202961,0.03345965,22.452498833333333,0.025193150000000004,13.985086333333335,0.033604449999999994,12.790472,260364,512848
small-dup,incremental,max,spread,i-endpoint,1,4,5,0.761028842,0.03344165,22.402941,0.025748749999999997,13.9625225,0.02406355,12.715493500000001,260364,512848
small-dup,incremental,sum,spread,i-custom,1,-1,0,0.42030922,0.0109495,4.2492323333333335,0.0091882,2.5110048333333332,0.00702715,1.1398031666666666,391440,775696
small-dup,incremental,sum,spread,i-runtime,1,-1,1,0.779844078,0.03378175,23.205665333333332,0.03266365,19.344885666666666,0.02599925,12.313433666666668,295184,775696
small-dup,incremental,sum,spread,i-main,1,-1,2,0.870384746,0.04734415,29.142068,0.04395185,22.08959,0.018656449999999998,2.7606406666666667,295184,775696
small-dup,incremental,sum,spread,i-scan,1,-1,3,0.761881173,0.0324933,22.426117,0.031762,19.418188,0.02487105,12.254404833333334,260364,775696
small-dup,incremental,sum,spread,i-weights,1,-1,4,0.733889132,0.029548849999999998,10.437206,0.027183950000000002,7.360738666666667,0.0190026,2.735390166666667,293648,775696
small-dup,incremental,sum,spread,i-runtime,1,0,0,0.78186905,0.0348181,23.21492433333333,0.032749249999999994,19.277001666666667,0.02500425,12.304051166666667,295184,775696
small-dup,incremental,sum,spread,i-main,1,0,1,0.870342836,0.0465731,29.224037666666664,0.0434873,22.126539333333337,0.01837535,2.7193391666666664,295184,775696
small-dup,incremental,sum,spread,i-scan,1,0,2,0.760819844,0.03322024999999999,22.39275616666667,0.031375799999999995,19.3345255,0.02499385,12.143473,260360,775696
small-dup,incremental,sum,spread,i-weights,1,0,3,0.735949816,0.03032985,10.4682415,0.029008299999999997,7.368463166666666,0.01834635,2.738505166666666,293648,775696
small-dup,incremental,sum,spread,i-custom,1,0,4,0.41459478,0.011318749999999999,4.307368833333333,0.00983795,2.7790025000000003,0.00748955,1.2942628333333335,391440,775696
small-dup,incremental,sum,spread,i-main,1,1,0,0.871536257,0.048313499999999995,29.493370833333334,0.0434118,22.266205666666668,0.01978105,2.729177333333334,295184,775696
small-dup,incremental,sum,spread,i-scan,1,1,1,0.76298163,0.033046,22.420035,0.030259249999999998,19.401641333333334,0.0246532,12.256804666666667,260368,775696
small-dup,incremental,sum,spread,i-weights,1,1,2,0.738883336,0.0313318,10.479612333333332,0.027488099999999998,7.369065666666667,0.01892955,2.7423043333333337,293648,775696
small-dup,incremental,sum,spread,i-custom,1,1,3,0.415192514,0.010667,4.299560666666666,0.0100734,2.4660745,0.0067246,1.1042633333333334,391440,775696
small-dup,incremental,sum,spread,i-runtime,1,1,4,0.779436111,0.034468200000000004,23.242396166666666,0.032068150000000004,19.3847395,0.02498235,12.389867500000001,295184,775696
small-dup,incremental,sum,spread,i-scan,1,2,0,0.759751043,0.03222995,22.411969999999997,0.030215199999999998,19.4611045,0.024415299999999997,12.241276333333333,260360,775696
small-dup,incremental,sum,spread,i-weights,1,2,1,0.735894588,0.0289698,10.434184499999999,0.026683000000000002,7.358439499999999,0.01886535,2.7301678333333332,293648,775696
small-dup,incremental,sum,spread,i-custom,1,2,2,0.415478739,0.010834300000000002,4.3066125,0.0091216,2.6007301666666667,0.007337249999999999,1.1544543333333335,391440,775696
small-dup,incremental,sum,spread,i-runtime,1,2,3,0.779508177,0.03520945,23.169171000000002,0.0330103,19.353476166666667,0.02630075,12.376953833333333,295184,775696
small-dup,incremental,sum,spread,i-main,1,2,4,0.869588814,0.04659775000000001,29.3908485,0.04247205,22.074291333333335,0.018201099999999998,2.7192423333333333,295184,775696
small-dup,incremental,sum,spread,i-weights,1,3,0,0.736877979,0.0293765,10.426008333333334,0.02720745,7.374337000000001,0.01787145,2.7272990000000004,293648,775696
small-dup,incremental,sum,spread,i-custom,1,3,1,0.416038574,0.01066245,4.3310965,0.0090179,2.523614333333333,0.006687500000000001,1.0943888333333331,391444,775696
small-dup,incremental,sum,spread,i-runtime,1,3,2,0.781567631,0.034164,23.302362,0.03289355,19.295023333333333,0.025673049999999996,12.366572833333331,295184,775696
small-dup,incremental,sum,spread,i-main,1,3,3,0.870497274,0.0470967,29.240306666666665,0.043488399999999997,22.20268833333333,0.018116900000000002,2.725500666666667,295184,775696
small-dup,incremental,sum,spread,i-scan,1,3,4,0.762057763,0.0327433,22.608916333333337,0.0322459,19.51852883333333,0.025371550000000003,12.488212166666669,260360,775696
small-dup,incremental,sum,spread,i-custom,1,4,0,0.416208365,0.01090845,4.331084333333333,0.00974875,2.5708755,0.0068839,1.1013963333333334,391440,775696
small-dup,incremental,sum,spread,i-runtime,1,4,1,0.785854855,0.035224,23.514194833333335,0.03387595,19.6895475,0.02618705,12.453531833333335,295188,775696
small-dup,incremental,sum,spread,i-main,1,4,2,0.870889565,0.04770434999999999,29.243554833333334,0.043830600000000004,22.178533,0.019560150000000002,2.7294241666666665,295180,775696
small-dup,incremental,sum,spread,i-scan,1,4,3,0.761748691,0.033602950000000006,22.4464515,0.031443900000000004,19.364653833333332,0.024570050000000003,12.215273833333335,260360,775696
small-dup,incremental,sum,spread,i-weights,1,4,4,0.738122116,0.029399549999999997,10.457272666666666,0.02718295,7.364441,0.01887635,2.747773666666667,293648,775696
small-dup,incremental,count,spread,i-custom,1,-1,0,0.419448012,0.011068749999999999,4.310890333333333,0.00930445,2.6091375,0.006935000000000001,1.1520146666666669,391440,775696
small-dup,incremental,count,spread,i-runtime,1,-1,1,0.777659643,0.03509775,23.291148000000003,0.03281895,19.262973833333334,0.0251556,12.1814035,295184,775696
small-dup,incremental,count,spread,i-main,1,-1,2,0.875812122,0.0469046,29.533878,0.043882,22.10901166666667,0.018985000000000002,2.7523423333333334,295180,775696
small-dup,incremental,count,spread,i-scan,1,-1,3,0.761652276,0.0336969,22.616265666666667,0.031602000000000005,19.454286500000002,0.02483635,12.315738166666668,260364,775696
small-dup,incremental,count,spread,i-weights,1,-1,4,0.732485218,0.0277849,10.159198666666667,0.0265411,7.042099666666666,0.0173955,2.7373445000000003,293648,775696
small-dup,incremental,count,spread,i-runtime,1,0,0,0.77856573,0.03476165,23.501526,0.0319293,19.712061000000002,0.0249968,14.202540666666666,295188,775696
small-dup,incremental,count,spread,i-main,1,0,1,0.878134055,0.04793725,29.123592166666665,0.04488255,22.750823166666663,0.01854925,2.740223,295184,775696
small-dup,incremental,count,spread,i-scan,1,0,2,0.761932819,0.03414895,22.7752555,0.0323145,19.1872545,0.025251299999999997,12.451060333333333,260360,775696
small-dup,incremental,count,spread,i-weights,1,0,3,0.733456695,0.0291255,10.146535666666667,0.02720145,7.0336368333333334,0.01824265,2.7213706666666666,293648,775696
small-dup,incremental,count,spread,i-custom,1,0,4,0.41604981,0.01108425,4.338513833333333,0.00947875,2.4604521666666668,0.007119350000000001,1.0977955,391440,775696
small-dup,incremental,count,spread,i-main,1,1,0,0.879809697,0.0485359,28.970893833333335,0.0450699,22.450574666666668,0.020016,2.7702539999999996,295184,775696
small-dup,incremental,count,spread,i-scan,1,1,1,0.761948135,0.033077449999999994,22.677845166666668,0.03224435,19.567045333333333,0.0247278,12.302025166666667,260364,775696
small-dup,incremental,count,spread,i-weights,1,1,2,0.735109881,0.029402499999999998,10.174710166666666,0.025903500000000003,7.056641666666667,0.018649950000000002,2.7847026666666665,293648,775696
small-dup,incremental,count,spread,i-custom,1,1,3,0.415475847,0.0109455,4.303276166666667,0.010010250000000002,2.4963693333333334,0.0076443,1.1250735,391952,775696
small-dup,incremental,count,spread,i-runtime,1,1,4,0.778344688,0.0338158,23.246139333333332,0.03307245,19.356691333333334,0.026231650000000002,12.165750000000001,295184,775696
small-dup,incremental,count,spread,i-scan,1,2,0,0.762296392,0.033355,22.545039,0.031507049999999995,19.461763166666668,0.025062499999999998,12.171925166666666,260368,775696
small-dup,incremental,count,spread,i-weights,1,2,1,0.733716415,0.02991605,10.131487833333333,0.02618905,7.053698833333333,0.01882475,2.766946666666667,293652,775696
small-dup,incremental,count,spread,i-custom,1,2,2,0.416691716,0.01081175,4.301599833333333,0.0089878,2.857172333333333,0.00755315,1.3244428333333331,391440,775696
small-dup,incremental,count,spread,i-runtime,1,2,3,0.778569268,0.0350226,23.239840500000003,0.032006450000000006,19.30236783333333,0.025882,12.188972166666666,295184,775696
small-dup,incremental,count,spread,i-main,1,2,4,0.875445337,0.048657149999999996,29.663758166666664,0.0448876,22.193027999999998,0.02056405,2.7386570000000003,295184,775696
small-dup,incremental,count,spread,i-weights,1,3,0,0.736197703,0.028335549999999998,10.157511666666666,0.02675615,7.044690166666666,0.0176536,2.7080365000000004,293648,775696
small-dup,incremental,count,spread,i-custom,1,3,1,0.415948724,0.01082075,4.220182333333333,0.00904395,2.5204833333333334,0.00700815,1.1399671666666666,391440,775696
small-dup,incremental,count,spread,i-runtime,1,3,2,0.77963422,0.0335759,23.31919183333333,0.0313813,19.342418666666667,0.024921649999999997,12.2260755,295188,775696
small-dup,incremental,count,spread,i-main,1,3,3,0.877071457,0.04756615,29.19722333333333,0.0444678,22.3557635,0.018784699999999998,2.709607666666667,295184,775696
small-dup,incremental,count,spread,i-scan,1,3,4,0.763727915,0.033372,22.518877500000002,0.0314544,19.50842116666667,0.0240696,12.36459,260368,775696
small-dup,incremental,count,spread,i-custom,1,4,0,0.417948106,0.010683000000000002,4.232609166666666,0.0090209,2.528622,0.0075290999999999995,1.175138,391956,775696
small-dup,incremental,count,spread,i-runtime,1,4,1,0.777469578,0.0344225,23.389172833333333,0.0324939,19.415637333333333,0.0256701,12.227716833333332,295184,775696
small-dup,incremental,count,spread,i-main,1,4,2,0.881088584,0.0478782,29.29046466666667,0.04433355,22.804497666666666,0.01935675,2.741983333333333,295184,775696
small-dup,incremental,count,spread,i-scan,1,4,3,0.763321803,0.0338264,22.75052983333333,0.031890800000000004,19.678519166666668,0.024547049999999997,12.503824666666667,260364,775696
small-dup,incremental,count,spread,i-weights,1,4,4,0.73411902,0.027567150000000002,10.120188,0.026087400000000004,7.006319,0.0169688,2.7457404999999997,293648,775696
large-dup,incremental,min,spread,i-custom,1,-1,0,0.421917034,0.0156493,0.15421883333333333,0.008443299999999999,0.04738033333333334,0.00691595,0.030734333333333332,387344,5704
large-dup,incremental,min,spread,i-runtime,1,-1,1,0.747900952,0.79150235,12.071214833333334,0.7765027499999999,12.485632833333334,0.8268175,12.629986833333334,293140,5704
large-dup,incremental,min,spread,i-main,1,-1,2,0.837750131,0.8113590500000001,12.859784,0.7909413000000001,11.828431666666667,0.01956365,0.08267983333333333,293140,5704
large-dup,incremental,min,spread,i-scan,1,-1,3,0.729015351,0.7839011,11.954557999999999,0.7669263,11.678706166666666,0.95180065,12.468582666666668,260368,5704
large-dup,incremental,min,spread,i-endpoint,1,-1,4,0.730152851,0.773973,11.890167499999999,0.7594388,11.578020833333333,0.95092,12.446668333333335,260368,5704
large-dup,incremental,min,spread,i-hier,1,-1,5,0.813881274,0.1525428,1.9195028333333333,0.12211525000000001,1.4033523333333333,0.047100750000000004,0.4226068333333333,295696,5704
large-dup,incremental,min,spread,i-runtime,1,0,0,0.747088814,0.7931648499999999,12.0255545,0.77602575,12.426520666666669,0.82690555,12.559219333333333,293136,5704
large-dup,incremental,min,spread,i-main,1,0,1,0.838749754,0.8098166000000001,12.855141833333334,0.7880011500000002,11.828497,0.01966185,0.07617266666666667,293136,5704
large-dup,incremental,min,spread,i-scan,1,0,2,0.72851703,0.7839646,11.957961166666669,0.76940285,11.693145166666666,0.95224235,12.4852105,260364,5704
large-dup,incremental,min,spread,i-endpoint,1,0,3,0.727250968,0.7744964000000001,11.812198166666667,0.7537325,11.482740999999999,0.9409621999999999,12.287799,260364,5704
large-dup,incremental,min,spread,i-hier,1,0,4,0.811970075,0.1522377,1.8983245,0.1227845,1.3872055,0.047055150000000004,0.4142776666666667,295696,5704
large-dup,incremental,min,spread,i-custom,1,0,5,0.423669331,0.017262350000000003,0.17663266666666666,0.0094011,0.05919933333333333,0.007293150000000001,0.027969166666666666,387860,5704
large-dup,incremental,min,spread,i-main,1,1,0,0.837826052,0.80915035,12.865836833333333,0.7911326,11.883533499999999,0.0205981,0.07571016666666668,293132,5704
large-dup,incremental,min,spread,i-scan,1,1,1,0.728228529,0.78272375,11.942991333333334,0.76643205,11.672525333333333,0.95171565,12.470283000000002,260364,5704
large-dup,incremental,min,spread,i-endpoint,1,1,2,0.727534519,0.7748714000000001,11.781198999999999,0.7588448999999999,11.522006833333334,0.9447025499999999,12.322442666666667,260360,5704
large-dup,incremental,min,spread,i-hier,1,1,3,0.813224324,0.15221515,1.8589503333333333,0.12038599999999999,1.3785571666666667,0.0451881,0.39911416666666666,295700,5704
large-dup,incremental,min,spread,i-custom,1,1,4,0.420409976,0.0161017,0.150061,0.0085595,0.0492155,0.006959,0.029663833333333334,387856,5704
large-dup,incremental,min,spread,i-runtime,1,1,5,0.746155628,0.7873573,12.000129000000001,0.77180465,12.425377166666665,0.8222912499999999,12.546856499999999,293136,5704
large-dup,incremental,min,spread,i-scan,1,2,0,0.72684133,0.7897738499999999,12.021350499999999,0.77312315,11.741075333333335,0.95693845,12.599378166666666,260364,5704
large-dup,incremental,min,spread,i-endpoint,1,2,1,0.727686514,0.77361105,11.773967166666667,0.75797425,11.548663333333336,0.9426777000000002,12.319240166666667,260364,5704
large-dup,incremental,min,spread,i-hier,1,2,2,0.81277403,0.15164855000000002,1.8518605,0.11923730000000002,1.3806041666666664,0.0437955,0.3997621666666667,295700,5704
large-dup,incremental,min,spread,i-custom,1,2,3,0.422988256,0.016186799999999998,0.1512015,0.008312549999999998,0.05021916666666667,0.0067276,0.0263895,387344,5704
large-dup,incremental,min,spread,i-runtime,1,2,4,0.747567709,0.79404535,12.057138,0.7740945,12.430138333333334,0.8255138000000001,12.568250333333333,293136,5704
large-dup,incremental,min,spread,i-main,1,2,5,0.839243346,0.8106705,12.858766333333334,0.7901931500000001,11.827606333333334,0.01964885,0.0851145,293136,5704
large-dup,incremental,min,spread,i-endpoint,1,3,0,0.728432202,0.7736316000000001,11.766600500000001,0.7558783499999999,11.528516166666668,0.94191385,12.315692166666667,260368,5704
large-dup,incremental,min,spread,i-hier,1,3,1,0.812129867,0.1535852,1.9010075000000002,0.12256205,1.3970335,0.0467055,0.4142025,295696,5704
large-dup,incremental,min,spread,i-custom,1,3,2,0.421472324,0.0166136,0.15370966666666666,0.0083732,0.04896999999999999,0.00754665,0.027429666666666668,387860,5704
large-dup,incremental,min,spread,i-runtime,1,3,3,0.746792252,0.78956695,11.997828499999999,0.7726623,12.392920166666665,0.8222036000000001,12.541480166666666,293136,5704
large-dup,incremental,min,spread,i-main,1,3,4,0.83845008,0.8077295,12.851883166666665,0.7863469,11.822795666666666,0.01939785,0.07576183333333333,293132,5704
large-dup,incremental,min,spread,i-scan,1,3,5,0.728940743,0.7812553999999999,12.0339245,0.7690405,11.775715833333335,0.9579814000000001,12.664757833333333,260364,5704
large-dup,incremental,min,spread,i-hier,1,4,0,0.814492007,0.1512172,1.8694951666666666,0.1207587,1.3890368333333332,0.04552175,0.4103236666666667,295696,5704
large-dup,incremental,min,spread,i-custom,1,4,1,0.422533303,0.0164949,0.15213166666666667,0.008295050000000002,0.050474500000000005,0.0067331000000000005,0.031141666666666665,387344,5704
large-dup,incremental,min,spread,i-runtime,1,4,2,0.747818989,0.7903749999999999,12.056835833333333,0.77546355,12.448235666666667,0.8243376,12.567322000000003,293136,5704
large-dup,incremental,min,spread,i-main,1,4,3,0.838122801,0.8080500500000001,12.844068833333333,0.7889047,11.845331333333334,0.0194299,0.08096333333333333,293136,5704
large-dup,incremental,min,spread,i-scan,1,4,4,0.728443135,0.78499185,11.950416500000001,0.7666455,11.748064,0.9533878000000001,12.491110999999998,260364,5704
large-dup,incremental,min,spread,i-endpoint,1,4,5,0.726349113,0.7742457500000001,11.787579666666666,0.7560732,11.5456415,0.9426437,12.332108166666666,260364,5704
large-dup,incremental,max,spread,i-custom,1,-1,0,0.423289671,0.017187149999999998,0.15796433333333335,0.008555549999999999,0.05283566666666667,0.007953400000000001,0.033369166666666665,387344,5704
large-dup,incremental,max,spread,i-runtime,1,-1,1,0.748072922,0.7884127499999999,12.017666666666669,0.7747281,12.414043999999999,0.8231617999999999,12.536949166666668,293136,5704
large-dup,incremental,max,spread,i-main,1,-1,2,0.836844737,0.81143085,12.870039833333331,0.7891275999999999,11.820681,0.0191894,0.08004,293136,5704
large-dup,incremental,max,spread,i-scan,1,-1,3,0.727484938,0.786675,11.965769333333334,0.783208,11.749201999999999,0.95615995,12.528234666666664,260364,5704
large-dup,incremental,max,spread,i-endpoint,1,-1,4,0.727089667,0.7780904,11.881187500000001,0.7629746500000001,11.6679215,0.9499663500000001,12.446090666666665,260364,5704
large-dup,incremental,max,spread,i-hier,1,-1,5,0.812575519,0.15174775000000001,1.8615984999999997,0.0445224,0.398762,0.0448415,0.403596,295700,5704
large-dup,incremental,max,spread,i-runtime,1,0,0,0.746074178,0.7945958499999999,12.123735166666668,0.77781285,12.519989166666667,0.82932385,12.654454333333334,293136,5704
large-dup,incremental,max,spread,i-main,1,0,1,0.837182101,0.8104354500000002,12.877379666666668,0.7859501,11.8280725,0.01995785,0.07517416666666667,293140,5704
large-dup,incremental,max,spread,i-scan,1,0,2,0.728285533,0.78106295,11.963825166666666,0.7692283000000001,11.715341333333333,0.95847225,12.528497833333333,260364,5704
large-dup,incremental,max,spread,i-endpoint,1,0,3,0.726703409,0.7727318999999999,11.741343333333335,0.75453875,11.485460833333335,0.94052165,12.282645666666665,260368,5704
large-dup,incremental,max,spread,i-hier,1,0,4,0.813912535,0.1508225,1.8508700000000002,0.0450539,0.3952185,0.043982850000000004,0.3928475,295696,5704
large-dup,incremental,max,spread,i-custom,1,0,5,0.425671892,0.0162414,0.16007649999999998,0.009368499999999998,0.05275883333333334,0.007159400000000001,0.033890166666666666,387344,5704
large-dup,incremental,max,spread,i-main,1,1,0,0.839608013,0.81101505,12.865589166666666,0.7907595999999999,11.8690895,0.0194354,0.08032716666666667,293136,5704
large-dup,incremental,max,spread,i-scan,1,1,1,0.728860121,0.7882825,11.933050833333333,0.7637715500000001,11.665755166666665,0.9516479499999999,12.512776666666667,260368,5704
large-dup,incremental,max,spread,i-endpoint,1,1,2,0.727542201,0.7719203,11.7503905,0.7539777,11.557081666666669,0.9442971499999999,12.348636,260364,5704
large-dup,incremental,max,spread,i-hier,1,1,3,0.81180447,0.15192305,1.8809148333333334,0.046716,0.4019445,0.04468365,0.41208350000000005,295696,5704
large-dup,incremental,max,spread,i-custom,1,1,4,0.420935131,0.0158873,0.15244549999999998,0.00846885,0.05524016666666667,0.007032149999999999,0.03326216666666667,387348,5704
large-dup,incremental,max,spread,i-runtime,1,1,5,0.747351122,0.7935964999999999,12.115212666666666,0.7728471,12.551412999999998,0.8282193,12.68862,293140,5704
large-dup,incremental,max,spread,i-scan,1,2,0,0.726909644,0.7813479999999999,11.9154,0.7660904,11.666396999999998,0.95086455,12.462566666666667,260364,5704
large-dup,incremental,max,spread,i-endpoint,1,2,1,0.727647535,0.7713027,11.754942833333333,0.7547637500000001,11.473208333333334,0.9396996499999999,12.329600833333332,260364,5704
large-dup,incremental,max,spread,i-hier,1,2,2,0.81245706,0.15289135,1.8490133333333334,0.046934899999999995,0.39127283333333335,0.04536245,0.39448383333333337,295696,5704
large-dup,incremental,max,spread,i-custom,1,2,3,0.422342848,0.0170314,0.16130716666666667,0.0087915,0.052282833333333334,0.008076650000000001,0.033035166666666664,387344,5704
large-dup,incremental,max,spread,i-runtime,1,2,4,0.746983893,0.7886757499999999,11.977778666666667,0.7773985999999999,12.439020833333332,0.82542005,12.590382666666665,293136,5704
large-dup,incremental,max,spread,i-main,1,2,5,0.839247951,0.8091902,12.880541166666667,0.7892138,11.836891333333334,0.0198111,0.073566,293136,5704
large-dup,incremental,max,spread,i-endpoint,1,3,0,0.728975821,0.77056985,11.786359833333334,0.7573145,11.642582333333335,0.9487591,12.391494999999999,260364,5704
large-dup,incremental,max,spread,i-hier,1,3,1,0.813721105,0.1520608,1.8958811666666666,0.0467606,0.40296150000000003,0.045799799999999995,0.4095788333333333,295700,5704
large-dup,incremental,max,spread,i-custom,1,3,2,0.421490882,0.01589375,0.15550133333333335,0.009251800000000001,0.05232133333333333,0.007367799999999999,0.038692333333333336,387344,5704
large-dup,incremental,max,spread,i-runtime,1,3,3,0.747551324,0.7890434,12.043838833333334,0.7742953,12.406700166666667,0.8246230499999999,12.595662500000001,293132,5704
large-dup,incremental,max,spread,i-main,1,3,4,0.837192008,0.8098874500000001,12.854879666666667,0.79118595,11.957655833333334,0.019298100000000002,0.07724299999999999,293140,5704
large-dup,incremental,max,spread,i-scan,1,3,5,0.728317469,0.7838737499999999,11.922506499999999,0.7685265,11.704775500000002,0.95396835,12.493676666666666,260368,5704
large-dup,incremental,max,spread,i-hier,1,4,0,0.81126277,0.15112204999999998,2.0735873333333337,0.0556137,0.38925733333333334,0.04490815,0.39165200000000006,295696,5704
large-dup,incremental,max,spread,i-custom,1,4,1,0.422008201,0.01667875,0.15387833333333334,0.0099707,0.05263366666666667,0.007791049999999999,0.03328233333333333,387860,5704
large-dup,incremental,max,spread,i-runtime,1,4,2,0.746118856,0.7869064,11.949822000000003,0.7716748499999999,12.384716666666664,0.8222566,12.521930333333335,293136,5704
large-dup,incremental,max,spread,i-main,1,4,3,0.838189585,0.8133970000000001,12.884349333333335,0.78949275,11.832661,0.01875215,0.07586366666666666,293136,5704
large-dup,incremental,max,spread,i-scan,1,4,4,0.72731152,0.7835275500000001,11.948693333333333,0.7660293,11.6996035,0.9515242,12.477448666666666,260364,5704
large-dup,incremental,max,spread,i-endpoint,1,4,5,0.726097686,0.77505065,11.802242499999998,0.7585352000000001,11.533662666666666,0.9417524,12.394125833333334,260364,5704
large-dup,incremental,sum,spread,i-custom,1,-1,0,0.424454987,0.01105825,0.059441333333333325,0.00910405,0.043954,0.006735099999999999,0.019407999999999998,391952,10408
large-dup,incremental,sum,spread,i-runtime,1,-1,1,0.748830409,0.7920821,12.045443333333333,0.7828858500000001,12.500716166666665,0.8272334500000001,12.516263666666667,293136,10408
large-dup,incremental,sum,spread,i-main,1,-1,2,0.83958755,0.8118029999999999,12.855463333333333,0.7980532499999999,11.911024499999998,0.0211506,0.07689549999999999,293140,10408
large-dup,incremental,sum,spread,i-scan,1,-1,3,0.729158878,0.7815849,11.892424500000002,0.76952435,11.693291499999999,0.8157513999999999,12.403326499999999,260360,10408
large-dup,incremental,sum,spread,i-weights,1,-1,4,0.746530565,0.03309245,0.205368,0.02933845,0.11727783333333335,0.0187942,0.07271799999999999,293648,10408
large-dup,incremental,sum,spread,i-runtime,1,0,0,0.748751535,0.79074705,12.089907666666667,0.7863844,12.533707333333334,0.8253363499999999,12.563454666666665,293140,10408
large-dup,incremental,sum,spread,i-main,1,0,1,0.837949222,0.8108542,12.867524333333334,0.8005989999999998,11.9664565,0.02126885,0.07479833333333334,293140,10408
large-dup,incremental,sum,spread,i-scan,1,0,2,0.72952837,0.7819035000000001,11.899022,0.7705292,11.724550166666667,0.81677135,12.442902166666668,260368,10408
large-dup,incremental,sum,spread,i-weights,1,0,3,0.746585488,0.034587749999999993,0.2081415,0.03018055,0.11887766666666667,0.01914735,0.07147216666666667,293652,10408
large-dup,incremental,sum,spread,i-custom,1,0,4,0.425377203,0.0112681,0.060854,0.01084735,0.04235933333333333,0.0072706,0.020892500000000005,391444,10408
large-dup,incremental,sum,spread,i-main,1,1,0,0.838595442,0.8110861,12.849084,0.7976865,11.8986855,0.0197149,0.07921166666666667,293136,10408
large-dup,incremental,sum,spread,i-scan,1,1,1,0.728840926,0.7812787999999999,11.910319000000001,0.7692002,11.709785000000002,0.8161802,12.421923833333333,260360,10408
large-dup,incremental,sum,spread,i-weights,1,1,2,0.747918548,0.031788550000000006,0.20291516666666667,0.028854050000000003,0.11371483333333333,0.0186309,0.06610716666666668,293648,10408
large-dup,incremental,sum,spread,i-custom,1,1,3,0.424034371,0.01135075,0.059356166666666675,0.00918265,0.04354666666666667,0.00675615,0.019867333333333334,391444,10408
large-dup,incremental,sum,spread,i-runtime,1,1,4,0.746075436,0.7935192000000001,12.055333833333334,0.7851069500000001,12.532073500000001,0.82862545,12.579213333333335,293136,10408
large-dup,incremental,sum,spread,i-scan,1,2,0,0.728207901,0.7804903000000001,11.907336833333332,0.7708207,11.703595,0.8136915,12.412778333333334,260368,10408
large-dup,incremental,sum,spread,i-weights,1,2,1,0.744023954,0.03310805,0.210354,0.027637799999999997,0.11409199999999999,0.01942335,0.06501516666666667,293648,10408
large-dup,incremental,sum,spread,i-custom,1,2,2,0.424800797,0.01086635,0.061455,0.009575450000000001,0.045790833333333336,0.0070968,0.020087666666666667,391440,10408
large-dup,incremental,sum,spread,i-runtime,1,2,3,0.749072048,0.79460525,12.113389166666666,0.7859965,12.5675535,0.8275949499999999,12.559495166666666,293136,10408
large-dup,incremental,sum,spread,i-main,1,2,4,0.837263026,0.8106622000000001,12.893861333333334,0.79666905,11.941883500000001,0.01973145,0.0785555,293140,10408
large-dup,incremental,sum,spread,i-weights,1,3,0,0.745541237,0.033595400000000004,0.21084983333333332,0.028257949999999997,0.11432733333333332,0.0199268,0.06476133333333334,293648,10408
large-dup,incremental,sum,spread,i-custom,1,3,1,0.422574519,0.0113678,0.05929116666666667,0.0095078,0.04848583333333333,0.00701965,0.0196735,391440,10408
large-dup,incremental,sum,spread,i-runtime,1,3,2,0.746409153,0.7926885499999999,12.0456795,0.7822931,12.520390166666665,0.8263526000000001,12.544037833333334,293140,10408
large-dup,incremental,sum,spread,i-main,1,3,3,0.839486811,0.8137269500000001,12.8507655,0.7976878999999999,11.8956685,0.0194509,0.08185650000000001,293136,10408
large-dup,incremental,sum,spread,i-scan,1,3,4,0.726779139,0.7788251,11.863338,0.76790065,11.691107166666667,0.8122026,12.399336666666665,260360,10408
large-dup,incremental,sum,spread,i-custom,1,4,0,0.425418314,0.012360149999999999,0.060353,0.0094998,0.041604499999999996,0.006925499999999999,0.020256333333333335,391952,10408
large-dup,incremental,sum,spread,i-runtime,1,4,1,0.746585734,0.7917823500000001,12.021043333333333,0.78052225,12.498008166666667,0.8245241999999999,12.5470035,293136,10408
large-dup,incremental,sum,spread,i-main,1,4,2,0.839896938,0.8141245500000001,12.8783795,0.8006793499999999,11.946967166666667,0.01990525,0.07694733333333334,293136,10408
large-dup,incremental,sum,spread,i-scan,1,4,3,0.72849288,0.78005475,11.857319166666668,0.769225,11.709035,0.8136041,12.40778,260364,10408
large-dup,incremental,sum,spread,i-weights,1,4,4,0.747478122,0.03302235,0.20913,0.029541849999999998,0.11788733333333333,0.01908475,0.06615566666666667,293648,10408
large-dup,incremental,count,spread,i-custom,1,-1,0,0.427223286,0.01103865,0.0614585,0.00969665,0.04221250000000001,0.00802305,0.019925666666666668,391440,10408
large-dup,incremental,count,spread,i-runtime,1,-1,1,0.748553034,0.7883210999999999,11.968514999999998,0.77803935,12.4396925,0.82570365,12.538674666666665,293140,10408
large-dup,incremental,count,spread,i-main,1,-1,2,0.838093441,0.81377675,12.950596166666665,0.8011887,12.006537833333333,0.02058955,0.07593566666666667,293136,10408
large-dup,incremental,count,spread,i-scan,1,-1,3,0.727828724,0.77856635,11.858468833333333,0.7679504500000001,11.734814,0.81976955,12.449794833333334,260364,10408
large-dup,incremental,count,spread,i-weights,1,-1,4,0.743656871,0.03073805,0.1952708333333333,0.0276032,0.11570833333333334,0.0182517,0.06258216666666667,293648,10408
large-dup,incremental,count,spread,i-runtime,1,0,0,0.74765249,0.7860552999999999,11.924830833333333,0.7802329,12.450430333333335,0.8212056999999999,12.478676666666667,293140,10408
large-dup,incremental,count,spread,i-main,1,0,1,0.836299577,0.8182236000000002,12.936437333333332,0.8064009000000001,12.027504833333333,0.020004,0.08289866666666668,293136,10408
large-dup,incremental,count,spread,i-scan,1,0,2,0.728898128,0.7789395499999999,11.850672000000001,0.7692038,11.716822999999998,0.8163470500000001,12.4496305,260364,10408
large-dup,incremental,count,spread,i-weights,1,0,3,0.745456904,0.03225595,0.19961050000000002,0.0274464,0.11350766666666667,0.017849900000000002,0.06793400000000001,293648,10408
large-dup,incremental,count,spread,i-custom,1,0,4,0.426492134,0.0113332,0.05883349999999999,0.009885000000000001,0.04144266666666666,0.0072826,0.019723666666666667,391440,10408
large-dup,incremental,count,spread,i-main,1,1,0,0.8388265,0.8177607,12.974922833333332,0.8199662999999999,12.066690000000001,0.02096525,0.07967766666666667,293136,10408
large-dup,incremental,count,spread,i-scan,1,1,1,0.726911747,0.77716165,11.842566833333334,0.76667455,11.676592499999998,0.8110766999999999,12.386026333333332,260364,10408
large-dup,incremental,count,spread,i-weights,1,1,2,0.741640035,0.031098749999999998,0.19273933333333335,0.026140950000000003,0.10986583333333333,0.01743065,0.06762166666666666,293644,10408
large-dup,incremental,count,spread,i-custom,1,1,3,0.42269807,0.011754549999999999,0.05899566666666667,0.009264850000000002,0.045580333333333334,0.006836299999999999,0.019459833333333332,391440,10408
large-dup,incremental,count,spread,i-runtime,1,1,4,0.748303949,0.78670105,11.955202833333333,0.7768154999999999,12.460188666666665,0.8206882,12.491253500000001,293140,10408
large-dup,incremental,count,spread,i-scan,1,2,0,0.727595833,0.7780457999999999,11.838557666666667,0.7661696,11.677526166666667,0.8148267,12.400664,260364,10408
large-dup,incremental,count,spread,i-weights,1,2,1,0.744510816,0.0314444,0.19380783333333332,0.02699755,0.11409199999999999,0.01777685,0.06825616666666667,293648,10408
large-dup,incremental,count,spread,i-custom,1,2,2,0.424753249,0.010483099999999999,0.0597035,0.009149649999999999,0.04394066666666666,0.0068007499999999995,0.019715166666666666,391440,10408
large-dup,incremental,count,spread,i-runtime,1,2,3,0.746860787,0.78531945,11.945675000000001,0.7765405000000001,12.407363166666668,0.8226729,12.485252333333333,293140,10408
large-dup,incremental,count,spread,i-main,1,2,4,0.838957731,0.82372285,13.0086125,0.8074414000000001,12.057243999999999,0.019227,0.07636466666666666,293140,10408
large-dup,incremental,count,spread,i-weights,1,3,0,0.742702879,0.030877299999999996,0.19612566666666664,0.026393899999999998,0.11073250000000001,0.017118050000000003,0.06316166666666667,293648,10408
large-dup,incremental,count,spread,i-custom,1,3,1,0.421858217,0.01044205,0.059783833333333335,0.0091196,0.041684666666666675,0.0073242,0.019306166666666666,391440,10408
large-dup,incremental,count,spread,i-runtime,1,3,2,0.751237737,0.7844227500000001,12.090445166666667,0.7891420499999999,12.628586499999999,0.8378583000000001,12.536479,293136,10408
large-dup,incremental,count,spread,i-main,1,3,3,0.837719297,0.8169291000000001,13.016344499999997,0.8043766000000001,12.0466115,0.0194324,0.08187,293140,10408
large-dup,incremental,count,spread,i-scan,1,3,4,0.727931487,0.77619025,11.864313500000002,0.7708558,11.740097333333333,0.8158139999999999,12.440268833333333,260364,10408
large-dup,incremental,count,spread,i-custom,1,4,0,0.422234209,0.0108283,0.062077999999999994,0.009343500000000001,0.04231933333333334,0.0069385,0.023659333333333334,391952,10408
large-dup,incremental,count,spread,i-runtime,1,4,1,0.745795205,0.7858985,11.944376666666665,0.77686205,12.414695833333333,0.8194824,12.475384666666669,293140,10408
large-dup,incremental,count,spread,i-main,1,4,2,0.838902424,0.8138097500000001,12.945186166666666,0.80186785,12.000288,0.02053595,0.07779233333333334,293132,10408
large-dup,incremental,count,spread,i-scan,1,4,3,0.727049204,0.77632955,11.797161000000001,0.76585795,11.636713666666665,0.8119767999999998,12.364530166666668,260364,10408
large-dup,incremental,count,spread,i-weights,1,4,4,0.744039486,0.02964,0.19984266666666664,0.025589450000000003,0.10829283333333334,0.0184696,0.06333016666666667,293648,10408
