variant,kind,rule_perms,signature
default.dl,default,"r0=0,1,2,3;r1=0,1,2,3;r2=0,1,2;r3=0,1,2;r4=0,1,2;r5=0,1,2;r6=0,1,2,3;r7=0,1,2;r8=0,1,2;r9=0,1,2;r10=0,1,2,3;r11=0,1,2,3;r12=0,1,2;r13=0,1,2,3,4;r14=0,1,2;r15=0,1,2,3,4;r16=0,1,2;r17=0,1,2;r18=0,1,2;r19=0,1,2;r20=0,1,2;r21=0,1,2,3,4;r22=0,1,2,3,4,5,6,7;r23=0,1,2,3,4,5,6,7;r24=0,1,2,3;r25=0,1,2;r26=0,1,2,3,4,5,6,7,8;r27=0,1,2,3;r28=0,1,2;r29=0,1,2,3,4,5,6,7;r30=0,1,2,3,4,5,6,7;r31=0,1,2,3,4,5;r32=0,1,2,3,4,5;r33=0,1,2,3,4,5",41c3e03f
ablation_r0_p01.dl,ablation,"r0=0,1,3,2;r1=0,1,2,3;r2=0,1,2;r3=0,1,2;r4=0,1,2;r5=0,1,2;r6=0,1,2,3;r7=0,1,2;r8=0,1,2;r9=0,1,2;r10=0,1,2,3;r11=0,1,2,3;r12=0,1,2;r13=0,1,2,3,4;r14=0,1,2;r15=0,1,2,3,4;r16=0,1,2;r17=0,1,2;r18=0,1,2;r19=0,1,2;r20=0,1,2;r21=0,1,2,3,4;r22=0,1,2,3,4,5,6,7;r23=0,1,2,3,4,5,6,7;r24=0,1,2,3;r25=0,1,2;r26=0,1,2,3,4,5,6,7,8;r27=0,1,2,3;r28=0,1,2;r29=0,1,2,3,4,5,6,7;r30=0,1,2,3,4,5,6,7;r31=0,1,2,3,4,5;r32=0,1,2,3,4,5;r33=0,1,2,3,4,5",8fd91159
ablation_r0_p02.dl,ablation,"r0=0,2,1,3;r1=0,1,2,3;r2=0,1,2;r3=0,1,2;r4=0,1,2;r5=0,1,2;r6=0,1,2,3;r7=0,1,2;r8=0,1,2;r9=0,1,2;r10=0,1,2,3;r11=0,1,2,3;r12=0,1,2;r13=0,1,2,3,4;r14=0,1,2;r15=0,1,2,3,4;r16=0,1,2;r17=0,1,2;r18=0,1,2;r19=0,1,2;r20=0,1,2;r21=0,1,2,3,4;r22=0,1,2,3,4,5,6,7;r23=0,1,2,3,4,5,6,7;r24=0,1,2,3;r25=0,1,2;r26=0,1,2,3,4,5,6,7,8;r27=0,1,2,3;r28=0,1,2;r29=0,1,2,3,4,5,6,7;r30=0,1,2,3,4,5,6,7;r31=0,1,2,3,4,5;r32=0,1,2,3,4,5;r33=0,1,2,3,4,5",b2478346
ablation_r0_p03.dl,ablation,"r0=0,2,3,1;r1=0,1,2,3;r2=0,1,2;r3=0,1,2;r4=0,1,2;r5=0,1,2;r6=0,1,2,3;r7=0,1,2;r8=0,1,2;r9=0,1,2;r10=0,1,2,3;r11=0,1,2,3;r12=0,1,2;r13=0,1,2,3,4;r14=0,1,2;r15=0,1,2,3,4;r16=0,1,2;r17=0,1,2;r18=0,1,2;r19=0,1,2;r20=0,1,2;r21=0,1,2,3,4;r22=0,1,2,3,4,5,6,7;r23=0,1,2,3,4,5,6,7;r24=0,1,2,3;r25=0,1,2;r26=0,1,2,3,4,5,6,7,8;r27=0,1,2,3;r28=0,1,2;r29=0,1,2,3,4,5,6,7;r30=0,1,2,3,4,5,6,7;r31=0,1,2,3,4,5;r32=0,1,2,3,4,5;r33=0,1,2,3,4,5",7c84d556
ablation_r0_p04.dl,ablation,"r0=0,3,1,2;r1=0,1,2,3;r2=0,1,2;r3=0,1,2;r4=0,1,2;r5=0,1,2;r6=0,1,2,3;r7=0,1,2;r8=0,1,2;r9=0,1,2;r10=0,1,2,3;r11=0,1,2,3;r12=0,1,2;r13=0,1,2,3,4;r14=0,1,2;r15=0,1,2,3,4;r16=0,1,2;r17=0,1,2;r18=0,1,2;r19=0,1,2;r20=0,1,2;r21=0,1,2,3,4;r22=0,1,2,3,4,5,6,7;r23=0,1,2,3,4,5,6,7;r24=0,1,2,3;r25=0,1,2;r26=0,1,2,3,4,5,6,7,8;r27=0,1,2,3;r28=0,1,2;r29=0,1,2,3,4,5,6,7;r30=0,1,2,3,4,5,6,7;r31=0,1,2,3,4,5;r32=0,1,2,3,4,5;r33=0,1,2,3,4,5",92b3a2c6
ablation_r0_p05.dl,ablation,"r0=0,3,2,1;r1=0,1,2,3;r2=0,1,2;r3=0,1,2;r4=0,1,2;r5=0,1,2;r6=0,1,2,3;r7=0,1,2;r8=0,1,2;r9=0,1,2;r10=0,1,2,3;r11=0,1,2,3;r12=0,1,2;r13=0,1,2,3,4;r14=0,1,2;r15=0,1,2,3,4;r16=0,1,2;r17=0,1,2;r18=0,1,2;r19=0,1,2;r20=0,1,2;r21=0,1,2,3,4;r22=0,1,2,3,4,5,6,7;r23=0,1,2,3,4,5,6,7;r24=0,1,2,3;r25=0,1,2;r26=0,1,2,3,4,5,6,7,8;r27=0,1,2,3;r28=0,1,2;r29=0,1,2,3,4,5,6,7;r30=0,1,2,3,4,5,6,7;r31=0,1,2,3,4,5;r32=0,1,2,3,4,5;r33=0,1,2,3,4,5",d987ede2
ablation_r0_p06.dl,ablation,"r0=1,2,0,3;r1=0,1,2,3;r2=0,1,2;r3=0,1,2;r4=0,1,2;r5=0,1,2;r6=0,1,2,3;r7=0,1,2;r8=0,1,2;r9=0,1,2;r10=0,1,2,3;r11=0,1,2,3;r12=0,1,2;r13=0,1,2,3,4;r14=0,1,2;r15=0,1,2,3,4;r16=0,1,2;r17=0,1,2;r18=0,1,2;r19=0,1,2;r20=0,1,2;r21=0,1,2,3,4;r22=0,1,2,3,4,5,6,7;r23=0,1,2,3,4,5,6,7;r24=0,1,2,3;r25=0,1,2;r26=0,1,2,3,4,5,6,7,8;r27=0,1,2,3;r28=0,1,2;r29=0,1,2,3,4,5,6,7;r30=0,1,2,3,4,5,6,7;r31=0,1,2,3,4,5;r32=0,1,2,3,4,5;r33=0,1,2,3,4,5",6e3be721
ablation_r0_p07.dl,ablation,"r0=1,2,3,0;r1=0,1,2,3;r2=0,1,2;r3=0,1,2;r4=0,1,2;r5=0,1,2;r6=0,1,2,3;r7=0,1,2;r8=0,1,2;r9=0,1,2;r10=0,1,2,3;r11=0,1,2,3;r12=0,1,2;r13=0,1,2,3,4;r14=0,1,2;r15=0,1,2,3,4;r16=0,1,2;r17=0,1,2;r18=0,1,2;r19=0,1,2;r20=0,1,2;r21=0,1,2,3,4;r22=0,1,2,3,4,5,6,7;r23=0,1,2,3,4,5,6,7;r24=0,1,2,3;r25=0,1,2;r26=0,1,2,3,4,5,6,7,8;r27=0,1,2,3;r28=0,1,2;r29=0,1,2,3,4,5,6,7;r30=0,1,2,3,4,5,6,7;r31=0,1,2,3,4,5;r32=0,1,2,3,4,5;r33=0,1,2,3,4,5",6aefefbf
ablation_r0_p08.dl,ablation,"r0=1,3,0,2;r1=0,1,2,3;r2=0,1,2;r3=0,1,2;r4=0,1,2;r5=0,1,2;r6=0,1,2,3;r7=0,1,2;r8=0,1,2;r9=0,1,2;r10=0,1,2,3;r11=0,1,2,3;r12=0,1,2;r13=0,1,2,3,4;r14=0,1,2;r15=0,1,2,3,4;r16=0,1,2;r17=0,1,2;r18=0,1,2;r19=0,1,2;r20=0,1,2;r21=0,1,2,3,4;r22=0,1,2,3,4,5,6,7;r23=0,1,2,3,4,5,6,7;r24=0,1,2,3;r25=0,1,2;r26=0,1,2,3,4,5,6,7,8;r27=0,1,2,3;r28=0,1,2;r29=0,1,2,3,4,5,6,7;r30=0,1,2,3,4,5,6,7;r31=0,1,2,3,4,5;r32=0,1,2,3,4,5;r33=0,1,2,3,4,5",f829a94c
ablation_r0_p09.dl,ablation,"r0=1,3,2,0;r1=0,1,2,3;r2=0,1,2;r3=0,1,2;r4=0,1,2;r5=0,1,2;r6=0,1,2,3;r7=0,1,2;r8=0,1,2;r9=0,1,2;r10=0,1,2,3;r11=0,1,2,3;r12=0,1,2;r13=0,1,2,3,4;r14=0,1,2;r15=0,1,2,3,4;r16=0,1,2;r17=0,1,2;r18=0,1,2;r19=0,1,2;r20=0,1,2;r21=0,1,2,3,4;r22=0,1,2,3,4,5,6,7;r23=0,1,2,3,4,5,6,7;r24=0,1,2,3;r25=0,1,2;r26=0,1,2,3,4,5,6,7,8;r27=0,1,2,3;r28=0,1,2;r29=0,1,2,3,4,5,6,7;r30=0,1,2,3,4,5,6,7;r31=0,1,2,3,4,5;r32=0,1,2,3,4,5;r33=0,1,2,3,4,5",d510f6b1
ablation_r0_p10.dl,ablation,"r0=2,3,0,1;r1=0,1,2,3;r2=0,1,2;r3=0,1,2;r4=0,1,2;r5=0,1,2;r6=0,1,2,3;r7=0,1,2;r8=0,1,2;r9=0,1,2;r10=0,1,2,3;r11=0,1,2,3;r12=0,1,2;r13=0,1,2,3,4;r14=0,1,2;r15=0,1,2,3,4;r16=0,1,2;r17=0,1,2;r18=0,1,2;r19=0,1,2;r20=0,1,2;r21=0,1,2,3,4;r22=0,1,2,3,4,5,6,7;r23=0,1,2,3,4,5,6,7;r24=0,1,2,3;r25=0,1,2;r26=0,1,2,3,4,5,6,7,8;r27=0,1,2,3;r28=0,1,2;r29=0,1,2,3,4,5,6,7;r30=0,1,2,3,4,5,6,7;r31=0,1,2,3,4,5;r32=0,1,2,3,4,5;r33=0,1,2,3,4,5",3f5d11ee
ablation_r0_p11.dl,ablation,"r0=2,3,1,0;r1=0,1,2,3;r2=0,1,2;r3=0,1,2;r4=0,1,2;r5=0,1,2;r6=0,1,2,3;r7=0,1,2;r8=0,1,2;r9=0,1,2;r10=0,1,2,3;r11=0,1,2,3;r12=0,1,2;r13=0,1,2,3,4;r14=0,1,2;r15=0,1,2,3,4;r16=0,1,2;r17=0,1,2;r18=0,1,2;r19=0,1,2;r20=0,1,2;r21=0,1,2,3,4;r22=0,1,2,3,4,5,6,7;r23=0,1,2,3,4,5,6,7;r24=0,1,2,3;r25=0,1,2;r26=0,1,2,3,4,5,6,7,8;r27=0,1,2,3;r28=0,1,2;r29=0,1,2,3,4,5,6,7;r30=0,1,2,3,4,5,6,7;r31=0,1,2,3,4,5;r32=0,1,2,3,4,5;r33=0,1,2,3,4,5",6abeb836
ablation_r1_p01.dl,ablation,"r0=0,1,2,3;r1=0,1,3,2;r2=0,1,2;r3=0,1,2;r4=0,1,2;r5=0,1,2;r6=0,1,2,3;r7=0,1,2;r8=0,1,2;r9=0,1,2;r10=0,1,2,3;r11=0,1,2,3;r12=0,1,2;r13=0,1,2,3,4;r14=0,1,2;r15=0,1,2,3,4;r16=0,1,2;r17=0,1,2;r18=0,1,2;r19=0,1,2;r20=0,1,2;r21=0,1,2,3,4;r22=0,1,2,3,4,5,6,7;r23=0,1,2,3,4,5,6,7;r24=0,1,2,3;r25=0,1,2;r26=0,1,2,3,4,5,6,7,8;r27=0,1,2,3;r28=0,1,2;r29=0,1,2,3,4,5,6,7;r30=0,1,2,3,4,5,6,7;r31=0,1,2,3,4,5;r32=0,1,2,3,4,5;r33=0,1,2,3,4,5",c660d363
ablation_r1_p02.dl,ablation,"r0=0,1,2,3;r1=0,2,1,3;r2=0,1,2;r3=0,1,2;r4=0,1,2;r5=0,1,2;r6=0,1,2,3;r7=0,1,2;r8=0,1,2;r9=0,1,2;r10=0,1,2,3;r11=0,1,2,3;r12=0,1,2;r13=0,1,2,3,4;r14=0,1,2;r15=0,1,2,3,4;r16=0,1,2;r17=0,1,2;r18=0,1,2;r19=0,1,2;r20=0,1,2;r21=0,1,2,3,4;r22=0,1,2,3,4,5,6,7;r23=0,1,2,3,4,5,6,7;r24=0,1,2,3;r25=0,1,2;r26=0,1,2,3,4,5,6,7,8;r27=0,1,2,3;r28=0,1,2;r29=0,1,2,3,4,5,6,7;r30=0,1,2,3,4,5,6,7;r31=0,1,2,3,4,5;r32=0,1,2,3,4,5;r33=0,1,2,3,4,5",7d91fb70
ablation_r1_p03.dl,ablation,"r0=0,1,2,3;r1=0,2,3,1;r2=0,1,2;r3=0,1,2;r4=0,1,2;r5=0,1,2;r6=0,1,2,3;r7=0,1,2;r8=0,1,2;r9=0,1,2;r10=0,1,2,3;r11=0,1,2,3;r12=0,1,2;r13=0,1,2,3,4;r14=0,1,2;r15=0,1,2,3,4;r16=0,1,2;r17=0,1,2;r18=0,1,2;r19=0,1,2;r20=0,1,2;r21=0,1,2,3,4;r22=0,1,2,3,4,5,6,7;r23=0,1,2,3,4,5,6,7;r24=0,1,2,3;r25=0,1,2;r26=0,1,2,3,4,5,6,7,8;r27=0,1,2,3;r28=0,1,2;r29=0,1,2,3,4,5,6,7;r30=0,1,2,3,4,5,6,7;r31=0,1,2,3,4,5;r32=0,1,2,3,4,5;r33=0,1,2,3,4,5",e713b56d
ablation_r1_p04.dl,ablation,"r0=0,1,2,3;r1=0,3,1,2;r2=0,1,2;r3=0,1,2;r4=0,1,2;r5=0,1,2;r6=0,1,2,3;r7=0,1,2;r8=0,1,2;r9=0,1,2;r10=0,1,2,3;r11=0,1,2,3;r12=0,1,2;r13=0,1,2,3,4;r14=0,1,2;r15=0,1,2,3,4;r16=0,1,2;r17=0,1,2;r18=0,1,2;r19=0,1,2;r20=0,1,2;r21=0,1,2,3,4;r22=0,1,2,3,4,5,6,7;r23=0,1,2,3,4,5,6,7;r24=0,1,2,3;r25=0,1,2;r26=0,1,2,3,4,5,6,7,8;r27=0,1,2,3;r28=0,1,2;r29=0,1,2,3,4,5,6,7;r30=0,1,2,3,4,5,6,7;r31=0,1,2,3,4,5;r32=0,1,2,3,4,5;r33=0,1,2,3,4,5",0b6cbf37
ablation_r1_p05.dl,ablation,"r0=0,1,2,3;r1=0,3,2,1;r2=0,1,2;r3=0,1,2;r4=0,1,2;r5=0,1,2;r6=0,1,2,3;r7=0,1,2;r8=0,1,2;r9=0,1,2;r10=0,1,2,3;r11=0,1,2,3;r12=0,1,2;r13=0,1,2,3,4;r14=0,1,2;r15=0,1,2,3,4;r16=0,1,2;r17=0,1,2;r18=0,1,2;r19=0,1,2;r20=0,1,2;r21=0,1,2,3,4;r22=0,1,2,3,4,5,6,7;r23=0,1,2,3,4,5,6,7;r24=0,1,2,3;r25=0,1,2;r26=0,1,2,3,4,5,6,7,8;r27=0,1,2,3;r28=0,1,2;r29=0,1,2,3,4,5,6,7;r30=0,1,2,3,4,5,6,7;r31=0,1,2,3,4,5;r32=0,1,2,3,4,5;r33=0,1,2,3,4,5",7b1d6010
ablation_r1_p06.dl,ablation,"r0=0,1,2,3;r1=1,2,0,3;r2=0,1,2;r3=0,1,2;r4=0,1,2;r5=0,1,2;r6=0,1,2,3;r7=0,1,2;r8=0,1,2;r9=0,1,2;r10=0,1,2,3;r11=0,1,2,3;r12=0,1,2;r13=0,1,2,3,4;r14=0,1,2;r15=0,1,2,3,4;r16=0,1,2;r17=0,1,2;r18=0,1,2;r19=0,1,2;r20=0,1,2;r21=0,1,2,3,4;r22=0,1,2,3,4,5,6,7;r23=0,1,2,3,4,5,6,7;r24=0,1,2,3;r25=0,1,2;r26=0,1,2,3,4,5,6,7,8;r27=0,1,2,3;r28=0,1,2;r29=0,1,2,3,4,5,6,7;r30=0,1,2,3,4,5,6,7;r31=0,1,2,3,4,5;r32=0,1,2,3,4,5;r33=0,1,2,3,4,5",0e30d07c
ablation_r1_p07.dl,ablation,"r0=0,1,2,3;r1=1,2,3,0;r2=0,1,2;r3=0,1,2;r4=0,1,2;r5=0,1,2;r6=0,1,2,3;r7=0,1,2;r8=0,1,2;r9=0,1,2;r10=0,1,2,3;r11=0,1,2,3;r12=0,1,2;r13=0,1,2,3,4;r14=0,1,2;r15=0,1,2,3,4;r16=0,1,2;r17=0,1,2;r18=0,1,2;r19=0,1,2;r20=0,1,2;r21=0,1,2,3,4;r22=0,1,2,3,4,5,6,7;r23=0,1,2,3,4,5,6,7;r24=0,1,2,3;r25=0,1,2;r26=0,1,2,3,4,5,6,7,8;r27=0,1,2,3;r28=0,1,2;r29=0,1,2,3,4,5,6,7;r30=0,1,2,3,4,5,6,7;r31=0,1,2,3,4,5;r32=0,1,2,3,4,5;r33=0,1,2,3,4,5",3168e6ad
ablation_r1_p08.dl,ablation,"r0=0,1,2,3;r1=1,3,0,2;r2=0,1,2;r3=0,1,2;r4=0,1,2;r5=0,1,2;r6=0,1,2,3;r7=0,1,2;r8=0,1,2;r9=0,1,2;r10=0,1,2,3;r11=0,1,2,3;r12=0,1,2;r13=0,1,2,3,4;r14=0,1,2;r15=0,1,2,3,4;r16=0,1,2;r17=0,1,2;r18=0,1,2;r19=0,1,2;r20=0,1,2;r21=0,1,2,3,4;r22=0,1,2,3,4,5,6,7;r23=0,1,2,3,4,5,6,7;r24=0,1,2,3;r25=0,1,2;r26=0,1,2,3,4,5,6,7,8;r27=0,1,2,3;r28=0,1,2;r29=0,1,2,3,4,5,6,7;r30=0,1,2,3,4,5,6,7;r31=0,1,2,3,4,5;r32=0,1,2,3,4,5;r33=0,1,2,3,4,5",14b2f147
ablation_r1_p09.dl,ablation,"r0=0,1,2,3;r1=1,3,2,0;r2=0,1,2;r3=0,1,2;r4=0,1,2;r5=0,1,2;r6=0,1,2,3;r7=0,1,2;r8=0,1,2;r9=0,1,2;r10=0,1,2,3;r11=0,1,2,3;r12=0,1,2;r13=0,1,2,3,4;r14=0,1,2;r15=0,1,2,3,4;r16=0,1,2;r17=0,1,2;r18=0,1,2;r19=0,1,2;r20=0,1,2;r21=0,1,2,3,4;r22=0,1,2,3,4,5,6,7;r23=0,1,2,3,4,5,6,7;r24=0,1,2,3;r25=0,1,2;r26=0,1,2,3,4,5,6,7,8;r27=0,1,2,3;r28=0,1,2;r29=0,1,2,3,4,5,6,7;r30=0,1,2,3,4,5,6,7;r31=0,1,2,3,4,5;r32=0,1,2,3,4,5;r33=0,1,2,3,4,5",32a40d74
ablation_r1_p10.dl,ablation,"r0=0,1,2,3;r1=2,3,0,1;r2=0,1,2;r3=0,1,2;r4=0,1,2;r5=0,1,2;r6=0,1,2,3;r7=0,1,2;r8=0,1,2;r9=0,1,2;r10=0,1,2,3;r11=0,1,2,3;r12=0,1,2;r13=0,1,2,3,4;r14=0,1,2;r15=0,1,2,3,4;r16=0,1,2;r17=0,1,2;r18=0,1,2;r19=0,1,2;r20=0,1,2;r21=0,1,2,3,4;r22=0,1,2,3,4,5,6,7;r23=0,1,2,3,4,5,6,7;r24=0,1,2,3;r25=0,1,2;r26=0,1,2,3,4,5,6,7,8;r27=0,1,2,3;r28=0,1,2;r29=0,1,2,3,4,5,6,7;r30=0,1,2,3,4,5,6,7;r31=0,1,2,3,4,5;r32=0,1,2,3,4,5;r33=0,1,2,3,4,5",66641dd6
ablation_r1_p11.dl,ablation,"r0=0,1,2,3;r1=2,3,1,0;r2=0,1,2;r3=0,1,2;r4=0,1,2;r5=0,1,2;r6=0,1,2,3;r7=0,1,2;r8=0,1,2;r9=0,1,2;r10=0,1,2,3;r11=0,1,2,3;r12=0,1,2;r13=0,1,2,3,4;r14=0,1,2;r15=0,1,2,3,4;r16=0,1,2;r17=0,1,2;r18=0,1,2;r19=0,1,2;r20=0,1,2;r21=0,1,2,3,4;r22=0,1,2,3,4,5,6,7;r23=0,1,2,3,4,5,6,7;r24=0,1,2,3;r25=0,1,2;r26=0,1,2,3,4,5,6,7,8;r27=0,1,2,3;r28=0,1,2;r29=0,1,2,3,4,5,6,7;r30=0,1,2,3,4,5,6,7;r31=0,1,2,3,4,5;r32=0,1,2,3,4,5;r33=0,1,2,3,4,5",93d0e60b
ablation_r2_p01.dl,ablation,"r0=0,1,2,3;r1=0,1,2,3;r2=0,2,1;r3=0,1,2;r4=0,1,2;r5=0,1,2;r6=0,1,2,3;r7=0,1,2;r8=0,1,2;r9=0,1,2;r10=0,1,2,3;r11=0,1,2,3;r12=0,1,2;r13=0,1,2,3,4;r14=0,1,2;r15=0,1,2,3,4;r16=0,1,2;r17=0,1,2;r18=0,1,2;r19=0,1,2;r20=0,1,2;r21=0,1,2,3,4;r22=0,1,2,3,4,5,6,7;r23=0,1,2,3,4,5,6,7;r24=0,1,2,3;r25=0,1,2;r26=0,1,2,3,4,5,6,7,8;r27=0,1,2,3;r28=0,1,2;r29=0,1,2,3,4,5,6,7;r30=0,1,2,3,4,5,6,7;r31=0,1,2,3,4,5;r32=0,1,2,3,4,5;r33=0,1,2,3,4,5",beba2b52
ablation_r2_p02.dl,ablation,"r0=0,1,2,3;r1=0,1,2,3;r2=1,2,0;r3=0,1,2;r4=0,1,2;r5=0,1,2;r6=0,1,2,3;r7=0,1,2;r8=0,1,2;r9=0,1,2;r10=0,1,2,3;r11=0,1,2,3;r12=0,1,2;r13=0,1,2,3,4;r14=0,1,2;r15=0,1,2,3,4;r16=0,1,2;r17=0,1,2;r18=0,1,2;r19=0,1,2;r20=0,1,2;r21=0,1,2,3,4;r22=0,1,2,3,4,5,6,7;r23=0,1,2,3,4,5,6,7;r24=0,1,2,3;r25=0,1,2;r26=0,1,2,3,4,5,6,7,8;r27=0,1,2,3;r28=0,1,2;r29=0,1,2,3,4,5,6,7;r30=0,1,2,3,4,5,6,7;r31=0,1,2,3,4,5;r32=0,1,2,3,4,5;r33=0,1,2,3,4,5",db23c46d
ablation_r3_p01.dl,ablation,"r0=0,1,2,3;r1=0,1,2,3;r2=0,1,2;r3=0,2,1;r4=0,1,2;r5=0,1,2;r6=0,1,2,3;r7=0,1,2;r8=0,1,2;r9=0,1,2;r10=0,1,2,3;r11=0,1,2,3;r12=0,1,2;r13=0,1,2,3,4;r14=0,1,2;r15=0,1,2,3,4;r16=0,1,2;r17=0,1,2;r18=0,1,2;r19=0,1,2;r20=0,1,2;r21=0,1,2,3,4;r22=0,1,2,3,4,5,6,7;r23=0,1,2,3,4,5,6,7;r24=0,1,2,3;r25=0,1,2;r26=0,1,2,3,4,5,6,7,8;r27=0,1,2,3;r28=0,1,2;r29=0,1,2,3,4,5,6,7;r30=0,1,2,3,4,5,6,7;r31=0,1,2,3,4,5;r32=0,1,2,3,4,5;r33=0,1,2,3,4,5",65017337
ablation_r3_p02.dl,ablation,"r0=0,1,2,3;r1=0,1,2,3;r2=0,1,2;r3=1,2,0;r4=0,1,2;r5=0,1,2;r6=0,1,2,3;r7=0,1,2;r8=0,1,2;r9=0,1,2;r10=0,1,2,3;r11=0,1,2,3;r12=0,1,2;r13=0,1,2,3,4;r14=0,1,2;r15=0,1,2,3,4;r16=0,1,2;r17=0,1,2;r18=0,1,2;r19=0,1,2;r20=0,1,2;r21=0,1,2,3,4;r22=0,1,2,3,4,5,6,7;r23=0,1,2,3,4,5,6,7;r24=0,1,2,3;r25=0,1,2;r26=0,1,2,3,4,5,6,7,8;r27=0,1,2,3;r28=0,1,2;r29=0,1,2,3,4,5,6,7;r30=0,1,2,3,4,5,6,7;r31=0,1,2,3,4,5;r32=0,1,2,3,4,5;r33=0,1,2,3,4,5",3785e1d0
ablation_r4_p01.dl,ablation,"r0=0,1,2,3;r1=0,1,2,3;r2=0,1,2;r3=0,1,2;r4=0,2,1;r5=0,1,2;r6=0,1,2,3;r7=0,1,2;r8=0,1,2;r9=0,1,2;r10=0,1,2,3;r11=0,1,2,3;r12=0,1,2;r13=0,1,2,3,4;r14=0,1,2;r15=0,1,2,3,4;r16=0,1,2;r17=0,1,2;r18=0,1,2;r19=0,1,2;r20=0,1,2;r21=0,1,2,3,4;r22=0,1,2,3,4,5,6,7;r23=0,1,2,3,4,5,6,7;r24=0,1,2,3;r25=0,1,2;r26=0,1,2,3,4,5,6,7,8;r27=0,1,2,3;r28=0,1,2;r29=0,1,2,3,4,5,6,7;r30=0,1,2,3,4,5,6,7;r31=0,1,2,3,4,5;r32=0,1,2,3,4,5;r33=0,1,2,3,4,5",52d55a6d
ablation_r4_p02.dl,ablation,"r0=0,1,2,3;r1=0,1,2,3;r2=0,1,2;r3=0,1,2;r4=1,2,0;r5=0,1,2;r6=0,1,2,3;r7=0,1,2;r8=0,1,2;r9=0,1,2;r10=0,1,2,3;r11=0,1,2,3;r12=0,1,2;r13=0,1,2,3,4;r14=0,1,2;r15=0,1,2,3,4;r16=0,1,2;r17=0,1,2;r18=0,1,2;r19=0,1,2;r20=0,1,2;r21=0,1,2,3,4;r22=0,1,2,3,4,5,6,7;r23=0,1,2,3,4,5,6,7;r24=0,1,2,3;r25=0,1,2;r26=0,1,2,3,4,5,6,7,8;r27=0,1,2,3;r28=0,1,2;r29=0,1,2,3,4,5,6,7;r30=0,1,2,3,4,5,6,7;r31=0,1,2,3,4,5;r32=0,1,2,3,4,5;r33=0,1,2,3,4,5",8ec7ba8c
ablation_r5_p01.dl,ablation,"r0=0,1,2,3;r1=0,1,2,3;r2=0,1,2;r3=0,1,2;r4=0,1,2;r5=0,2,1;r6=0,1,2,3;r7=0,1,2;r8=0,1,2;r9=0,1,2;r10=0,1,2,3;r11=0,1,2,3;r12=0,1,2;r13=0,1,2,3,4;r14=0,1,2;r15=0,1,2,3,4;r16=0,1,2;r17=0,1,2;r18=0,1,2;r19=0,1,2;r20=0,1,2;r21=0,1,2,3,4;r22=0,1,2,3,4,5,6,7;r23=0,1,2,3,4,5,6,7;r24=0,1,2,3;r25=0,1,2;r26=0,1,2,3,4,5,6,7,8;r27=0,1,2,3;r28=0,1,2;r29=0,1,2,3,4,5,6,7;r30=0,1,2,3,4,5,6,7;r31=0,1,2,3,4,5;r32=0,1,2,3,4,5;r33=0,1,2,3,4,5",7be02274
ablation_r5_p02.dl,ablation,"r0=0,1,2,3;r1=0,1,2,3;r2=0,1,2;r3=0,1,2;r4=0,1,2;r5=1,2,0;r6=0,1,2,3;r7=0,1,2;r8=0,1,2;r9=0,1,2;r10=0,1,2,3;r11=0,1,2,3;r12=0,1,2;r13=0,1,2,3,4;r14=0,1,2;r15=0,1,2,3,4;r16=0,1,2;r17=0,1,2;r18=0,1,2;r19=0,1,2;r20=0,1,2;r21=0,1,2,3,4;r22=0,1,2,3,4,5,6,7;r23=0,1,2,3,4,5,6,7;r24=0,1,2,3;r25=0,1,2;r26=0,1,2,3,4,5,6,7,8;r27=0,1,2,3;r28=0,1,2;r29=0,1,2,3,4,5,6,7;r30=0,1,2,3,4,5,6,7;r31=0,1,2,3,4,5;r32=0,1,2,3,4,5;r33=0,1,2,3,4,5",d3a75aac
ablation_r6_p01.dl,ablation,"r0=0,1,2,3;r1=0,1,2,3;r2=0,1,2;r3=0,1,2;r4=0,1,2;r5=0,1,2;r6=0,1,3,2;r7=0,1,2;r8=0,1,2;r9=0,1,2;r10=0,1,2,3;r11=0,1,2,3;r12=0,1,2;r13=0,1,2,3,4;r14=0,1,2;r15=0,1,2,3,4;r16=0,1,2;r17=0,1,2;r18=0,1,2;r19=0,1,2;r20=0,1,2;r21=0,1,2,3,4;r22=0,1,2,3,4,5,6,7;r23=0,1,2,3,4,5,6,7;r24=0,1,2,3;r25=0,1,2;r26=0,1,2,3,4,5,6,7,8;r27=0,1,2,3;r28=0,1,2;r29=0,1,2,3,4,5,6,7;r30=0,1,2,3,4,5,6,7;r31=0,1,2,3,4,5;r32=0,1,2,3,4,5;r33=0,1,2,3,4,5",3a9b3c5d
ablation_r6_p02.dl,ablation,"r0=0,1,2,3;r1=0,1,2,3;r2=0,1,2;r3=0,1,2;r4=0,1,2;r5=0,1,2;r6=0,2,1,3;r7=0,1,2;r8=0,1,2;r9=0,1,2;r10=0,1,2,3;r11=0,1,2,3;r12=0,1,2;r13=0,1,2,3,4;r14=0,1,2;r15=0,1,2,3,4;r16=0,1,2;r17=0,1,2;r18=0,1,2;r19=0,1,2;r20=0,1,2;r21=0,1,2,3,4;r22=0,1,2,3,4,5,6,7;r23=0,1,2,3,4,5,6,7;r24=0,1,2,3;r25=0,1,2;r26=0,1,2,3,4,5,6,7,8;r27=0,1,2,3;r28=0,1,2;r29=0,1,2,3,4,5,6,7;r30=0,1,2,3,4,5,6,7;r31=0,1,2,3,4,5;r32=0,1,2,3,4,5;r33=0,1,2,3,4,5",f04cde92
ablation_r6_p03.dl,ablation,"r0=0,1,2,3;r1=0,1,2,3;r2=0,1,2;r3=0,1,2;r4=0,1,2;r5=0,1,2;r6=0,2,3,1;r7=0,1,2;r8=0,1,2;r9=0,1,2;r10=0,1,2,3;r11=0,1,2,3;r12=0,1,2;r13=0,1,2,3,4;r14=0,1,2;r15=0,1,2,3,4;r16=0,1,2;r17=0,1,2;r18=0,1,2;r19=0,1,2;r20=0,1,2;r21=0,1,2,3,4;r22=0,1,2,3,4,5,6,7;r23=0,1,2,3,4,5,6,7;r24=0,1,2,3;r25=0,1,2;r26=0,1,2,3,4,5,6,7,8;r27=0,1,2,3;r28=0,1,2;r29=0,1,2,3,4,5,6,7;r30=0,1,2,3,4,5,6,7;r31=0,1,2,3,4,5;r32=0,1,2,3,4,5;r33=0,1,2,3,4,5",b27b90ef
ablation_r6_p04.dl,ablation,"r0=0,1,2,3;r1=0,1,2,3;r2=0,1,2;r3=0,1,2;r4=0,1,2;r5=0,1,2;r6=0,3,1,2;r7=0,1,2;r8=0,1,2;r9=0,1,2;r10=0,1,2,3;r11=0,1,2,3;r12=0,1,2;r13=0,1,2,3,4;r14=0,1,2;r15=0,1,2,3,4;r16=0,1,2;r17=0,1,2;r18=0,1,2;r19=0,1,2;r20=0,1,2;r21=0,1,2,3,4;r22=0,1,2,3,4,5,6,7;r23=0,1,2,3,4,5,6,7;r24=0,1,2,3;r25=0,1,2;r26=0,1,2,3,4,5,6,7,8;r27=0,1,2,3;r28=0,1,2;r29=0,1,2,3,4,5,6,7;r30=0,1,2,3,4,5,6,7;r31=0,1,2,3,4,5;r32=0,1,2,3,4,5;r33=0,1,2,3,4,5",b1b57c09
ablation_r6_p05.dl,ablation,"r0=0,1,2,3;r1=0,1,2,3;r2=0,1,2;r3=0,1,2;r4=0,1,2;r5=0,1,2;r6=0,3,2,1;r7=0,1,2;r8=0,1,2;r9=0,1,2;r10=0,1,2,3;r11=0,1,2,3;r12=0,1,2;r13=0,1,2,3,4;r14=0,1,2;r15=0,1,2,3,4;r16=0,1,2;r17=0,1,2;r18=0,1,2;r19=0,1,2;r20=0,1,2;r21=0,1,2,3,4;r22=0,1,2,3,4,5,6,7;r23=0,1,2,3,4,5,6,7;r24=0,1,2,3;r25=0,1,2;r26=0,1,2,3,4,5,6,7,8;r27=0,1,2,3;r28=0,1,2;r29=0,1,2,3,4,5,6,7;r30=0,1,2,3,4,5,6,7;r31=0,1,2,3,4,5;r32=0,1,2,3,4,5;r33=0,1,2,3,4,5",20b854eb
ablation_r6_p06.dl,ablation,"r0=0,1,2,3;r1=0,1,2,3;r2=0,1,2;r3=0,1,2;r4=0,1,2;r5=0,1,2;r6=1,2,0,3;r7=0,1,2;r8=0,1,2;r9=0,1,2;r10=0,1,2,3;r11=0,1,2,3;r12=0,1,2;r13=0,1,2,3,4;r14=0,1,2;r15=0,1,2,3,4;r16=0,1,2;r17=0,1,2;r18=0,1,2;r19=0,1,2;r20=0,1,2;r21=0,1,2,3,4;r22=0,1,2,3,4,5,6,7;r23=0,1,2,3,4,5,6,7;r24=0,1,2,3;r25=0,1,2;r26=0,1,2,3,4,5,6,7,8;r27=0,1,2,3;r28=0,1,2;r29=0,1,2,3,4,5,6,7;r30=0,1,2,3,4,5,6,7;r31=0,1,2,3,4,5;r32=0,1,2,3,4,5;r33=0,1,2,3,4,5",4d3cf9bf
ablation_r6_p07.dl,ablation,"r0=0,1,2,3;r1=0,1,2,3;r2=0,1,2;r3=0,1,2;r4=0,1,2;r5=0,1,2;r6=1,2,3,0;r7=0,1,2;r8=0,1,2;r9=0,1,2;r10=0,1,2,3;r11=0,1,2,3;r12=0,1,2;r13=0,1,2,3,4;r14=0,1,2;r15=0,1,2,3,4;r16=0,1,2;r17=0,1,2;r18=0,1,2;r19=0,1,2;r20=0,1,2;r21=0,1,2,3,4;r22=0,1,2,3,4,5,6,7;r23=0,1,2,3,4,5,6,7;r24=0,1,2,3;r25=0,1,2;r26=0,1,2,3,4,5,6,7,8;r27=0,1,2,3;r28=0,1,2;r29=0,1,2,3,4,5,6,7;r30=0,1,2,3,4,5,6,7;r31=0,1,2,3,4,5;r32=0,1,2,3,4,5;r33=0,1,2,3,4,5",8dc5a1ae
ablation_r6_p08.dl,ablation,"r0=0,1,2,3;r1=0,1,2,3;r2=0,1,2;r3=0,1,2;r4=0,1,2;r5=0,1,2;r6=1,3,0,2;r7=0,1,2;r8=0,1,2;r9=0,1,2;r10=0,1,2,3;r11=0,1,2,3;r12=0,1,2;r13=0,1,2,3,4;r14=0,1,2;r15=0,1,2,3,4;r16=0,1,2;r17=0,1,2;r18=0,1,2;r19=0,1,2;r20=0,1,2;r21=0,1,2,3,4;r22=0,1,2,3,4,5,6,7;r23=0,1,2,3,4,5,6,7;r24=0,1,2,3;r25=0,1,2;r26=0,1,2,3,4,5,6,7,8;r27=0,1,2,3;r28=0,1,2;r29=0,1,2,3,4,5,6,7;r30=0,1,2,3,4,5,6,7;r31=0,1,2,3,4,5;r32=0,1,2,3,4,5;r33=0,1,2,3,4,5",a8b47956
ablation_r6_p09.dl,ablation,"r0=0,1,2,3;r1=0,1,2,3;r2=0,1,2;r3=0,1,2;r4=0,1,2;r5=0,1,2;r6=1,3,2,0;r7=0,1,2;r8=0,1,2;r9=0,1,2;r10=0,1,2,3;r11=0,1,2,3;r12=0,1,2;r13=0,1,2,3,4;r14=0,1,2;r15=0,1,2,3,4;r16=0,1,2;r17=0,1,2;r18=0,1,2;r19=0,1,2;r20=0,1,2;r21=0,1,2,3,4;r22=0,1,2,3,4,5,6,7;r23=0,1,2,3,4,5,6,7;r24=0,1,2,3;r25=0,1,2;r26=0,1,2,3,4,5,6,7,8;r27=0,1,2,3;r28=0,1,2;r29=0,1,2,3,4,5,6,7;r30=0,1,2,3,4,5,6,7;r31=0,1,2,3,4,5;r32=0,1,2,3,4,5;r33=0,1,2,3,4,5",5eeb215c
ablation_r6_p10.dl,ablation,"r0=0,1,2,3;r1=0,1,2,3;r2=0,1,2;r3=0,1,2;r4=0,1,2;r5=0,1,2;r6=2,3,0,1;r7=0,1,2;r8=0,1,2;r9=0,1,2;r10=0,1,2,3;r11=0,1,2,3;r12=0,1,2;r13=0,1,2,3,4;r14=0,1,2;r15=0,1,2,3,4;r16=0,1,2;r17=0,1,2;r18=0,1,2;r19=0,1,2;r20=0,1,2;r21=0,1,2,3,4;r22=0,1,2,3,4,5,6,7;r23=0,1,2,3,4,5,6,7;r24=0,1,2,3;r25=0,1,2;r26=0,1,2,3,4,5,6,7,8;r27=0,1,2,3;r28=0,1,2;r29=0,1,2,3,4,5,6,7;r30=0,1,2,3,4,5,6,7;r31=0,1,2,3,4,5;r32=0,1,2,3,4,5;r33=0,1,2,3,4,5",1796e210
ablation_r6_p11.dl,ablation,"r0=0,1,2,3;r1=0,1,2,3;r2=0,1,2;r3=0,1,2;r4=0,1,2;r5=0,1,2;r6=2,3,1,0;r7=0,1,2;r8=0,1,2;r9=0,1,2;r10=0,1,2,3;r11=0,1,2,3;r12=0,1,2;r13=0,1,2,3,4;r14=0,1,2;r15=0,1,2,3,4;r16=0,1,2;r17=0,1,2;r18=0,1,2;r19=0,1,2;r20=0,1,2;r21=0,1,2,3,4;r22=0,1,2,3,4,5,6,7;r23=0,1,2,3,4,5,6,7;r24=0,1,2,3;r25=0,1,2;r26=0,1,2,3,4,5,6,7,8;r27=0,1,2,3;r28=0,1,2;r29=0,1,2,3,4,5,6,7;r30=0,1,2,3,4,5,6,7;r31=0,1,2,3,4,5;r32=0,1,2,3,4,5;r33=0,1,2,3,4,5",029fdc01
ablation_r7_p01.dl,ablation,"r0=0,1,2,3;r1=0,1,2,3;r2=0,1,2;r3=0,1,2;r4=0,1,2;r5=0,1,2;r6=0,1,2,3;r7=0,2,1;r8=0,1,2;r9=0,1,2;r10=0,1,2,3;r11=0,1,2,3;r12=0,1,2;r13=0,1,2,3,4;r14=0,1,2;r15=0,1,2,3,4;r16=0,1,2;r17=0,1,2;r18=0,1,2;r19=0,1,2;r20=0,1,2;r21=0,1,2,3,4;r22=0,1,2,3,4,5,6,7;r23=0,1,2,3,4,5,6,7;r24=0,1,2,3;r25=0,1,2;r26=0,1,2,3,4,5,6,7,8;r27=0,1,2,3;r28=0,1,2;r29=0,1,2,3,4,5,6,7;r30=0,1,2,3,4,5,6,7;r31=0,1,2,3,4,5;r32=0,1,2,3,4,5;r33=0,1,2,3,4,5",2182a1b7
ablation_r7_p02.dl,ablation,"r0=0,1,2,3;r1=0,1,2,3;r2=0,1,2;r3=0,1,2;r4=0,1,2;r5=0,1,2;r6=0,1,2,3;r7=1,2,0;r8=0,1,2;r9=0,1,2;r10=0,1,2,3;r11=0,1,2,3;r12=0,1,2;r13=0,1,2,3,4;r14=0,1,2;r15=0,1,2,3,4;r16=0,1,2;r17=0,1,2;r18=0,1,2;r19=0,1,2;r20=0,1,2;r21=0,1,2,3,4;r22=0,1,2,3,4,5,6,7;r23=0,1,2,3,4,5,6,7;r24=0,1,2,3;r25=0,1,2;r26=0,1,2,3,4,5,6,7,8;r27=0,1,2,3;r28=0,1,2;r29=0,1,2,3,4,5,6,7;r30=0,1,2,3,4,5,6,7;r31=0,1,2,3,4,5;r32=0,1,2,3,4,5;r33=0,1,2,3,4,5",3aebe72a
ablation_r8_p01.dl,ablation,"r0=0,1,2,3;r1=0,1,2,3;r2=0,1,2;r3=0,1,2;r4=0,1,2;r5=0,1,2;r6=0,1,2,3;r7=0,1,2;r8=0,2,1;r9=0,1,2;r10=0,1,2,3;r11=0,1,2,3;r12=0,1,2;r13=0,1,2,3,4;r14=0,1,2;r15=0,1,2,3,4;r16=0,1,2;r17=0,1,2;r18=0,1,2;r19=0,1,2;r20=0,1,2;r21=0,1,2,3,4;r22=0,1,2,3,4,5,6,7;r23=0,1,2,3,4,5,6,7;r24=0,1,2,3;r25=0,1,2;r26=0,1,2,3,4,5,6,7,8;r27=0,1,2,3;r28=0,1,2;r29=0,1,2,3,4,5,6,7;r30=0,1,2,3,4,5,6,7;r31=0,1,2,3,4,5;r32=0,1,2,3,4,5;r33=0,1,2,3,4,5",aa999849
ablation_r8_p02.dl,ablation,"r0=0,1,2,3;r1=0,1,2,3;r2=0,1,2;r3=0,1,2;r4=0,1,2;r5=0,1,2;r6=0,1,2,3;r7=0,1,2;r8=1,2,0;r9=0,1,2;r10=0,1,2,3;r11=0,1,2,3;r12=0,1,2;r13=0,1,2,3,4;r14=0,1,2;r15=0,1,2,3,4;r16=0,1,2;r17=0,1,2;r18=0,1,2;r19=0,1,2;r20=0,1,2;r21=0,1,2,3,4;r22=0,1,2,3,4,5,6,7;r23=0,1,2,3,4,5,6,7;r24=0,1,2,3;r25=0,1,2;r26=0,1,2,3,4,5,6,7,8;r27=0,1,2,3;r28=0,1,2;r29=0,1,2,3,4,5,6,7;r30=0,1,2,3,4,5,6,7;r31=0,1,2,3,4,5;r32=0,1,2,3,4,5;r33=0,1,2,3,4,5",ad853c16
ablation_r9_p01.dl,ablation,"r0=0,1,2,3;r1=0,1,2,3;r2=0,1,2;r3=0,1,2;r4=0,1,2;r5=0,1,2;r6=0,1,2,3;r7=0,1,2;r8=0,1,2;r9=0,2,1;r10=0,1,2,3;r11=0,1,2,3;r12=0,1,2;r13=0,1,2,3,4;r14=0,1,2;r15=0,1,2,3,4;r16=0,1,2;r17=0,1,2;r18=0,1,2;r19=0,1,2;r20=0,1,2;r21=0,1,2,3,4;r22=0,1,2,3,4,5,6,7;r23=0,1,2,3,4,5,6,7;r24=0,1,2,3;r25=0,1,2;r26=0,1,2,3,4,5,6,7,8;r27=0,1,2,3;r28=0,1,2;r29=0,1,2,3,4,5,6,7;r30=0,1,2,3,4,5,6,7;r31=0,1,2,3,4,5;r32=0,1,2,3,4,5;r33=0,1,2,3,4,5",1587587e
ablation_r9_p02.dl,ablation,"r0=0,1,2,3;r1=0,1,2,3;r2=0,1,2;r3=0,1,2;r4=0,1,2;r5=0,1,2;r6=0,1,2,3;r7=0,1,2;r8=0,1,2;r9=1,2,0;r10=0,1,2,3;r11=0,1,2,3;r12=0,1,2;r13=0,1,2,3,4;r14=0,1,2;r15=0,1,2,3,4;r16=0,1,2;r17=0,1,2;r18=0,1,2;r19=0,1,2;r20=0,1,2;r21=0,1,2,3,4;r22=0,1,2,3,4,5,6,7;r23=0,1,2,3,4,5,6,7;r24=0,1,2,3;r25=0,1,2;r26=0,1,2,3,4,5,6,7,8;r27=0,1,2,3;r28=0,1,2;r29=0,1,2,3,4,5,6,7;r30=0,1,2,3,4,5,6,7;r31=0,1,2,3,4,5;r32=0,1,2,3,4,5;r33=0,1,2,3,4,5",c8a5be0d
ablation_r10_p01.dl,ablation,"r0=0,1,2,3;r1=0,1,2,3;r2=0,1,2;r3=0,1,2;r4=0,1,2;r5=0,1,2;r6=0,1,2,3;r7=0,1,2;r8=0,1,2;r9=0,1,2;r10=0,1,3,2;r11=0,1,2,3;r12=0,1,2;r13=0,1,2,3,4;r14=0,1,2;r15=0,1,2,3,4;r16=0,1,2;r17=0,1,2;r18=0,1,2;r19=0,1,2;r20=0,1,2;r21=0,1,2,3,4;r22=0,1,2,3,4,5,6,7;r23=0,1,2,3,4,5,6,7;r24=0,1,2,3;r25=0,1,2;r26=0,1,2,3,4,5,6,7,8;r27=0,1,2,3;r28=0,1,2;r29=0,1,2,3,4,5,6,7;r30=0,1,2,3,4,5,6,7;r31=0,1,2,3,4,5;r32=0,1,2,3,4,5;r33=0,1,2,3,4,5",59cca38e
ablation_r10_p02.dl,ablation,"r0=0,1,2,3;r1=0,1,2,3;r2=0,1,2;r3=0,1,2;r4=0,1,2;r5=0,1,2;r6=0,1,2,3;r7=0,1,2;r8=0,1,2;r9=0,1,2;r10=1,2,0,3;r11=0,1,2,3;r12=0,1,2;r13=0,1,2,3,4;r14=0,1,2;r15=0,1,2,3,4;r16=0,1,2;r17=0,1,2;r18=0,1,2;r19=0,1,2;r20=0,1,2;r21=0,1,2,3,4;r22=0,1,2,3,4,5,6,7;r23=0,1,2,3,4,5,6,7;r24=0,1,2,3;r25=0,1,2;r26=0,1,2,3,4,5,6,7,8;r27=0,1,2,3;r28=0,1,2;r29=0,1,2,3,4,5,6,7;r30=0,1,2,3,4,5,6,7;r31=0,1,2,3,4,5;r32=0,1,2,3,4,5;r33=0,1,2,3,4,5",561cc16a
ablation_r10_p03.dl,ablation,"r0=0,1,2,3;r1=0,1,2,3;r2=0,1,2;r3=0,1,2;r4=0,1,2;r5=0,1,2;r6=0,1,2,3;r7=0,1,2;r8=0,1,2;r9=0,1,2;r10=1,2,3,0;r11=0,1,2,3;r12=0,1,2;r13=0,1,2,3,4;r14=0,1,2;r15=0,1,2,3,4;r16=0,1,2;r17=0,1,2;r18=0,1,2;r19=0,1,2;r20=0,1,2;r21=0,1,2,3,4;r22=0,1,2,3,4,5,6,7;r23=0,1,2,3,4,5,6,7;r24=0,1,2,3;r25=0,1,2;r26=0,1,2,3,4,5,6,7,8;r27=0,1,2,3;r28=0,1,2;r29=0,1,2,3,4,5,6,7;r30=0,1,2,3,4,5,6,7;r31=0,1,2,3,4,5;r32=0,1,2,3,4,5;r33=0,1,2,3,4,5",64aafbfa
ablation_r10_p04.dl,ablation,"r0=0,1,2,3;r1=0,1,2,3;r2=0,1,2;r3=0,1,2;r4=0,1,2;r5=0,1,2;r6=0,1,2,3;r7=0,1,2;r8=0,1,2;r9=0,1,2;r10=1,3,0,2;r11=0,1,2,3;r12=0,1,2;r13=0,1,2,3,4;r14=0,1,2;r15=0,1,2,3,4;r16=0,1,2;r17=0,1,2;r18=0,1,2;r19=0,1,2;r20=0,1,2;r21=0,1,2,3,4;r22=0,1,2,3,4,5,6,7;r23=0,1,2,3,4,5,6,7;r24=0,1,2,3;r25=0,1,2;r26=0,1,2,3,4,5,6,7,8;r27=0,1,2,3;r28=0,1,2;r29=0,1,2,3,4,5,6,7;r30=0,1,2,3,4,5,6,7;r31=0,1,2,3,4,5;r32=0,1,2,3,4,5;r33=0,1,2,3,4,5",914afef6
ablation_r10_p05.dl,ablation,"r0=0,1,2,3;r1=0,1,2,3;r2=0,1,2;r3=0,1,2;r4=0,1,2;r5=0,1,2;r6=0,1,2,3;r7=0,1,2;r8=0,1,2;r9=0,1,2;r10=1,3,2,0;r11=0,1,2,3;r12=0,1,2;r13=0,1,2,3,4;r14=0,1,2;r15=0,1,2,3,4;r16=0,1,2;r17=0,1,2;r18=0,1,2;r19=0,1,2;r20=0,1,2;r21=0,1,2,3,4;r22=0,1,2,3,4,5,6,7;r23=0,1,2,3,4,5,6,7;r24=0,1,2,3;r25=0,1,2;r26=0,1,2,3,4,5,6,7,8;r27=0,1,2,3;r28=0,1,2;r29=0,1,2,3,4,5,6,7;r30=0,1,2,3,4,5,6,7;r31=0,1,2,3,4,5;r32=0,1,2,3,4,5;r33=0,1,2,3,4,5",a64e1af3
ablation_r10_p06.dl,ablation,"r0=0,1,2,3;r1=0,1,2,3;r2=0,1,2;r3=0,1,2;r4=0,1,2;r5=0,1,2;r6=0,1,2,3;r7=0,1,2;r8=0,1,2;r9=0,1,2;r10=2,3,1,0;r11=0,1,2,3;r12=0,1,2;r13=0,1,2,3,4;r14=0,1,2;r15=0,1,2,3,4;r16=0,1,2;r17=0,1,2;r18=0,1,2;r19=0,1,2;r20=0,1,2;r21=0,1,2,3,4;r22=0,1,2,3,4,5,6,7;r23=0,1,2,3,4,5,6,7;r24=0,1,2,3;r25=0,1,2;r26=0,1,2,3,4,5,6,7,8;r27=0,1,2,3;r28=0,1,2;r29=0,1,2,3,4,5,6,7;r30=0,1,2,3,4,5,6,7;r31=0,1,2,3,4,5;r32=0,1,2,3,4,5;r33=0,1,2,3,4,5",35a41c75
ablation_r11_p01.dl,ablation,"r0=0,1,2,3;r1=0,1,2,3;r2=0,1,2;r3=0,1,2;r4=0,1,2;r5=0,1,2;r6=0,1,2,3;r7=0,1,2;r8=0,1,2;r9=0,1,2;r10=0,1,2,3;r11=0,1,3,2;r12=0,1,2;r13=0,1,2,3,4;r14=0,1,2;r15=0,1,2,3,4;r16=0,1,2;r17=0,1,2;r18=0,1,2;r19=0,1,2;r20=0,1,2;r21=0,1,2,3,4;r22=0,1,2,3,4,5,6,7;r23=0,1,2,3,4,5,6,7;r24=0,1,2,3;r25=0,1,2;r26=0,1,2,3,4,5,6,7,8;r27=0,1,2,3;r28=0,1,2;r29=0,1,2,3,4,5,6,7;r30=0,1,2,3,4,5,6,7;r31=0,1,2,3,4,5;r32=0,1,2,3,4,5;r33=0,1,2,3,4,5",90c25b61
ablation_r11_p02.dl,ablation,"r0=0,1,2,3;r1=0,1,2,3;r2=0,1,2;r3=0,1,2;r4=0,1,2;r5=0,1,2;r6=0,1,2,3;r7=0,1,2;r8=0,1,2;r9=0,1,2;r10=0,1,2,3;r11=1,2,0,3;r12=0,1,2;r13=0,1,2,3,4;r14=0,1,2;r15=0,1,2,3,4;r16=0,1,2;r17=0,1,2;r18=0,1,2;r19=0,1,2;r20=0,1,2;r21=0,1,2,3,4;r22=0,1,2,3,4,5,6,7;r23=0,1,2,3,4,5,6,7;r24=0,1,2,3;r25=0,1,2;r26=0,1,2,3,4,5,6,7,8;r27=0,1,2,3;r28=0,1,2;r29=0,1,2,3,4,5,6,7;r30=0,1,2,3,4,5,6,7;r31=0,1,2,3,4,5;r32=0,1,2,3,4,5;r33=0,1,2,3,4,5",5581211d
ablation_r11_p03.dl,ablation,"r0=0,1,2,3;r1=0,1,2,3;r2=0,1,2;r3=0,1,2;r4=0,1,2;r5=0,1,2;r6=0,1,2,3;r7=0,1,2;r8=0,1,2;r9=0,1,2;r10=0,1,2,3;r11=1,2,3,0;r12=0,1,2;r13=0,1,2,3,4;r14=0,1,2;r15=0,1,2,3,4;r16=0,1,2;r17=0,1,2;r18=0,1,2;r19=0,1,2;r20=0,1,2;r21=0,1,2,3,4;r22=0,1,2,3,4,5,6,7;r23=0,1,2,3,4,5,6,7;r24=0,1,2,3;r25=0,1,2;r26=0,1,2,3,4,5,6,7,8;r27=0,1,2,3;r28=0,1,2;r29=0,1,2,3,4,5,6,7;r30=0,1,2,3,4,5,6,7;r31=0,1,2,3,4,5;r32=0,1,2,3,4,5;r33=0,1,2,3,4,5",f2ed476f
ablation_r11_p04.dl,ablation,"r0=0,1,2,3;r1=0,1,2,3;r2=0,1,2;r3=0,1,2;r4=0,1,2;r5=0,1,2;r6=0,1,2,3;r7=0,1,2;r8=0,1,2;r9=0,1,2;r10=0,1,2,3;r11=1,3,0,2;r12=0,1,2;r13=0,1,2,3,4;r14=0,1,2;r15=0,1,2,3,4;r16=0,1,2;r17=0,1,2;r18=0,1,2;r19=0,1,2;r20=0,1,2;r21=0,1,2,3,4;r22=0,1,2,3,4,5,6,7;r23=0,1,2,3,4,5,6,7;r24=0,1,2,3;r25=0,1,2;r26=0,1,2,3,4,5,6,7,8;r27=0,1,2,3;r28=0,1,2;r29=0,1,2,3,4,5,6,7;r30=0,1,2,3,4,5,6,7;r31=0,1,2,3,4,5;r32=0,1,2,3,4,5;r33=0,1,2,3,4,5",846ecac3
ablation_r11_p05.dl,ablation,"r0=0,1,2,3;r1=0,1,2,3;r2=0,1,2;r3=0,1,2;r4=0,1,2;r5=0,1,2;r6=0,1,2,3;r7=0,1,2;r8=0,1,2;r9=0,1,2;r10=0,1,2,3;r11=1,3,2,0;r12=0,1,2;r13=0,1,2,3,4;r14=0,1,2;r15=0,1,2,3,4;r16=0,1,2;r17=0,1,2;r18=0,1,2;r19=0,1,2;r20=0,1,2;r21=0,1,2,3,4;r22=0,1,2,3,4,5,6,7;r23=0,1,2,3,4,5,6,7;r24=0,1,2,3;r25=0,1,2;r26=0,1,2,3,4,5,6,7,8;r27=0,1,2,3;r28=0,1,2;r29=0,1,2,3,4,5,6,7;r30=0,1,2,3,4,5,6,7;r31=0,1,2,3,4,5;r32=0,1,2,3,4,5;r33=0,1,2,3,4,5",f2365b4b
ablation_r11_p06.dl,ablation,"r0=0,1,2,3;r1=0,1,2,3;r2=0,1,2;r3=0,1,2;r4=0,1,2;r5=0,1,2;r6=0,1,2,3;r7=0,1,2;r8=0,1,2;r9=0,1,2;r10=0,1,2,3;r11=2,3,1,0;r12=0,1,2;r13=0,1,2,3,4;r14=0,1,2;r15=0,1,2,3,4;r16=0,1,2;r17=0,1,2;r18=0,1,2;r19=0,1,2;r20=0,1,2;r21=0,1,2,3,4;r22=0,1,2,3,4,5,6,7;r23=0,1,2,3,4,5,6,7;r24=0,1,2,3;r25=0,1,2;r26=0,1,2,3,4,5,6,7,8;r27=0,1,2,3;r28=0,1,2;r29=0,1,2,3,4,5,6,7;r30=0,1,2,3,4,5,6,7;r31=0,1,2,3,4,5;r32=0,1,2,3,4,5;r33=0,1,2,3,4,5",7efb5110
ablation_r12_p01.dl,ablation,"r0=0,1,2,3;r1=0,1,2,3;r2=0,1,2;r3=0,1,2;r4=0,1,2;r5=0,1,2;r6=0,1,2,3;r7=0,1,2;r8=0,1,2;r9=0,1,2;r10=0,1,2,3;r11=0,1,2,3;r12=0,2,1;r13=0,1,2,3,4;r14=0,1,2;r15=0,1,2,3,4;r16=0,1,2;r17=0,1,2;r18=0,1,2;r19=0,1,2;r20=0,1,2;r21=0,1,2,3,4;r22=0,1,2,3,4,5,6,7;r23=0,1,2,3,4,5,6,7;r24=0,1,2,3;r25=0,1,2;r26=0,1,2,3,4,5,6,7,8;r27=0,1,2,3;r28=0,1,2;r29=0,1,2,3,4,5,6,7;r30=0,1,2,3,4,5,6,7;r31=0,1,2,3,4,5;r32=0,1,2,3,4,5;r33=0,1,2,3,4,5",0f7255fe
ablation_r12_p02.dl,ablation,"r0=0,1,2,3;r1=0,1,2,3;r2=0,1,2;r3=0,1,2;r4=0,1,2;r5=0,1,2;r6=0,1,2,3;r7=0,1,2;r8=0,1,2;r9=0,1,2;r10=0,1,2,3;r11=0,1,2,3;r12=1,2,0;r13=0,1,2,3,4;r14=0,1,2;r15=0,1,2,3,4;r16=0,1,2;r17=0,1,2;r18=0,1,2;r19=0,1,2;r20=0,1,2;r21=0,1,2,3,4;r22=0,1,2,3,4,5,6,7;r23=0,1,2,3,4,5,6,7;r24=0,1,2,3;r25=0,1,2;r26=0,1,2,3,4,5,6,7,8;r27=0,1,2,3;r28=0,1,2;r29=0,1,2,3,4,5,6,7;r30=0,1,2,3,4,5,6,7;r31=0,1,2,3,4,5;r32=0,1,2,3,4,5;r33=0,1,2,3,4,5",51a1b7e3
ablation_r13_p01.dl,ablation,"r0=0,1,2,3;r1=0,1,2,3;r2=0,1,2;r3=0,1,2;r4=0,1,2;r5=0,1,2;r6=0,1,2,3;r7=0,1,2;r8=0,1,2;r9=0,1,2;r10=0,1,2,3;r11=0,1,2,3;r12=0,1,2;r13=0,4,2,3,1;r14=0,1,2;r15=0,1,2,3,4;r16=0,1,2;r17=0,1,2;r18=0,1,2;r19=0,1,2;r20=0,1,2;r21=0,1,2,3,4;r22=0,1,2,3,4,5,6,7;r23=0,1,2,3,4,5,6,7;r24=0,1,2,3;r25=0,1,2;r26=0,1,2,3,4,5,6,7,8;r27=0,1,2,3;r28=0,1,2;r29=0,1,2,3,4,5,6,7;r30=0,1,2,3,4,5,6,7;r31=0,1,2,3,4,5;r32=0,1,2,3,4,5;r33=0,1,2,3,4,5",c808fa2f
ablation_r13_p02.dl,ablation,"r0=0,1,2,3;r1=0,1,2,3;r2=0,1,2;r3=0,1,2;r4=0,1,2;r5=0,1,2;r6=0,1,2,3;r7=0,1,2;r8=0,1,2;r9=0,1,2;r10=0,1,2,3;r11=0,1,2,3;r12=0,1,2;r13=0,1,4,2,3;r14=0,1,2;r15=0,1,2,3,4;r16=0,1,2;r17=0,1,2;r18=0,1,2;r19=0,1,2;r20=0,1,2;r21=0,1,2,3,4;r22=0,1,2,3,4,5,6,7;r23=0,1,2,3,4,5,6,7;r24=0,1,2,3;r25=0,1,2;r26=0,1,2,3,4,5,6,7,8;r27=0,1,2,3;r28=0,1,2;r29=0,1,2,3,4,5,6,7;r30=0,1,2,3,4,5,6,7;r31=0,1,2,3,4,5;r32=0,1,2,3,4,5;r33=0,1,2,3,4,5",c3d65d16
ablation_r13_p03.dl,ablation,"r0=0,1,2,3;r1=0,1,2,3;r2=0,1,2;r3=0,1,2;r4=0,1,2;r5=0,1,2;r6=0,1,2,3;r7=0,1,2;r8=0,1,2;r9=0,1,2;r10=0,1,2,3;r11=0,1,2,3;r12=0,1,2;r13=0,1,2,4,3;r14=0,1,2;r15=0,1,2,3,4;r16=0,1,2;r17=0,1,2;r18=0,1,2;r19=0,1,2;r20=0,1,2;r21=0,1,2,3,4;r22=0,1,2,3,4,5,6,7;r23=0,1,2,3,4,5,6,7;r24=0,1,2,3;r25=0,1,2;r26=0,1,2,3,4,5,6,7,8;r27=0,1,2,3;r28=0,1,2;r29=0,1,2,3,4,5,6,7;r30=0,1,2,3,4,5,6,7;r31=0,1,2,3,4,5;r32=0,1,2,3,4,5;r33=0,1,2,3,4,5",8f252bf6
ablation_r13_p04.dl,ablation,"r0=0,1,2,3;r1=0,1,2,3;r2=0,1,2;r3=0,1,2;r4=0,1,2;r5=0,1,2;r6=0,1,2,3;r7=0,1,2;r8=0,1,2;r9=0,1,2;r10=0,1,2,3;r11=0,1,2,3;r12=0,1,2;r13=1,3,0,2,4;r14=0,1,2;r15=0,1,2,3,4;r16=0,1,2;r17=0,1,2;r18=0,1,2;r19=0,1,2;r20=0,1,2;r21=0,1,2,3,4;r22=0,1,2,3,4,5,6,7;r23=0,1,2,3,4,5,6,7;r24=0,1,2,3;r25=0,1,2;r26=0,1,2,3,4,5,6,7,8;r27=0,1,2,3;r28=0,1,2;r29=0,1,2,3,4,5,6,7;r30=0,1,2,3,4,5,6,7;r31=0,1,2,3,4,5;r32=0,1,2,3,4,5;r33=0,1,2,3,4,5",27c11c33
ablation_r13_p05.dl,ablation,"r0=0,1,2,3;r1=0,1,2,3;r2=0,1,2;r3=0,1,2;r4=0,1,2;r5=0,1,2;r6=0,1,2,3;r7=0,1,2;r8=0,1,2;r9=0,1,2;r10=0,1,2,3;r11=0,1,2,3;r12=0,1,2;r13=0,2,3,4,1;r14=0,1,2;r15=0,1,2,3,4;r16=0,1,2;r17=0,1,2;r18=0,1,2;r19=0,1,2;r20=0,1,2;r21=0,1,2,3,4;r22=0,1,2,3,4,5,6,7;r23=0,1,2,3,4,5,6,7;r24=0,1,2,3;r25=0,1,2;r26=0,1,2,3,4,5,6,7,8;r27=0,1,2,3;r28=0,1,2;r29=0,1,2,3,4,5,6,7;r30=0,1,2,3,4,5,6,7;r31=0,1,2,3,4,5;r32=0,1,2,3,4,5;r33=0,1,2,3,4,5",beb70c5a
ablation_r13_p06.dl,ablation,"r0=0,1,2,3;r1=0,1,2,3;r2=0,1,2;r3=0,1,2;r4=0,1,2;r5=0,1,2;r6=0,1,2,3;r7=0,1,2;r8=0,1,2;r9=0,1,2;r10=0,1,2,3;r11=0,1,2,3;r12=0,1,2;r13=0,2,3,1,4;r14=0,1,2;r15=0,1,2,3,4;r16=0,1,2;r17=0,1,2;r18=0,1,2;r19=0,1,2;r20=0,1,2;r21=0,1,2,3,4;r22=0,1,2,3,4,5,6,7;r23=0,1,2,3,4,5,6,7;r24=0,1,2,3;r25=0,1,2;r26=0,1,2,3,4,5,6,7,8;r27=0,1,2,3;r28=0,1,2;r29=0,1,2,3,4,5,6,7;r30=0,1,2,3,4,5,6,7;r31=0,1,2,3,4,5;r32=0,1,2,3,4,5;r33=0,1,2,3,4,5",933f4eb9
ablation_r13_p07.dl,ablation,"r0=0,1,2,3;r1=0,1,2,3;r2=0,1,2;r3=0,1,2;r4=0,1,2;r5=0,1,2;r6=0,1,2,3;r7=0,1,2;r8=0,1,2;r9=0,1,2;r10=0,1,2,3;r11=0,1,2,3;r12=0,1,2;r13=0,4,3,1,2;r14=0,1,2;r15=0,1,2,3,4;r16=0,1,2;r17=0,1,2;r18=0,1,2;r19=0,1,2;r20=0,1,2;r21=0,1,2,3,4;r22=0,1,2,3,4,5,6,7;r23=0,1,2,3,4,5,6,7;r24=0,1,2,3;r25=0,1,2;r26=0,1,2,3,4,5,6,7,8;r27=0,1,2,3;r28=0,1,2;r29=0,1,2,3,4,5,6,7;r30=0,1,2,3,4,5,6,7;r31=0,1,2,3,4,5;r32=0,1,2,3,4,5;r33=0,1,2,3,4,5",86809b2c
ablation_r13_p08.dl,ablation,"r0=0,1,2,3;r1=0,1,2,3;r2=0,1,2;r3=0,1,2;r4=0,1,2;r5=0,1,2;r6=0,1,2,3;r7=0,1,2;r8=0,1,2;r9=0,1,2;r10=0,1,2,3;r11=0,1,2,3;r12=0,1,2;r13=0,1,4,3,2;r14=0,1,2;r15=0,1,2,3,4;r16=0,1,2;r17=0,1,2;r18=0,1,2;r19=0,1,2;r20=0,1,2;r21=0,1,2,3,4;r22=0,1,2,3,4,5,6,7;r23=0,1,2,3,4,5,6,7;r24=0,1,2,3;r25=0,1,2;r26=0,1,2,3,4,5,6,7,8;r27=0,1,2,3;r28=0,1,2;r29=0,1,2,3,4,5,6,7;r30=0,1,2,3,4,5,6,7;r31=0,1,2,3,4,5;r32=0,1,2,3,4,5;r33=0,1,2,3,4,5",638d9f76
ablation_r13_p09.dl,ablation,"r0=0,1,2,3;r1=0,1,2,3;r2=0,1,2;r3=0,1,2;r4=0,1,2;r5=0,1,2;r6=0,1,2,3;r7=0,1,2;r8=0,1,2;r9=0,1,2;r10=0,1,2,3;r11=0,1,2,3;r12=0,1,2;r13=2,4,0,1,3;r14=0,1,2;r15=0,1,2,3,4;r16=0,1,2;r17=0,1,2;r18=0,1,2;r19=0,1,2;r20=0,1,2;r21=0,1,2,3,4;r22=0,1,2,3,4,5,6,7;r23=0,1,2,3,4,5,6,7;r24=0,1,2,3;r25=0,1,2;r26=0,1,2,3,4,5,6,7,8;r27=0,1,2,3;r28=0,1,2;r29=0,1,2,3,4,5,6,7;r30=0,1,2,3,4,5,6,7;r31=0,1,2,3,4,5;r32=0,1,2,3,4,5;r33=0,1,2,3,4,5",47678177
ablation_r13_p10.dl,ablation,"r0=0,1,2,3;r1=0,1,2,3;r2=0,1,2;r3=0,1,2;r4=0,1,2;r5=0,1,2;r6=0,1,2,3;r7=0,1,2;r8=0,1,2;r9=0,1,2;r10=0,1,2,3;r11=0,1,2,3;r12=0,1,2;r13=0,4,1,2,3;r14=0,1,2;r15=0,1,2,3,4;r16=0,1,2;r17=0,1,2;r18=0,1,2;r19=0,1,2;r20=0,1,2;r21=0,1,2,3,4;r22=0,1,2,3,4,5,6,7;r23=0,1,2,3,4,5,6,7;r24=0,1,2,3;r25=0,1,2;r26=0,1,2,3,4,5,6,7,8;r27=0,1,2,3;r28=0,1,2;r29=0,1,2,3,4,5,6,7;r30=0,1,2,3,4,5,6,7;r31=0,1,2,3,4,5;r32=0,1,2,3,4,5;r33=0,1,2,3,4,5",93778881
ablation_r13_p11.dl,ablation,"r0=0,1,2,3;r1=0,1,2,3;r2=0,1,2;r3=0,1,2;r4=0,1,2;r5=0,1,2;r6=0,1,2,3;r7=0,1,2;r8=0,1,2;r9=0,1,2;r10=0,1,2,3;r11=0,1,2,3;r12=0,1,2;r13=0,1,3,4,2;r14=0,1,2;r15=0,1,2,3,4;r16=0,1,2;r17=0,1,2;r18=0,1,2;r19=0,1,2;r20=0,1,2;r21=0,1,2,3,4;r22=0,1,2,3,4,5,6,7;r23=0,1,2,3,4,5,6,7;r24=0,1,2,3;r25=0,1,2;r26=0,1,2,3,4,5,6,7,8;r27=0,1,2,3;r28=0,1,2;r29=0,1,2,3,4,5,6,7;r30=0,1,2,3,4,5,6,7;r31=0,1,2,3,4,5;r32=0,1,2,3,4,5;r33=0,1,2,3,4,5",445cd352
ablation_r13_p12.dl,ablation,"r0=0,1,2,3;r1=0,1,2,3;r2=0,1,2;r3=0,1,2;r4=0,1,2;r5=0,1,2;r6=0,1,2,3;r7=0,1,2;r8=0,1,2;r9=0,1,2;r10=0,1,2,3;r11=0,1,2,3;r12=0,1,2;r13=0,3,2,1,4;r14=0,1,2;r15=0,1,2,3,4;r16=0,1,2;r17=0,1,2;r18=0,1,2;r19=0,1,2;r20=0,1,2;r21=0,1,2,3,4;r22=0,1,2,3,4,5,6,7;r23=0,1,2,3,4,5,6,7;r24=0,1,2,3;r25=0,1,2;r26=0,1,2,3,4,5,6,7,8;r27=0,1,2,3;r28=0,1,2;r29=0,1,2,3,4,5,6,7;r30=0,1,2,3,4,5,6,7;r31=0,1,2,3,4,5;r32=0,1,2,3,4,5;r33=0,1,2,3,4,5",b8213854
ablation_r14_p01.dl,ablation,"r0=0,1,2,3;r1=0,1,2,3;r2=0,1,2;r3=0,1,2;r4=0,1,2;r5=0,1,2;r6=0,1,2,3;r7=0,1,2;r8=0,1,2;r9=0,1,2;r10=0,1,2,3;r11=0,1,2,3;r12=0,1,2;r13=0,1,2,3,4;r14=1,2,0;r15=0,1,2,3,4;r16=0,1,2;r17=0,1,2;r18=0,1,2;r19=0,1,2;r20=0,1,2;r21=0,1,2,3,4;r22=0,1,2,3,4,5,6,7;r23=0,1,2,3,4,5,6,7;r24=0,1,2,3;r25=0,1,2;r26=0,1,2,3,4,5,6,7,8;r27=0,1,2,3;r28=0,1,2;r29=0,1,2,3,4,5,6,7;r30=0,1,2,3,4,5,6,7;r31=0,1,2,3,4,5;r32=0,1,2,3,4,5;r33=0,1,2,3,4,5",bdf2dfab
ablation_r15_p01.dl,ablation,"r0=0,1,2,3;r1=0,1,2,3;r2=0,1,2;r3=0,1,2;r4=0,1,2;r5=0,1,2;r6=0,1,2,3;r7=0,1,2;r8=0,1,2;r9=0,1,2;r10=0,1,2,3;r11=0,1,2,3;r12=0,1,2;r13=0,1,2,3,4;r14=0,1,2;r15=0,1,3,4,2;r16=0,1,2;r17=0,1,2;r18=0,1,2;r19=0,1,2;r20=0,1,2;r21=0,1,2,3,4;r22=0,1,2,3,4,5,6,7;r23=0,1,2,3,4,5,6,7;r24=0,1,2,3;r25=0,1,2;r26=0,1,2,3,4,5,6,7,8;r27=0,1,2,3;r28=0,1,2;r29=0,1,2,3,4,5,6,7;r30=0,1,2,3,4,5,6,7;r31=0,1,2,3,4,5;r32=0,1,2,3,4,5;r33=0,1,2,3,4,5",c2251491
ablation_r15_p02.dl,ablation,"r0=0,1,2,3;r1=0,1,2,3;r2=0,1,2;r3=0,1,2;r4=0,1,2;r5=0,1,2;r6=0,1,2,3;r7=0,1,2;r8=0,1,2;r9=0,1,2;r10=0,1,2,3;r11=0,1,2,3;r12=0,1,2;r13=0,1,2,3,4;r14=0,1,2;r15=0,1,3,2,4;r16=0,1,2;r17=0,1,2;r18=0,1,2;r19=0,1,2;r20=0,1,2;r21=0,1,2,3,4;r22=0,1,2,3,4,5,6,7;r23=0,1,2,3,4,5,6,7;r24=0,1,2,3;r25=0,1,2;r26=0,1,2,3,4,5,6,7,8;r27=0,1,2,3;r28=0,1,2;r29=0,1,2,3,4,5,6,7;r30=0,1,2,3,4,5,6,7;r31=0,1,2,3,4,5;r32=0,1,2,3,4,5;r33=0,1,2,3,4,5",f21533d2
ablation_r15_p03.dl,ablation,"r0=0,1,2,3;r1=0,1,2,3;r2=0,1,2;r3=0,1,2;r4=0,1,2;r5=0,1,2;r6=0,1,2,3;r7=0,1,2;r8=0,1,2;r9=0,1,2;r10=0,1,2,3;r11=0,1,2,3;r12=0,1,2;r13=0,1,2,3,4;r14=0,1,2;r15=3,4,2,1,0;r16=0,1,2;r17=0,1,2;r18=0,1,2;r19=0,1,2;r20=0,1,2;r21=0,1,2,3,4;r22=0,1,2,3,4,5,6,7;r23=0,1,2,3,4,5,6,7;r24=0,1,2,3;r25=0,1,2;r26=0,1,2,3,4,5,6,7,8;r27=0,1,2,3;r28=0,1,2;r29=0,1,2,3,4,5,6,7;r30=0,1,2,3,4,5,6,7;r31=0,1,2,3,4,5;r32=0,1,2,3,4,5;r33=0,1,2,3,4,5",7b2862fc
ablation_r15_p04.dl,ablation,"r0=0,1,2,3;r1=0,1,2,3;r2=0,1,2;r3=0,1,2;r4=0,1,2;r5=0,1,2;r6=0,1,2,3;r7=0,1,2;r8=0,1,2;r9=0,1,2;r10=0,1,2,3;r11=0,1,2,3;r12=0,1,2;r13=0,1,2,3,4;r14=0,1,2;r15=1,2,3,0,4;r16=0,1,2;r17=0,1,2;r18=0,1,2;r19=0,1,2;r20=0,1,2;r21=0,1,2,3,4;r22=0,1,2,3,4,5,6,7;r23=0,1,2,3,4,5,6,7;r24=0,1,2,3;r25=0,1,2;r26=0,1,2,3,4,5,6,7,8;r27=0,1,2,3;r28=0,1,2;r29=0,1,2,3,4,5,6,7;r30=0,1,2,3,4,5,6,7;r31=0,1,2,3,4,5;r32=0,1,2,3,4,5;r33=0,1,2,3,4,5",a86e9a7f
ablation_r15_p05.dl,ablation,"r0=0,1,2,3;r1=0,1,2,3;r2=0,1,2;r3=0,1,2;r4=0,1,2;r5=0,1,2;r6=0,1,2,3;r7=0,1,2;r8=0,1,2;r9=0,1,2;r10=0,1,2,3;r11=0,1,2,3;r12=0,1,2;r13=0,1,2,3,4;r14=0,1,2;r15=2,3,4,1,0;r16=0,1,2;r17=0,1,2;r18=0,1,2;r19=0,1,2;r20=0,1,2;r21=0,1,2,3,4;r22=0,1,2,3,4,5,6,7;r23=0,1,2,3,4,5,6,7;r24=0,1,2,3;r25=0,1,2;r26=0,1,2,3,4,5,6,7,8;r27=0,1,2,3;r28=0,1,2;r29=0,1,2,3,4,5,6,7;r30=0,1,2,3,4,5,6,7;r31=0,1,2,3,4,5;r32=0,1,2,3,4,5;r33=0,1,2,3,4,5",158032ff
ablation_r15_p06.dl,ablation,"r0=0,1,2,3;r1=0,1,2,3;r2=0,1,2;r3=0,1,2;r4=0,1,2;r5=0,1,2;r6=0,1,2,3;r7=0,1,2;r8=0,1,2;r9=0,1,2;r10=0,1,2,3;r11=0,1,2,3;r12=0,1,2;r13=0,1,2,3,4;r14=0,1,2;r15=1,3,2,4,0;r16=0,1,2;r17=0,1,2;r18=0,1,2;r19=0,1,2;r20=0,1,2;r21=0,1,2,3,4;r22=0,1,2,3,4,5,6,7;r23=0,1,2,3,4,5,6,7;r24=0,1,2,3;r25=0,1,2;r26=0,1,2,3,4,5,6,7,8;r27=0,1,2,3;r28=0,1,2;r29=0,1,2,3,4,5,6,7;r30=0,1,2,3,4,5,6,7;r31=0,1,2,3,4,5;r32=0,1,2,3,4,5;r33=0,1,2,3,4,5",4d1e5de9
ablation_r15_p07.dl,ablation,"r0=0,1,2,3;r1=0,1,2,3;r2=0,1,2;r3=0,1,2;r4=0,1,2;r5=0,1,2;r6=0,1,2,3;r7=0,1,2;r8=0,1,2;r9=0,1,2;r10=0,1,2,3;r11=0,1,2,3;r12=0,1,2;r13=0,1,2,3,4;r14=0,1,2;r15=1,3,4,0,2;r16=0,1,2;r17=0,1,2;r18=0,1,2;r19=0,1,2;r20=0,1,2;r21=0,1,2,3,4;r22=0,1,2,3,4,5,6,7;r23=0,1,2,3,4,5,6,7;r24=0,1,2,3;r25=0,1,2;r26=0,1,2,3,4,5,6,7,8;r27=0,1,2,3;r28=0,1,2;r29=0,1,2,3,4,5,6,7;r30=0,1,2,3,4,5,6,7;r31=0,1,2,3,4,5;r32=0,1,2,3,4,5;r33=0,1,2,3,4,5",f384c658
ablation_r15_p08.dl,ablation,"r0=0,1,2,3;r1=0,1,2,3;r2=0,1,2;r3=0,1,2;r4=0,1,2;r5=0,1,2;r6=0,1,2,3;r7=0,1,2;r8=0,1,2;r9=0,1,2;r10=0,1,2,3;r11=0,1,2,3;r12=0,1,2;r13=0,1,2,3,4;r14=0,1,2;r15=3,4,1,2,0;r16=0,1,2;r17=0,1,2;r18=0,1,2;r19=0,1,2;r20=0,1,2;r21=0,1,2,3,4;r22=0,1,2,3,4,5,6,7;r23=0,1,2,3,4,5,6,7;r24=0,1,2,3;r25=0,1,2;r26=0,1,2,3,4,5,6,7,8;r27=0,1,2,3;r28=0,1,2;r29=0,1,2,3,4,5,6,7;r30=0,1,2,3,4,5,6,7;r31=0,1,2,3,4,5;r32=0,1,2,3,4,5;r33=0,1,2,3,4,5",5ac41c43
ablation_r15_p09.dl,ablation,"r0=0,1,2,3;r1=0,1,2,3;r2=0,1,2;r3=0,1,2;r4=0,1,2;r5=0,1,2;r6=0,1,2,3;r7=0,1,2;r8=0,1,2;r9=0,1,2;r10=0,1,2,3;r11=0,1,2,3;r12=0,1,2;r13=0,1,2,3,4;r14=0,1,2;r15=2,3,1,0,4;r16=0,1,2;r17=0,1,2;r18=0,1,2;r19=0,1,2;r20=0,1,2;r21=0,1,2,3,4;r22=0,1,2,3,4,5,6,7;r23=0,1,2,3,4,5,6,7;r24=0,1,2,3;r25=0,1,2;r26=0,1,2,3,4,5,6,7,8;r27=0,1,2,3;r28=0,1,2;r29=0,1,2,3,4,5,6,7;r30=0,1,2,3,4,5,6,7;r31=0,1,2,3,4,5;r32=0,1,2,3,4,5;r33=0,1,2,3,4,5",0ba16171
ablation_r15_p10.dl,ablation,"r0=0,1,2,3;r1=0,1,2,3;r2=0,1,2;r3=0,1,2;r4=0,1,2;r5=0,1,2;r6=0,1,2,3;r7=0,1,2;r8=0,1,2;r9=0,1,2;r10=0,1,2,3;r11=0,1,2,3;r12=0,1,2;r13=0,1,2,3,4;r14=0,1,2;r15=2,3,1,4,0;r16=0,1,2;r17=0,1,2;r18=0,1,2;r19=0,1,2;r20=0,1,2;r21=0,1,2,3,4;r22=0,1,2,3,4,5,6,7;r23=0,1,2,3,4,5,6,7;r24=0,1,2,3;r25=0,1,2;r26=0,1,2,3,4,5,6,7,8;r27=0,1,2,3;r28=0,1,2;r29=0,1,2,3,4,5,6,7;r30=0,1,2,3,4,5,6,7;r31=0,1,2,3,4,5;r32=0,1,2,3,4,5;r33=0,1,2,3,4,5",ca0cc1ab
ablation_r15_p11.dl,ablation,"r0=0,1,2,3;r1=0,1,2,3;r2=0,1,2;r3=0,1,2;r4=0,1,2;r5=0,1,2;r6=0,1,2,3;r7=0,1,2;r8=0,1,2;r9=0,1,2;r10=0,1,2,3;r11=0,1,2,3;r12=0,1,2;r13=0,1,2,3,4;r14=0,1,2;r15=1,3,0,2,4;r16=0,1,2;r17=0,1,2;r18=0,1,2;r19=0,1,2;r20=0,1,2;r21=0,1,2,3,4;r22=0,1,2,3,4,5,6,7;r23=0,1,2,3,4,5,6,7;r24=0,1,2,3;r25=0,1,2;r26=0,1,2,3,4,5,6,7,8;r27=0,1,2,3;r28=0,1,2;r29=0,1,2,3,4,5,6,7;r30=0,1,2,3,4,5,6,7;r31=0,1,2,3,4,5;r32=0,1,2,3,4,5;r33=0,1,2,3,4,5",7e6f3f2c
ablation_r15_p12.dl,ablation,"r0=0,1,2,3;r1=0,1,2,3;r2=0,1,2;r3=0,1,2;r4=0,1,2;r5=0,1,2;r6=0,1,2,3;r7=0,1,2;r8=0,1,2;r9=0,1,2;r10=0,1,2,3;r11=0,1,2,3;r12=0,1,2;r13=0,1,2,3,4;r14=0,1,2;r15=1,3,0,4,2;r16=0,1,2;r17=0,1,2;r18=0,1,2;r19=0,1,2;r20=0,1,2;r21=0,1,2,3,4;r22=0,1,2,3,4,5,6,7;r23=0,1,2,3,4,5,6,7;r24=0,1,2,3;r25=0,1,2;r26=0,1,2,3,4,5,6,7,8;r27=0,1,2,3;r28=0,1,2;r29=0,1,2,3,4,5,6,7;r30=0,1,2,3,4,5,6,7;r31=0,1,2,3,4,5;r32=0,1,2,3,4,5;r33=0,1,2,3,4,5",5589efc4
ablation_r16_p01.dl,ablation,"r0=0,1,2,3;r1=0,1,2,3;r2=0,1,2;r3=0,1,2;r4=0,1,2;r5=0,1,2;r6=0,1,2,3;r7=0,1,2;r8=0,1,2;r9=0,1,2;r10=0,1,2,3;r11=0,1,2,3;r12=0,1,2;r13=0,1,2,3,4;r14=0,1,2;r15=0,1,2,3,4;r16=1,2,0;r17=0,1,2;r18=0,1,2;r19=0,1,2;r20=0,1,2;r21=0,1,2,3,4;r22=0,1,2,3,4,5,6,7;r23=0,1,2,3,4,5,6,7;r24=0,1,2,3;r25=0,1,2;r26=0,1,2,3,4,5,6,7,8;r27=0,1,2,3;r28=0,1,2;r29=0,1,2,3,4,5,6,7;r30=0,1,2,3,4,5,6,7;r31=0,1,2,3,4,5;r32=0,1,2,3,4,5;r33=0,1,2,3,4,5",4ba5ba7f
ablation_r17_p01.dl,ablation,"r0=0,1,2,3;r1=0,1,2,3;r2=0,1,2;r3=0,1,2;r4=0,1,2;r5=0,1,2;r6=0,1,2,3;r7=0,1,2;r8=0,1,2;r9=0,1,2;r10=0,1,2,3;r11=0,1,2,3;r12=0,1,2;r13=0,1,2,3,4;r14=0,1,2;r15=0,1,2,3,4;r16=0,1,2;r17=1,2,0;r18=0,1,2;r19=0,1,2;r20=0,1,2;r21=0,1,2,3,4;r22=0,1,2,3,4,5,6,7;r23=0,1,2,3,4,5,6,7;r24=0,1,2,3;r25=0,1,2;r26=0,1,2,3,4,5,6,7,8;r27=0,1,2,3;r28=0,1,2;r29=0,1,2,3,4,5,6,7;r30=0,1,2,3,4,5,6,7;r31=0,1,2,3,4,5;r32=0,1,2,3,4,5;r33=0,1,2,3,4,5",a7d5b2ee
ablation_r18_p01.dl,ablation,"r0=0,1,2,3;r1=0,1,2,3;r2=0,1,2;r3=0,1,2;r4=0,1,2;r5=0,1,2;r6=0,1,2,3;r7=0,1,2;r8=0,1,2;r9=0,1,2;r10=0,1,2,3;r11=0,1,2,3;r12=0,1,2;r13=0,1,2,3,4;r14=0,1,2;r15=0,1,2,3,4;r16=0,1,2;r17=0,1,2;r18=0,2,1;r19=0,1,2;r20=0,1,2;r21=0,1,2,3,4;r22=0,1,2,3,4,5,6,7;r23=0,1,2,3,4,5,6,7;r24=0,1,2,3;r25=0,1,2;r26=0,1,2,3,4,5,6,7,8;r27=0,1,2,3;r28=0,1,2;r29=0,1,2,3,4,5,6,7;r30=0,1,2,3,4,5,6,7;r31=0,1,2,3,4,5;r32=0,1,2,3,4,5;r33=0,1,2,3,4,5",fca95699
ablation_r18_p02.dl,ablation,"r0=0,1,2,3;r1=0,1,2,3;r2=0,1,2;r3=0,1,2;r4=0,1,2;r5=0,1,2;r6=0,1,2,3;r7=0,1,2;r8=0,1,2;r9=0,1,2;r10=0,1,2,3;r11=0,1,2,3;r12=0,1,2;r13=0,1,2,3,4;r14=0,1,2;r15=0,1,2,3,4;r16=0,1,2;r17=0,1,2;r18=1,2,0;r19=0,1,2;r20=0,1,2;r21=0,1,2,3,4;r22=0,1,2,3,4,5,6,7;r23=0,1,2,3,4,5,6,7;r24=0,1,2,3;r25=0,1,2;r26=0,1,2,3,4,5,6,7,8;r27=0,1,2,3;r28=0,1,2;r29=0,1,2,3,4,5,6,7;r30=0,1,2,3,4,5,6,7;r31=0,1,2,3,4,5;r32=0,1,2,3,4,5;r33=0,1,2,3,4,5",16118a14
ablation_r19_p01.dl,ablation,"r0=0,1,2,3;r1=0,1,2,3;r2=0,1,2;r3=0,1,2;r4=0,1,2;r5=0,1,2;r6=0,1,2,3;r7=0,1,2;r8=0,1,2;r9=0,1,2;r10=0,1,2,3;r11=0,1,2,3;r12=0,1,2;r13=0,1,2,3,4;r14=0,1,2;r15=0,1,2,3,4;r16=0,1,2;r17=0,1,2;r18=0,1,2;r19=0,2,1;r20=0,1,2;r21=0,1,2,3,4;r22=0,1,2,3,4,5,6,7;r23=0,1,2,3,4,5,6,7;r24=0,1,2,3;r25=0,1,2;r26=0,1,2,3,4,5,6,7,8;r27=0,1,2,3;r28=0,1,2;r29=0,1,2,3,4,5,6,7;r30=0,1,2,3,4,5,6,7;r31=0,1,2,3,4,5;r32=0,1,2,3,4,5;r33=0,1,2,3,4,5",985d4e9d
ablation_r20_p01.dl,ablation,"r0=0,1,2,3;r1=0,1,2,3;r2=0,1,2;r3=0,1,2;r4=0,1,2;r5=0,1,2;r6=0,1,2,3;r7=0,1,2;r8=0,1,2;r9=0,1,2;r10=0,1,2,3;r11=0,1,2,3;r12=0,1,2;r13=0,1,2,3,4;r14=0,1,2;r15=0,1,2,3,4;r16=0,1,2;r17=0,1,2;r18=0,1,2;r19=0,1,2;r20=1,2,0;r21=0,1,2,3,4;r22=0,1,2,3,4,5,6,7;r23=0,1,2,3,4,5,6,7;r24=0,1,2,3;r25=0,1,2;r26=0,1,2,3,4,5,6,7,8;r27=0,1,2,3;r28=0,1,2;r29=0,1,2,3,4,5,6,7;r30=0,1,2,3,4,5,6,7;r31=0,1,2,3,4,5;r32=0,1,2,3,4,5;r33=0,1,2,3,4,5",abafff91
ablation_r21_p01.dl,ablation,"r0=0,1,2,3;r1=0,1,2,3;r2=0,1,2;r3=0,1,2;r4=0,1,2;r5=0,1,2;r6=0,1,2,3;r7=0,1,2;r8=0,1,2;r9=0,1,2;r10=0,1,2,3;r11=0,1,2,3;r12=0,1,2;r13=0,1,2,3,4;r14=0,1,2;r15=0,1,2,3,4;r16=0,1,2;r17=0,1,2;r18=0,1,2;r19=0,1,2;r20=0,1,2;r21=2,3,4,1,0;r22=0,1,2,3,4,5,6,7;r23=0,1,2,3,4,5,6,7;r24=0,1,2,3;r25=0,1,2;r26=0,1,2,3,4,5,6,7,8;r27=0,1,2,3;r28=0,1,2;r29=0,1,2,3,4,5,6,7;r30=0,1,2,3,4,5,6,7;r31=0,1,2,3,4,5;r32=0,1,2,3,4,5;r33=0,1,2,3,4,5",b2047436
ablation_r21_p02.dl,ablation,"r0=0,1,2,3;r1=0,1,2,3;r2=0,1,2;r3=0,1,2;r4=0,1,2;r5=0,1,2;r6=0,1,2,3;r7=0,1,2;r8=0,1,2;r9=0,1,2;r10=0,1,2,3;r11=0,1,2,3;r12=0,1,2;r13=0,1,2,3,4;r14=0,1,2;r15=0,1,2,3,4;r16=0,1,2;r17=0,1,2;r18=0,1,2;r19=0,1,2;r20=0,1,2;r21=1,4,3,0,2;r22=0,1,2,3,4,5,6,7;r23=0,1,2,3,4,5,6,7;r24=0,1,2,3;r25=0,1,2;r26=0,1,2,3,4,5,6,7,8;r27=0,1,2,3;r28=0,1,2;r29=0,1,2,3,4,5,6,7;r30=0,1,2,3,4,5,6,7;r31=0,1,2,3,4,5;r32=0,1,2,3,4,5;r33=0,1,2,3,4,5",030dce18
ablation_r21_p03.dl,ablation,"r0=0,1,2,3;r1=0,1,2,3;r2=0,1,2;r3=0,1,2;r4=0,1,2;r5=0,1,2;r6=0,1,2,3;r7=0,1,2;r8=0,1,2;r9=0,1,2;r10=0,1,2,3;r11=0,1,2,3;r12=0,1,2;r13=0,1,2,3,4;r14=0,1,2;r15=0,1,2,3,4;r16=0,1,2;r17=0,1,2;r18=0,1,2;r19=0,1,2;r20=0,1,2;r21=1,2,4,0,3;r22=0,1,2,3,4,5,6,7;r23=0,1,2,3,4,5,6,7;r24=0,1,2,3;r25=0,1,2;r26=0,1,2,3,4,5,6,7,8;r27=0,1,2,3;r28=0,1,2;r29=0,1,2,3,4,5,6,7;r30=0,1,2,3,4,5,6,7;r31=0,1,2,3,4,5;r32=0,1,2,3,4,5;r33=0,1,2,3,4,5",76a15578
ablation_r21_p04.dl,ablation,"r0=0,1,2,3;r1=0,1,2,3;r2=0,1,2;r3=0,1,2;r4=0,1,2;r5=0,1,2;r6=0,1,2,3;r7=0,1,2;r8=0,1,2;r9=0,1,2;r10=0,1,2,3;r11=0,1,2,3;r12=0,1,2;r13=0,1,2,3,4;r14=0,1,2;r15=0,1,2,3,4;r16=0,1,2;r17=0,1,2;r18=0,1,2;r19=0,1,2;r20=0,1,2;r21=1,4,3,2,0;r22=0,1,2,3,4,5,6,7;r23=0,1,2,3,4,5,6,7;r24=0,1,2,3;r25=0,1,2;r26=0,1,2,3,4,5,6,7,8;r27=0,1,2,3;r28=0,1,2;r29=0,1,2,3,4,5,6,7;r30=0,1,2,3,4,5,6,7;r31=0,1,2,3,4,5;r32=0,1,2,3,4,5;r33=0,1,2,3,4,5",4e090b9d
ablation_r21_p05.dl,ablation,"r0=0,1,2,3;r1=0,1,2,3;r2=0,1,2;r3=0,1,2;r4=0,1,2;r5=0,1,2;r6=0,1,2,3;r7=0,1,2;r8=0,1,2;r9=0,1,2;r10=0,1,2,3;r11=0,1,2,3;r12=0,1,2;r13=0,1,2,3,4;r14=0,1,2;r15=0,1,2,3,4;r16=0,1,2;r17=0,1,2;r18=0,1,2;r19=0,1,2;r20=0,1,2;r21=1,2,4,3,0;r22=0,1,2,3,4,5,6,7;r23=0,1,2,3,4,5,6,7;r24=0,1,2,3;r25=0,1,2;r26=0,1,2,3,4,5,6,7,8;r27=0,1,2,3;r28=0,1,2;r29=0,1,2,3,4,5,6,7;r30=0,1,2,3,4,5,6,7;r31=0,1,2,3,4,5;r32=0,1,2,3,4,5;r33=0,1,2,3,4,5",62a10ecf
ablation_r21_p06.dl,ablation,"r0=0,1,2,3;r1=0,1,2,3;r2=0,1,2;r3=0,1,2;r4=0,1,2;r5=0,1,2;r6=0,1,2,3;r7=0,1,2;r8=0,1,2;r9=0,1,2;r10=0,1,2,3;r11=0,1,2,3;r12=0,1,2;r13=0,1,2,3,4;r14=0,1,2;r15=0,1,2,3,4;r16=0,1,2;r17=0,1,2;r18=0,1,2;r19=0,1,2;r20=0,1,2;r21=0,1,2,4,3;r22=0,1,2,3,4,5,6,7;r23=0,1,2,3,4,5,6,7;r24=0,1,2,3;r25=0,1,2;r26=0,1,2,3,4,5,6,7,8;r27=0,1,2,3;r28=0,1,2;r29=0,1,2,3,4,5,6,7;r30=0,1,2,3,4,5,6,7;r31=0,1,2,3,4,5;r32=0,1,2,3,4,5;r33=0,1,2,3,4,5",553aa798
ablation_r21_p07.dl,ablation,"r0=0,1,2,3;r1=0,1,2,3;r2=0,1,2;r3=0,1,2;r4=0,1,2;r5=0,1,2;r6=0,1,2,3;r7=0,1,2;r8=0,1,2;r9=0,1,2;r10=0,1,2,3;r11=0,1,2,3;r12=0,1,2;r13=0,1,2,3,4;r14=0,1,2;r15=0,1,2,3,4;r16=0,1,2;r17=0,1,2;r18=0,1,2;r19=0,1,2;r20=0,1,2;r21=1,4,2,3,0;r22=0,1,2,3,4,5,6,7;r23=0,1,2,3,4,5,6,7;r24=0,1,2,3;r25=0,1,2;r26=0,1,2,3,4,5,6,7,8;r27=0,1,2,3;r28=0,1,2;r29=0,1,2,3,4,5,6,7;r30=0,1,2,3,4,5,6,7;r31=0,1,2,3,4,5;r32=0,1,2,3,4,5;r33=0,1,2,3,4,5",eddcafcb
ablation_r21_p08.dl,ablation,"r0=0,1,2,3;r1=0,1,2,3;r2=0,1,2;r3=0,1,2;r4=0,1,2;r5=0,1,2;r6=0,1,2,3;r7=0,1,2;r8=0,1,2;r9=0,1,2;r10=0,1,2,3;r11=0,1,2,3;r12=0,1,2;r13=0,1,2,3,4;r14=0,1,2;r15=0,1,2,3,4;r16=0,1,2;r17=0,1,2;r18=0,1,2;r19=0,1,2;r20=0,1,2;r21=3,4,2,1,0;r22=0,1,2,3,4,5,6,7;r23=0,1,2,3,4,5,6,7;r24=0,1,2,3;r25=0,1,2;r26=0,1,2,3,4,5,6,7,8;r27=0,1,2,3;r28=0,1,2;r29=0,1,2,3,4,5,6,7;r30=0,1,2,3,4,5,6,7;r31=0,1,2,3,4,5;r32=0,1,2,3,4,5;r33=0,1,2,3,4,5",341c9451
ablation_r21_p09.dl,ablation,"r0=0,1,2,3;r1=0,1,2,3;r2=0,1,2;r3=0,1,2;r4=0,1,2;r5=0,1,2;r6=0,1,2,3;r7=0,1,2;r8=0,1,2;r9=0,1,2;r10=0,1,2,3;r11=0,1,2,3;r12=0,1,2;r13=0,1,2,3,4;r14=0,1,2;r15=0,1,2,3,4;r16=0,1,2;r17=0,1,2;r18=0,1,2;r19=0,1,2;r20=0,1,2;r21=0,1,4,3,2;r22=0,1,2,3,4,5,6,7;r23=0,1,2,3,4,5,6,7;r24=0,1,2,3;r25=0,1,2;r26=0,1,2,3,4,5,6,7,8;r27=0,1,2,3;r28=0,1,2;r29=0,1,2,3,4,5,6,7;r30=0,1,2,3,4,5,6,7;r31=0,1,2,3,4,5;r32=0,1,2,3,4,5;r33=0,1,2,3,4,5",596f0711
ablation_r21_p10.dl,ablation,"r0=0,1,2,3;r1=0,1,2,3;r2=0,1,2;r3=0,1,2;r4=0,1,2;r5=0,1,2;r6=0,1,2,3;r7=0,1,2;r8=0,1,2;r9=0,1,2;r10=0,1,2,3;r11=0,1,2,3;r12=0,1,2;r13=0,1,2,3,4;r14=0,1,2;r15=0,1,2,3,4;r16=0,1,2;r17=0,1,2;r18=0,1,2;r19=0,1,2;r20=0,1,2;r21=1,4,2,0,3;r22=0,1,2,3,4,5,6,7;r23=0,1,2,3,4,5,6,7;r24=0,1,2,3;r25=0,1,2;r26=0,1,2,3,4,5,6,7,8;r27=0,1,2,3;r28=0,1,2;r29=0,1,2,3,4,5,6,7;r30=0,1,2,3,4,5,6,7;r31=0,1,2,3,4,5;r32=0,1,2,3,4,5;r33=0,1,2,3,4,5",4ef3237e
ablation_r21_p11.dl,ablation,"r0=0,1,2,3;r1=0,1,2,3;r2=0,1,2;r3=0,1,2;r4=0,1,2;r5=0,1,2;r6=0,1,2,3;r7=0,1,2;r8=0,1,2;r9=0,1,2;r10=0,1,2,3;r11=0,1,2,3;r12=0,1,2;r13=0,1,2,3,4;r14=0,1,2;r15=0,1,2,3,4;r16=0,1,2;r17=0,1,2;r18=0,1,2;r19=0,1,2;r20=0,1,2;r21=1,2,3,4,0;r22=0,1,2,3,4,5,6,7;r23=0,1,2,3,4,5,6,7;r24=0,1,2,3;r25=0,1,2;r26=0,1,2,3,4,5,6,7,8;r27=0,1,2,3;r28=0,1,2;r29=0,1,2,3,4,5,6,7;r30=0,1,2,3,4,5,6,7;r31=0,1,2,3,4,5;r32=0,1,2,3,4,5;r33=0,1,2,3,4,5",5e560156
ablation_r21_p12.dl,ablation,"r0=0,1,2,3;r1=0,1,2,3;r2=0,1,2;r3=0,1,2;r4=0,1,2;r5=0,1,2;r6=0,1,2,3;r7=0,1,2;r8=0,1,2;r9=0,1,2;r10=0,1,2,3;r11=0,1,2,3;r12=0,1,2;r13=0,1,2,3,4;r14=0,1,2;r15=0,1,2,3,4;r16=0,1,2;r17=0,1,2;r18=0,1,2;r19=0,1,2;r20=0,1,2;r21=1,2,3,0,4;r22=0,1,2,3,4,5,6,7;r23=0,1,2,3,4,5,6,7;r24=0,1,2,3;r25=0,1,2;r26=0,1,2,3,4,5,6,7,8;r27=0,1,2,3;r28=0,1,2;r29=0,1,2,3,4,5,6,7;r30=0,1,2,3,4,5,6,7;r31=0,1,2,3,4,5;r32=0,1,2,3,4,5;r33=0,1,2,3,4,5",b94b9ebb
ablation_r22_p01.dl,ablation,"r0=0,1,2,3;r1=0,1,2,3;r2=0,1,2;r3=0,1,2;r4=0,1,2;r5=0,1,2;r6=0,1,2,3;r7=0,1,2;r8=0,1,2;r9=0,1,2;r10=0,1,2,3;r11=0,1,2,3;r12=0,1,2;r13=0,1,2,3,4;r14=0,1,2;r15=0,1,2,3,4;r16=0,1,2;r17=0,1,2;r18=0,1,2;r19=0,1,2;r20=0,1,2;r21=0,1,2,3,4;r22=1,3,0,4,7,6,5,2;r23=0,1,2,3,4,5,6,7;r24=0,1,2,3;r25=0,1,2;r26=0,1,2,3,4,5,6,7,8;r27=0,1,2,3;r28=0,1,2;r29=0,1,2,3,4,5,6,7;r30=0,1,2,3,4,5,6,7;r31=0,1,2,3,4,5;r32=0,1,2,3,4,5;r33=0,1,2,3,4,5",5922629c
ablation_r22_p02.dl,ablation,"r0=0,1,2,3;r1=0,1,2,3;r2=0,1,2;r3=0,1,2;r4=0,1,2;r5=0,1,2;r6=0,1,2,3;r7=0,1,2;r8=0,1,2;r9=0,1,2;r10=0,1,2,3;r11=0,1,2,3;r12=0,1,2;r13=0,1,2,3,4;r14=0,1,2;r15=0,1,2,3,4;r16=0,1,2;r17=0,1,2;r18=0,1,2;r19=0,1,2;r20=0,1,2;r21=0,1,2,3,4;r22=1,2,3,5,4,7,0,6;r23=0,1,2,3,4,5,6,7;r24=0,1,2,3;r25=0,1,2;r26=0,1,2,3,4,5,6,7,8;r27=0,1,2,3;r28=0,1,2;r29=0,1,2,3,4,5,6,7;r30=0,1,2,3,4,5,6,7;r31=0,1,2,3,4,5;r32=0,1,2,3,4,5;r33=0,1,2,3,4,5",8bd9d7e4
ablation_r22_p03.dl,ablation,"r0=0,1,2,3;r1=0,1,2,3;r2=0,1,2;r3=0,1,2;r4=0,1,2;r5=0,1,2;r6=0,1,2,3;r7=0,1,2;r8=0,1,2;r9=0,1,2;r10=0,1,2,3;r11=0,1,2,3;r12=0,1,2;r13=0,1,2,3,4;r14=0,1,2;r15=0,1,2,3,4;r16=0,1,2;r17=0,1,2;r18=0,1,2;r19=0,1,2;r20=0,1,2;r21=0,1,2,3,4;r22=1,2,5,3,6,7,4,0;r23=0,1,2,3,4,5,6,7;r24=0,1,2,3;r25=0,1,2;r26=0,1,2,3,4,5,6,7,8;r27=0,1,2,3;r28=0,1,2;r29=0,1,2,3,4,5,6,7;r30=0,1,2,3,4,5,6,7;r31=0,1,2,3,4,5;r32=0,1,2,3,4,5;r33=0,1,2,3,4,5",54249fcb
ablation_r22_p04.dl,ablation,"r0=0,1,2,3;r1=0,1,2,3;r2=0,1,2;r3=0,1,2;r4=0,1,2;r5=0,1,2;r6=0,1,2,3;r7=0,1,2;r8=0,1,2;r9=0,1,2;r10=0,1,2,3;r11=0,1,2,3;r12=0,1,2;r13=0,1,2,3,4;r14=0,1,2;r15=0,1,2,3,4;r16=0,1,2;r17=0,1,2;r18=0,1,2;r19=0,1,2;r20=0,1,2;r21=0,1,2,3,4;r22=4,7,6,5,3,1,0,2;r23=0,1,2,3,4,5,6,7;r24=0,1,2,3;r25=0,1,2;r26=0,1,2,3,4,5,6,7,8;r27=0,1,2,3;r28=0,1,2;r29=0,1,2,3,4,5,6,7;r30=0,1,2,3,4,5,6,7;r31=0,1,2,3,4,5;r32=0,1,2,3,4,5;r33=0,1,2,3,4,5",1eeb532a
ablation_r22_p05.dl,ablation,"r0=0,1,2,3;r1=0,1,2,3;r2=0,1,2;r3=0,1,2;r4=0,1,2;r5=0,1,2;r6=0,1,2,3;r7=0,1,2;r8=0,1,2;r9=0,1,2;r10=0,1,2,3;r11=0,1,2,3;r12=0,1,2;r13=0,1,2,3,4;r14=0,1,2;r15=0,1,2,3,4;r16=0,1,2;r17=0,1,2;r18=0,1,2;r19=0,1,2;r20=0,1,2;r21=0,1,2,3,4;r22=1,3,2,5,4,0,7,6;r23=0,1,2,3,4,5,6,7;r24=0,1,2,3;r25=0,1,2;r26=0,1,2,3,4,5,6,7,8;r27=0,1,2,3;r28=0,1,2;r29=0,1,2,3,4,5,6,7;r30=0,1,2,3,4,5,6,7;r31=0,1,2,3,4,5;r32=0,1,2,3,4,5;r33=0,1,2,3,4,5",23490a10
ablation_r22_p06.dl,ablation,"r0=0,1,2,3;r1=0,1,2,3;r2=0,1,2;r3=0,1,2;r4=0,1,2;r5=0,1,2;r6=0,1,2,3;r7=0,1,2;r8=0,1,2;r9=0,1,2;r10=0,1,2,3;r11=0,1,2,3;r12=0,1,2;r13=0,1,2,3,4;r14=0,1,2;r15=0,1,2,3,4;r16=0,1,2;r17=0,1,2;r18=0,1,2;r19=0,1,2;r20=0,1,2;r21=0,1,2,3,4;r22=1,2,3,0,5,4,7,6;r23=0,1,2,3,4,5,6,7;r24=0,1,2,3;r25=0,1,2;r26=0,1,2,3,4,5,6,7,8;r27=0,1,2,3;r28=0,1,2;r29=0,1,2,3,4,5,6,7;r30=0,1,2,3,4,5,6,7;r31=0,1,2,3,4,5;r32=0,1,2,3,4,5;r33=0,1,2,3,4,5",72bfdf9a
ablation_r22_p07.dl,ablation,"r0=0,1,2,3;r1=0,1,2,3;r2=0,1,2;r3=0,1,2;r4=0,1,2;r5=0,1,2;r6=0,1,2,3;r7=0,1,2;r8=0,1,2;r9=0,1,2;r10=0,1,2,3;r11=0,1,2,3;r12=0,1,2;r13=0,1,2,3,4;r14=0,1,2;r15=0,1,2,3,4;r16=0,1,2;r17=0,1,2;r18=0,1,2;r19=0,1,2;r20=0,1,2;r21=0,1,2,3,4;r22=1,2,3,0,4,5,6,7;r23=0,1,2,3,4,5,6,7;r24=0,1,2,3;r25=0,1,2;r26=0,1,2,3,4,5,6,7,8;r27=0,1,2,3;r28=0,1,2;r29=0,1,2,3,4,5,6,7;r30=0,1,2,3,4,5,6,7;r31=0,1,2,3,4,5;r32=0,1,2,3,4,5;r33=0,1,2,3,4,5",3ae0e41b
ablation_r22_p08.dl,ablation,"r0=0,1,2,3;r1=0,1,2,3;r2=0,1,2;r3=0,1,2;r4=0,1,2;r5=0,1,2;r6=0,1,2,3;r7=0,1,2;r8=0,1,2;r9=0,1,2;r10=0,1,2,3;r11=0,1,2,3;r12=0,1,2;r13=0,1,2,3,4;r14=0,1,2;r15=0,1,2,3,4;r16=0,1,2;r17=0,1,2;r18=0,1,2;r19=0,1,2;r20=0,1,2;r21=0,1,2,3,4;r22=1,3,4,2,0,7,6,5;r23=0,1,2,3,4,5,6,7;r24=0,1,2,3;r25=0,1,2;r26=0,1,2,3,4,5,6,7,8;r27=0,1,2,3;r28=0,1,2;r29=0,1,2,3,4,5,6,7;r30=0,1,2,3,4,5,6,7;r31=0,1,2,3,4,5;r32=0,1,2,3,4,5;r33=0,1,2,3,4,5",d0ec4340
ablation_r22_p09.dl,ablation,"r0=0,1,2,3;r1=0,1,2,3;r2=0,1,2;r3=0,1,2;r4=0,1,2;r5=0,1,2;r6=0,1,2,3;r7=0,1,2;r8=0,1,2;r9=0,1,2;r10=0,1,2,3;r11=0,1,2,3;r12=0,1,2;r13=0,1,2,3,4;r14=0,1,2;r15=0,1,2,3,4;r16=0,1,2;r17=0,1,2;r18=0,1,2;r19=0,1,2;r20=0,1,2;r21=0,1,2,3,4;r22=1,2,3,0,4,7,5,6;r23=0,1,2,3,4,5,6,7;r24=0,1,2,3;r25=0,1,2;r26=0,1,2,3,4,5,6,7,8;r27=0,1,2,3;r28=0,1,2;r29=0,1,2,3,4,5,6,7;r30=0,1,2,3,4,5,6,7;r31=0,1,2,3,4,5;r32=0,1,2,3,4,5;r33=0,1,2,3,4,5",eacb1d2a
ablation_r22_p10.dl,ablation,"r0=0,1,2,3;r1=0,1,2,3;r2=0,1,2;r3=0,1,2;r4=0,1,2;r5=0,1,2;r6=0,1,2,3;r7=0,1,2;r8=0,1,2;r9=0,1,2;r10=0,1,2,3;r11=0,1,2,3;r12=0,1,2;r13=0,1,2,3,4;r14=0,1,2;r15=0,1,2,3,4;r16=0,1,2;r17=0,1,2;r18=0,1,2;r19=0,1,2;r20=0,1,2;r21=0,1,2,3,4;r22=1,3,4,0,2,5,6,7;r23=0,1,2,3,4,5,6,7;r24=0,1,2,3;r25=0,1,2;r26=0,1,2,3,4,5,6,7,8;r27=0,1,2,3;r28=0,1,2;r29=0,1,2,3,4,5,6,7;r30=0,1,2,3,4,5,6,7;r31=0,1,2,3,4,5;r32=0,1,2,3,4,5;r33=0,1,2,3,4,5",ebcc8bc9
ablation_r22_p11.dl,ablation,"r0=0,1,2,3;r1=0,1,2,3;r2=0,1,2;r3=0,1,2;r4=0,1,2;r5=0,1,2;r6=0,1,2,3;r7=0,1,2;r8=0,1,2;r9=0,1,2;r10=0,1,2,3;r11=0,1,2,3;r12=0,1,2;r13=0,1,2,3,4;r14=0,1,2;r15=0,1,2,3,4;r16=0,1,2;r17=0,1,2;r18=0,1,2;r19=0,1,2;r20=0,1,2;r21=0,1,2,3,4;r22=6,7,4,3,1,0,2,5;r23=0,1,2,3,4,5,6,7;r24=0,1,2,3;r25=0,1,2;r26=0,1,2,3,4,5,6,7,8;r27=0,1,2,3;r28=0,1,2;r29=0,1,2,3,4,5,6,7;r30=0,1,2,3,4,5,6,7;r31=0,1,2,3,4,5;r32=0,1,2,3,4,5;r33=0,1,2,3,4,5",efa270d5
ablation_r22_p12.dl,ablation,"r0=0,1,2,3;r1=0,1,2,3;r2=0,1,2;r3=0,1,2;r4=0,1,2;r5=0,1,2;r6=0,1,2,3;r7=0,1,2;r8=0,1,2;r9=0,1,2;r10=0,1,2,3;r11=0,1,2,3;r12=0,1,2;r13=0,1,2,3,4;r14=0,1,2;r15=0,1,2,3,4;r16=0,1,2;r17=0,1,2;r18=0,1,2;r19=0,1,2;r20=0,1,2;r21=0,1,2,3,4;r22=1,3,2,5,4,7,6,0;r23=0,1,2,3,4,5,6,7;r24=0,1,2,3;r25=0,1,2;r26=0,1,2,3,4,5,6,7,8;r27=0,1,2,3;r28=0,1,2;r29=0,1,2,3,4,5,6,7;r30=0,1,2,3,4,5,6,7;r31=0,1,2,3,4,5;r32=0,1,2,3,4,5;r33=0,1,2,3,4,5",82ee5c0f
ablation_r23_p01.dl,ablation,"r0=0,1,2,3;r1=0,1,2,3;r2=0,1,2;r3=0,1,2;r4=0,1,2;r5=0,1,2;r6=0,1,2,3;r7=0,1,2;r8=0,1,2;r9=0,1,2;r10=0,1,2,3;r11=0,1,2,3;r12=0,1,2;r13=0,1,2,3,4;r14=0,1,2;r15=0,1,2,3,4;r16=0,1,2;r17=0,1,2;r18=0,1,2;r19=0,1,2;r20=0,1,2;r21=0,1,2,3,4;r22=0,1,2,3,4,5,6,7;r23=2,5,3,1,6,4,0,7;r24=0,1,2,3;r25=0,1,2;r26=0,1,2,3,4,5,6,7,8;r27=0,1,2,3;r28=0,1,2;r29=0,1,2,3,4,5,6,7;r30=0,1,2,3,4,5,6,7;r31=0,1,2,3,4,5;r32=0,1,2,3,4,5;r33=0,1,2,3,4,5",0a86c60f
ablation_r23_p02.dl,ablation,"r0=0,1,2,3;r1=0,1,2,3;r2=0,1,2;r3=0,1,2;r4=0,1,2;r5=0,1,2;r6=0,1,2,3;r7=0,1,2;r8=0,1,2;r9=0,1,2;r10=0,1,2,3;r11=0,1,2,3;r12=0,1,2;r13=0,1,2,3,4;r14=0,1,2;r15=0,1,2,3,4;r16=0,1,2;r17=0,1,2;r18=0,1,2;r19=0,1,2;r20=0,1,2;r21=0,1,2,3,4;r22=0,1,2,3,4,5,6,7;r23=1,2,5,4,6,0,7,3;r24=0,1,2,3;r25=0,1,2;r26=0,1,2,3,4,5,6,7,8;r27=0,1,2,3;r28=0,1,2;r29=0,1,2,3,4,5,6,7;r30=0,1,2,3,4,5,6,7;r31=0,1,2,3,4,5;r32=0,1,2,3,4,5;r33=0,1,2,3,4,5",6c69bb94
ablation_r23_p03.dl,ablation,"r0=0,1,2,3;r1=0,1,2,3;r2=0,1,2;r3=0,1,2;r4=0,1,2;r5=0,1,2;r6=0,1,2,3;r7=0,1,2;r8=0,1,2;r9=0,1,2;r10=0,1,2,3;r11=0,1,2,3;r12=0,1,2;r13=0,1,2,3,4;r14=0,1,2;r15=0,1,2,3,4;r16=0,1,2;r17=0,1,2;r18=0,1,2;r19=0,1,2;r20=0,1,2;r21=0,1,2,3,4;r22=0,1,2,3,4,5,6,7;r23=5,6,2,3,7,4,1,0;r24=0,1,2,3;r25=0,1,2;r26=0,1,2,3,4,5,6,7,8;r27=0,1,2,3;r28=0,1,2;r29=0,1,2,3,4,5,6,7;r30=0,1,2,3,4,5,6,7;r31=0,1,2,3,4,5;r32=0,1,2,3,4,5;r33=0,1,2,3,4,5",e5c958cd
ablation_r23_p04.dl,ablation,"r0=0,1,2,3;r1=0,1,2,3;r2=0,1,2;r3=0,1,2;r4=0,1,2;r5=0,1,2;r6=0,1,2,3;r7=0,1,2;r8=0,1,2;r9=0,1,2;r10=0,1,2,3;r11=0,1,2,3;r12=0,1,2;r13=0,1,2,3,4;r14=0,1,2;r15=0,1,2,3,4;r16=0,1,2;r17=0,1,2;r18=0,1,2;r19=0,1,2;r20=0,1,2;r21=0,1,2,3,4;r22=0,1,2,3,4,5,6,7;r23=0,1,4,2,5,3,7,6;r24=0,1,2,3;r25=0,1,2;r26=0,1,2,3,4,5,6,7,8;r27=0,1,2,3;r28=0,1,2;r29=0,1,2,3,4,5,6,7;r30=0,1,2,3,4,5,6,7;r31=0,1,2,3,4,5;r32=0,1,2,3,4,5;r33=0,1,2,3,4,5",694376f1
ablation_r23_p05.dl,ablation,"r0=0,1,2,3;r1=0,1,2,3;r2=0,1,2;r3=0,1,2;r4=0,1,2;r5=0,1,2;r6=0,1,2,3;r7=0,1,2;r8=0,1,2;r9=0,1,2;r10=0,1,2,3;r11=0,1,2,3;r12=0,1,2;r13=0,1,2,3,4;r14=0,1,2;r15=0,1,2,3,4;r16=0,1,2;r17=0,1,2;r18=0,1,2;r19=0,1,2;r20=0,1,2;r21=0,1,2,3,4;r22=0,1,2,3,4,5,6,7;r23=4,7,1,2,6,3,5,0;r24=0,1,2,3;r25=0,1,2;r26=0,1,2,3,4,5,6,7,8;r27=0,1,2,3;r28=0,1,2;r29=0,1,2,3,4,5,6,7;r30=0,1,2,3,4,5,6,7;r31=0,1,2,3,4,5;r32=0,1,2,3,4,5;r33=0,1,2,3,4,5",82fa9551
ablation_r23_p06.dl,ablation,"r0=0,1,2,3;r1=0,1,2,3;r2=0,1,2;r3=0,1,2;r4=0,1,2;r5=0,1,2;r6=0,1,2,3;r7=0,1,2;r8=0,1,2;r9=0,1,2;r10=0,1,2,3;r11=0,1,2,3;r12=0,1,2;r13=0,1,2,3,4;r14=0,1,2;r15=0,1,2,3,4;r16=0,1,2;r17=0,1,2;r18=0,1,2;r19=0,1,2;r20=0,1,2;r21=0,1,2,3,4;r22=0,1,2,3,4,5,6,7;r23=2,3,1,4,0,5,7,6;r24=0,1,2,3;r25=0,1,2;r26=0,1,2,3,4,5,6,7,8;r27=0,1,2,3;r28=0,1,2;r29=0,1,2,3,4,5,6,7;r30=0,1,2,3,4,5,6,7;r31=0,1,2,3,4,5;r32=0,1,2,3,4,5;r33=0,1,2,3,4,5",5c7a874e
ablation_r23_p07.dl,ablation,"r0=0,1,2,3;r1=0,1,2,3;r2=0,1,2;r3=0,1,2;r4=0,1,2;r5=0,1,2;r6=0,1,2,3;r7=0,1,2;r8=0,1,2;r9=0,1,2;r10=0,1,2,3;r11=0,1,2,3;r12=0,1,2;r13=0,1,2,3,4;r14=0,1,2;r15=0,1,2,3,4;r16=0,1,2;r17=0,1,2;r18=0,1,2;r19=0,1,2;r20=0,1,2;r21=0,1,2,3,4;r22=0,1,2,3,4,5,6,7;r23=2,5,1,3,4,6,7,0;r24=0,1,2,3;r25=0,1,2;r26=0,1,2,3,4,5,6,7,8;r27=0,1,2,3;r28=0,1,2;r29=0,1,2,3,4,5,6,7;r30=0,1,2,3,4,5,6,7;r31=0,1,2,3,4,5;r32=0,1,2,3,4,5;r33=0,1,2,3,4,5",fd3a64d6
ablation_r23_p08.dl,ablation,"r0=0,1,2,3;r1=0,1,2,3;r2=0,1,2;r3=0,1,2;r4=0,1,2;r5=0,1,2;r6=0,1,2,3;r7=0,1,2;r8=0,1,2;r9=0,1,2;r10=0,1,2,3;r11=0,1,2,3;r12=0,1,2;r13=0,1,2,3,4;r14=0,1,2;r15=0,1,2,3,4;r16=0,1,2;r17=0,1,2;r18=0,1,2;r19=0,1,2;r20=0,1,2;r21=0,1,2,3,4;r22=0,1,2,3,4,5,6,7;r23=1,2,3,4,7,6,0,5;r24=0,1,2,3;r25=0,1,2;r26=0,1,2,3,4,5,6,7,8;r27=0,1,2,3;r28=0,1,2;r29=0,1,2,3,4,5,6,7;r30=0,1,2,3,4,5,6,7;r31=0,1,2,3,4,5;r32=0,1,2,3,4,5;r33=0,1,2,3,4,5",4114b35e
ablation_r23_p09.dl,ablation,"r0=0,1,2,3;r1=0,1,2,3;r2=0,1,2;r3=0,1,2;r4=0,1,2;r5=0,1,2;r6=0,1,2,3;r7=0,1,2;r8=0,1,2;r9=0,1,2;r10=0,1,2,3;r11=0,1,2,3;r12=0,1,2;r13=0,1,2,3,4;r14=0,1,2;r15=0,1,2,3,4;r16=0,1,2;r17=0,1,2;r18=0,1,2;r19=0,1,2;r20=0,1,2;r21=0,1,2,3,4;r22=0,1,2,3,4,5,6,7;r23=1,4,2,7,0,3,5,6;r24=0,1,2,3;r25=0,1,2;r26=0,1,2,3,4,5,6,7,8;r27=0,1,2,3;r28=0,1,2;r29=0,1,2,3,4,5,6,7;r30=0,1,2,3,4,5,6,7;r31=0,1,2,3,4,5;r32=0,1,2,3,4,5;r33=0,1,2,3,4,5",d7afb99a
ablation_r23_p10.dl,ablation,"r0=0,1,2,3;r1=0,1,2,3;r2=0,1,2;r3=0,1,2;r4=0,1,2;r5=0,1,2;r6=0,1,2,3;r7=0,1,2;r8=0,1,2;r9=0,1,2;r10=0,1,2,3;r11=0,1,2,3;r12=0,1,2;r13=0,1,2,3,4;r14=0,1,2;r15=0,1,2,3,4;r16=0,1,2;r17=0,1,2;r18=0,1,2;r19=0,1,2;r20=0,1,2;r21=0,1,2,3,4;r22=0,1,2,3,4,5,6,7;r23=1,2,0,4,5,6,7,3;r24=0,1,2,3;r25=0,1,2;r26=0,1,2,3,4,5,6,7,8;r27=0,1,2,3;r28=0,1,2;r29=0,1,2,3,4,5,6,7;r30=0,1,2,3,4,5,6,7;r31=0,1,2,3,4,5;r32=0,1,2,3,4,5;r33=0,1,2,3,4,5",15ae6fb3
ablation_r23_p11.dl,ablation,"r0=0,1,2,3;r1=0,1,2,3;r2=0,1,2;r3=0,1,2;r4=0,1,2;r5=0,1,2;r6=0,1,2,3;r7=0,1,2;r8=0,1,2;r9=0,1,2;r10=0,1,2,3;r11=0,1,2,3;r12=0,1,2;r13=0,1,2,3,4;r14=0,1,2;r15=0,1,2,3,4;r16=0,1,2;r17=0,1,2;r18=0,1,2;r19=0,1,2;r20=0,1,2;r21=0,1,2,3,4;r22=0,1,2,3,4,5,6,7;r23=2,5,1,4,3,0,7,6;r24=0,1,2,3;r25=0,1,2;r26=0,1,2,3,4,5,6,7,8;r27=0,1,2,3;r28=0,1,2;r29=0,1,2,3,4,5,6,7;r30=0,1,2,3,4,5,6,7;r31=0,1,2,3,4,5;r32=0,1,2,3,4,5;r33=0,1,2,3,4,5",555e5bdb
ablation_r23_p12.dl,ablation,"r0=0,1,2,3;r1=0,1,2,3;r2=0,1,2;r3=0,1,2;r4=0,1,2;r5=0,1,2;r6=0,1,2,3;r7=0,1,2;r8=0,1,2;r9=0,1,2;r10=0,1,2,3;r11=0,1,2,3;r12=0,1,2;r13=0,1,2,3,4;r14=0,1,2;r15=0,1,2,3,4;r16=0,1,2;r17=0,1,2;r18=0,1,2;r19=0,1,2;r20=0,1,2;r21=0,1,2,3,4;r22=0,1,2,3,4,5,6,7;r23=1,2,5,6,7,0,4,3;r24=0,1,2,3;r25=0,1,2;r26=0,1,2,3,4,5,6,7,8;r27=0,1,2,3;r28=0,1,2;r29=0,1,2,3,4,5,6,7;r30=0,1,2,3,4,5,6,7;r31=0,1,2,3,4,5;r32=0,1,2,3,4,5;r33=0,1,2,3,4,5",15d7cab9
ablation_r24_p01.dl,ablation,"r0=0,1,2,3;r1=0,1,2,3;r2=0,1,2;r3=0,1,2;r4=0,1,2;r5=0,1,2;r6=0,1,2,3;r7=0,1,2;r8=0,1,2;r9=0,1,2;r10=0,1,2,3;r11=0,1,2,3;r12=0,1,2;r13=0,1,2,3,4;r14=0,1,2;r15=0,1,2,3,4;r16=0,1,2;r17=0,1,2;r18=0,1,2;r19=0,1,2;r20=0,1,2;r21=0,1,2,3,4;r22=0,1,2,3,4,5,6,7;r23=0,1,2,3,4,5,6,7;r24=0,1,3,2;r25=0,1,2;r26=0,1,2,3,4,5,6,7,8;r27=0,1,2,3;r28=0,1,2;r29=0,1,2,3,4,5,6,7;r30=0,1,2,3,4,5,6,7;r31=0,1,2,3,4,5;r32=0,1,2,3,4,5;r33=0,1,2,3,4,5",c000ac9f
ablation_r24_p02.dl,ablation,"r0=0,1,2,3;r1=0,1,2,3;r2=0,1,2;r3=0,1,2;r4=0,1,2;r5=0,1,2;r6=0,1,2,3;r7=0,1,2;r8=0,1,2;r9=0,1,2;r10=0,1,2,3;r11=0,1,2,3;r12=0,1,2;r13=0,1,2,3,4;r14=0,1,2;r15=0,1,2,3,4;r16=0,1,2;r17=0,1,2;r18=0,1,2;r19=0,1,2;r20=0,1,2;r21=0,1,2,3,4;r22=0,1,2,3,4,5,6,7;r23=0,1,2,3,4,5,6,7;r24=1,2,0,3;r25=0,1,2;r26=0,1,2,3,4,5,6,7,8;r27=0,1,2,3;r28=0,1,2;r29=0,1,2,3,4,5,6,7;r30=0,1,2,3,4,5,6,7;r31=0,1,2,3,4,5;r32=0,1,2,3,4,5;r33=0,1,2,3,4,5",39b8ff24
ablation_r24_p03.dl,ablation,"r0=0,1,2,3;r1=0,1,2,3;r2=0,1,2;r3=0,1,2;r4=0,1,2;r5=0,1,2;r6=0,1,2,3;r7=0,1,2;r8=0,1,2;r9=0,1,2;r10=0,1,2,3;r11=0,1,2,3;r12=0,1,2;r13=0,1,2,3,4;r14=0,1,2;r15=0,1,2,3,4;r16=0,1,2;r17=0,1,2;r18=0,1,2;r19=0,1,2;r20=0,1,2;r21=0,1,2,3,4;r22=0,1,2,3,4,5,6,7;r23=0,1,2,3,4,5,6,7;r24=1,2,3,0;r25=0,1,2;r26=0,1,2,3,4,5,6,7,8;r27=0,1,2,3;r28=0,1,2;r29=0,1,2,3,4,5,6,7;r30=0,1,2,3,4,5,6,7;r31=0,1,2,3,4,5;r32=0,1,2,3,4,5;r33=0,1,2,3,4,5",7fb78834
ablation_r24_p04.dl,ablation,"r0=0,1,2,3;r1=0,1,2,3;r2=0,1,2;r3=0,1,2;r4=0,1,2;r5=0,1,2;r6=0,1,2,3;r7=0,1,2;r8=0,1,2;r9=0,1,2;r10=0,1,2,3;r11=0,1,2,3;r12=0,1,2;r13=0,1,2,3,4;r14=0,1,2;r15=0,1,2,3,4;r16=0,1,2;r17=0,1,2;r18=0,1,2;r19=0,1,2;r20=0,1,2;r21=0,1,2,3,4;r22=0,1,2,3,4,5,6,7;r23=0,1,2,3,4,5,6,7;r24=1,3,0,2;r25=0,1,2;r26=0,1,2,3,4,5,6,7,8;r27=0,1,2,3;r28=0,1,2;r29=0,1,2,3,4,5,6,7;r30=0,1,2,3,4,5,6,7;r31=0,1,2,3,4,5;r32=0,1,2,3,4,5;r33=0,1,2,3,4,5",eabd9b83
ablation_r24_p05.dl,ablation,"r0=0,1,2,3;r1=0,1,2,3;r2=0,1,2;r3=0,1,2;r4=0,1,2;r5=0,1,2;r6=0,1,2,3;r7=0,1,2;r8=0,1,2;r9=0,1,2;r10=0,1,2,3;r11=0,1,2,3;r12=0,1,2;r13=0,1,2,3,4;r14=0,1,2;r15=0,1,2,3,4;r16=0,1,2;r17=0,1,2;r18=0,1,2;r19=0,1,2;r20=0,1,2;r21=0,1,2,3,4;r22=0,1,2,3,4,5,6,7;r23=0,1,2,3,4,5,6,7;r24=1,3,2,0;r25=0,1,2;r26=0,1,2,3,4,5,6,7,8;r27=0,1,2,3;r28=0,1,2;r29=0,1,2,3,4,5,6,7;r30=0,1,2,3,4,5,6,7;r31=0,1,2,3,4,5;r32=0,1,2,3,4,5;r33=0,1,2,3,4,5",fcb1626f
ablation_r24_p06.dl,ablation,"r0=0,1,2,3;r1=0,1,2,3;r2=0,1,2;r3=0,1,2;r4=0,1,2;r5=0,1,2;r6=0,1,2,3;r7=0,1,2;r8=0,1,2;r9=0,1,2;r10=0,1,2,3;r11=0,1,2,3;r12=0,1,2;r13=0,1,2,3,4;r14=0,1,2;r15=0,1,2,3,4;r16=0,1,2;r17=0,1,2;r18=0,1,2;r19=0,1,2;r20=0,1,2;r21=0,1,2,3,4;r22=0,1,2,3,4,5,6,7;r23=0,1,2,3,4,5,6,7;r24=2,3,1,0;r25=0,1,2;r26=0,1,2,3,4,5,6,7,8;r27=0,1,2,3;r28=0,1,2;r29=0,1,2,3,4,5,6,7;r30=0,1,2,3,4,5,6,7;r31=0,1,2,3,4,5;r32=0,1,2,3,4,5;r33=0,1,2,3,4,5",84e93e01
ablation_r25_p01.dl,ablation,"r0=0,1,2,3;r1=0,1,2,3;r2=0,1,2;r3=0,1,2;r4=0,1,2;r5=0,1,2;r6=0,1,2,3;r7=0,1,2;r8=0,1,2;r9=0,1,2;r10=0,1,2,3;r11=0,1,2,3;r12=0,1,2;r13=0,1,2,3,4;r14=0,1,2;r15=0,1,2,3,4;r16=0,1,2;r17=0,1,2;r18=0,1,2;r19=0,1,2;r20=0,1,2;r21=0,1,2,3,4;r22=0,1,2,3,4,5,6,7;r23=0,1,2,3,4,5,6,7;r24=0,1,2,3;r25=1,2,0;r26=0,1,2,3,4,5,6,7,8;r27=0,1,2,3;r28=0,1,2;r29=0,1,2,3,4,5,6,7;r30=0,1,2,3,4,5,6,7;r31=0,1,2,3,4,5;r32=0,1,2,3,4,5;r33=0,1,2,3,4,5",268783e4
ablation_r26_p01.dl,ablation,"r0=0,1,2,3;r1=0,1,2,3;r2=0,1,2;r3=0,1,2;r4=0,1,2;r5=0,1,2;r6=0,1,2,3;r7=0,1,2;r8=0,1,2;r9=0,1,2;r10=0,1,2,3;r11=0,1,2,3;r12=0,1,2;r13=0,1,2,3,4;r14=0,1,2;r15=0,1,2,3,4;r16=0,1,2;r17=0,1,2;r18=0,1,2;r19=0,1,2;r20=0,1,2;r21=0,1,2,3,4;r22=0,1,2,3,4,5,6,7;r23=0,1,2,3,4,5,6,7;r24=0,1,2,3;r25=0,1,2;r26=6,7,2,1,5,0,3,8,4;r27=0,1,2,3;r28=0,1,2;r29=0,1,2,3,4,5,6,7;r30=0,1,2,3,4,5,6,7;r31=0,1,2,3,4,5;r32=0,1,2,3,4,5;r33=0,1,2,3,4,5",f97a1179
ablation_r26_p02.dl,ablation,"r0=0,1,2,3;r1=0,1,2,3;r2=0,1,2;r3=0,1,2;r4=0,1,2;r5=0,1,2;r6=0,1,2,3;r7=0,1,2;r8=0,1,2;r9=0,1,2;r10=0,1,2,3;r11=0,1,2,3;r12=0,1,2;r13=0,1,2,3,4;r14=0,1,2;r15=0,1,2,3,4;r16=0,1,2;r17=0,1,2;r18=0,1,2;r19=0,1,2;r20=0,1,2;r21=0,1,2,3,4;r22=0,1,2,3,4,5,6,7;r23=0,1,2,3,4,5,6,7;r24=0,1,2,3;r25=0,1,2;r26=6,7,1,5,8,0,4,3,2;r27=0,1,2,3;r28=0,1,2;r29=0,1,2,3,4,5,6,7;r30=0,1,2,3,4,5,6,7;r31=0,1,2,3,4,5;r32=0,1,2,3,4,5;r33=0,1,2,3,4,5",196bfef1
ablation_r26_p03.dl,ablation,"r0=0,1,2,3;r1=0,1,2,3;r2=0,1,2;r3=0,1,2;r4=0,1,2;r5=0,1,2;r6=0,1,2,3;r7=0,1,2;r8=0,1,2;r9=0,1,2;r10=0,1,2,3;r11=0,1,2,3;r12=0,1,2;r13=0,1,2,3,4;r14=0,1,2;r15=0,1,2,3,4;r16=0,1,2;r17=0,1,2;r18=0,1,2;r19=0,1,2;r20=0,1,2;r21=0,1,2,3,4;r22=0,1,2,3,4,5,6,7;r23=0,1,2,3,4,5,6,7;r24=0,1,2,3;r25=0,1,2;r26=2,6,7,4,8,1,5,0,3;r27=0,1,2,3;r28=0,1,2;r29=0,1,2,3,4,5,6,7;r30=0,1,2,3,4,5,6,7;r31=0,1,2,3,4,5;r32=0,1,2,3,4,5;r33=0,1,2,3,4,5",8f46e751
ablation_r26_p04.dl,ablation,"r0=0,1,2,3;r1=0,1,2,3;r2=0,1,2;r3=0,1,2;r4=0,1,2;r5=0,1,2;r6=0,1,2,3;r7=0,1,2;r8=0,1,2;r9=0,1,2;r10=0,1,2,3;r11=0,1,2,3;r12=0,1,2;r13=0,1,2,3,4;r14=0,1,2;r15=0,1,2,3,4;r16=0,1,2;r17=0,1,2;r18=0,1,2;r19=0,1,2;r20=0,1,2;r21=0,1,2,3,4;r22=0,1,2,3,4,5,6,7;r23=0,1,2,3,4,5,6,7;r24=0,1,2,3;r25=0,1,2;r26=5,7,6,4,8,1,3,2,0;r27=0,1,2,3;r28=0,1,2;r29=0,1,2,3,4,5,6,7;r30=0,1,2,3,4,5,6,7;r31=0,1,2,3,4,5;r32=0,1,2,3,4,5;r33=0,1,2,3,4,5",ebf8f743
ablation_r26_p05.dl,ablation,"r0=0,1,2,3;r1=0,1,2,3;r2=0,1,2;r3=0,1,2;r4=0,1,2;r5=0,1,2;r6=0,1,2,3;r7=0,1,2;r8=0,1,2;r9=0,1,2;r10=0,1,2,3;r11=0,1,2,3;r12=0,1,2;r13=0,1,2,3,4;r14=0,1,2;r15=0,1,2,3,4;r16=0,1,2;r17=0,1,2;r18=0,1,2;r19=0,1,2;r20=0,1,2;r21=0,1,2,3,4;r22=0,1,2,3,4,5,6,7;r23=0,1,2,3,4,5,6,7;r24=0,1,2,3;r25=0,1,2;r26=1,6,7,4,0,8,5,3,2;r27=0,1,2,3;r28=0,1,2;r29=0,1,2,3,4,5,6,7;r30=0,1,2,3,4,5,6,7;r31=0,1,2,3,4,5;r32=0,1,2,3,4,5;r33=0,1,2,3,4,5",93108967
ablation_r26_p06.dl,ablation,"r0=0,1,2,3;r1=0,1,2,3;r2=0,1,2;r3=0,1,2;r4=0,1,2;r5=0,1,2;r6=0,1,2,3;r7=0,1,2;r8=0,1,2;r9=0,1,2;r10=0,1,2,3;r11=0,1,2,3;r12=0,1,2;r13=0,1,2,3,4;r14=0,1,2;r15=0,1,2,3,4;r16=0,1,2;r17=0,1,2;r18=0,1,2;r19=0,1,2;r20=0,1,2;r21=0,1,2,3,4;r22=0,1,2,3,4,5,6,7;r23=0,1,2,3,4,5,6,7;r24=0,1,2,3;r25=0,1,2;r26=7,8,4,6,1,5,2,3,0;r27=0,1,2,3;r28=0,1,2;r29=0,1,2,3,4,5,6,7;r30=0,1,2,3,4,5,6,7;r31=0,1,2,3,4,5;r32=0,1,2,3,4,5;r33=0,1,2,3,4,5",9caf88be
ablation_r26_p07.dl,ablation,"r0=0,1,2,3;r1=0,1,2,3;r2=0,1,2;r3=0,1,2;r4=0,1,2;r5=0,1,2;r6=0,1,2,3;r7=0,1,2;r8=0,1,2;r9=0,1,2;r10=0,1,2,3;r11=0,1,2,3;r12=0,1,2;r13=0,1,2,3,4;r14=0,1,2;r15=0,1,2,3,4;r16=0,1,2;r17=0,1,2;r18=0,1,2;r19=0,1,2;r20=0,1,2;r21=0,1,2,3,4;r22=0,1,2,3,4,5,6,7;r23=0,1,2,3,4,5,6,7;r24=0,1,2,3;r25=0,1,2;r26=1,2,6,3,7,8,4,5,0;r27=0,1,2,3;r28=0,1,2;r29=0,1,2,3,4,5,6,7;r30=0,1,2,3,4,5,6,7;r31=0,1,2,3,4,5;r32=0,1,2,3,4,5;r33=0,1,2,3,4,5",b97af096
ablation_r26_p08.dl,ablation,"r0=0,1,2,3;r1=0,1,2,3;r2=0,1,2;r3=0,1,2;r4=0,1,2;r5=0,1,2;r6=0,1,2,3;r7=0,1,2;r8=0,1,2;r9=0,1,2;r10=0,1,2,3;r11=0,1,2,3;r12=0,1,2;r13=0,1,2,3,4;r14=0,1,2;r15=0,1,2,3,4;r16=0,1,2;r17=0,1,2;r18=0,1,2;r19=0,1,2;r20=0,1,2;r21=0,1,2,3,4;r22=0,1,2,3,4,5,6,7;r23=0,1,2,3,4,5,6,7;r24=0,1,2,3;r25=0,1,2;r26=1,2,3,6,7,4,0,8,5;r27=0,1,2,3;r28=0,1,2;r29=0,1,2,3,4,5,6,7;r30=0,1,2,3,4,5,6,7;r31=0,1,2,3,4,5;r32=0,1,2,3,4,5;r33=0,1,2,3,4,5",5584756b
ablation_r26_p09.dl,ablation,"r0=0,1,2,3;r1=0,1,2,3;r2=0,1,2;r3=0,1,2;r4=0,1,2;r5=0,1,2;r6=0,1,2,3;r7=0,1,2;r8=0,1,2;r9=0,1,2;r10=0,1,2,3;r11=0,1,2,3;r12=0,1,2;r13=0,1,2,3,4;r14=0,1,2;r15=0,1,2,3,4;r16=0,1,2;r17=0,1,2;r18=0,1,2;r19=0,1,2;r20=0,1,2;r21=0,1,2,3,4;r22=0,1,2,3,4,5,6,7;r23=0,1,2,3,4,5,6,7;r24=0,1,2,3;r25=0,1,2;r26=6,7,4,5,1,2,3,0,8;r27=0,1,2,3;r28=0,1,2;r29=0,1,2,3,4,5,6,7;r30=0,1,2,3,4,5,6,7;r31=0,1,2,3,4,5;r32=0,1,2,3,4,5;r33=0,1,2,3,4,5",3110315f
ablation_r26_p10.dl,ablation,"r0=0,1,2,3;r1=0,1,2,3;r2=0,1,2;r3=0,1,2;r4=0,1,2;r5=0,1,2;r6=0,1,2,3;r7=0,1,2;r8=0,1,2;r9=0,1,2;r10=0,1,2,3;r11=0,1,2,3;r12=0,1,2;r13=0,1,2,3,4;r14=0,1,2;r15=0,1,2,3,4;r16=0,1,2;r17=0,1,2;r18=0,1,2;r19=0,1,2;r20=0,1,2;r21=0,1,2,3,4;r22=0,1,2,3,4,5,6,7;r23=0,1,2,3,4,5,6,7;r24=0,1,2,3;r25=0,1,2;r26=2,3,4,6,7,1,5,0,8;r27=0,1,2,3;r28=0,1,2;r29=0,1,2,3,4,5,6,7;r30=0,1,2,3,4,5,6,7;r31=0,1,2,3,4,5;r32=0,1,2,3,4,5;r33=0,1,2,3,4,5",a6663055
ablation_r26_p11.dl,ablation,"r0=0,1,2,3;r1=0,1,2,3;r2=0,1,2;r3=0,1,2;r4=0,1,2;r5=0,1,2;r6=0,1,2,3;r7=0,1,2;r8=0,1,2;r9=0,1,2;r10=0,1,2,3;r11=0,1,2,3;r12=0,1,2;r13=0,1,2,3,4;r14=0,1,2;r15=0,1,2,3,4;r16=0,1,2;r17=0,1,2;r18=0,1,2;r19=0,1,2;r20=0,1,2;r21=0,1,2,3,4;r22=0,1,2,3,4,5,6,7;r23=0,1,2,3,4,5,6,7;r24=0,1,2,3;r25=0,1,2;r26=2,5,6,7,8,1,4,3,0;r27=0,1,2,3;r28=0,1,2;r29=0,1,2,3,4,5,6,7;r30=0,1,2,3,4,5,6,7;r31=0,1,2,3,4,5;r32=0,1,2,3,4,5;r33=0,1,2,3,4,5",5bd9e215
ablation_r26_p12.dl,ablation,"r0=0,1,2,3;r1=0,1,2,3;r2=0,1,2;r3=0,1,2;r4=0,1,2;r5=0,1,2;r6=0,1,2,3;r7=0,1,2;r8=0,1,2;r9=0,1,2;r10=0,1,2,3;r11=0,1,2,3;r12=0,1,2;r13=0,1,2,3,4;r14=0,1,2;r15=0,1,2,3,4;r16=0,1,2;r17=0,1,2;r18=0,1,2;r19=0,1,2;r20=0,1,2;r21=0,1,2,3,4;r22=0,1,2,3,4,5,6,7;r23=0,1,2,3,4,5,6,7;r24=0,1,2,3;r25=0,1,2;r26=1,5,0,2,3,4,6,7,8;r27=0,1,2,3;r28=0,1,2;r29=0,1,2,3,4,5,6,7;r30=0,1,2,3,4,5,6,7;r31=0,1,2,3,4,5;r32=0,1,2,3,4,5;r33=0,1,2,3,4,5",5848a515
ablation_r27_p01.dl,ablation,"r0=0,1,2,3;r1=0,1,2,3;r2=0,1,2;r3=0,1,2;r4=0,1,2;r5=0,1,2;r6=0,1,2,3;r7=0,1,2;r8=0,1,2;r9=0,1,2;r10=0,1,2,3;r11=0,1,2,3;r12=0,1,2;r13=0,1,2,3,4;r14=0,1,2;r15=0,1,2,3,4;r16=0,1,2;r17=0,1,2;r18=0,1,2;r19=0,1,2;r20=0,1,2;r21=0,1,2,3,4;r22=0,1,2,3,4,5,6,7;r23=0,1,2,3,4,5,6,7;r24=0,1,2,3;r25=0,1,2;r26=0,1,2,3,4,5,6,7,8;r27=0,1,3,2;r28=0,1,2;r29=0,1,2,3,4,5,6,7;r30=0,1,2,3,4,5,6,7;r31=0,1,2,3,4,5;r32=0,1,2,3,4,5;r33=0,1,2,3,4,5",01f6f8b2
ablation_r27_p02.dl,ablation,"r0=0,1,2,3;r1=0,1,2,3;r2=0,1,2;r3=0,1,2;r4=0,1,2;r5=0,1,2;r6=0,1,2,3;r7=0,1,2;r8=0,1,2;r9=0,1,2;r10=0,1,2,3;r11=0,1,2,3;r12=0,1,2;r13=0,1,2,3,4;r14=0,1,2;r15=0,1,2,3,4;r16=0,1,2;r17=0,1,2;r18=0,1,2;r19=0,1,2;r20=0,1,2;r21=0,1,2,3,4;r22=0,1,2,3,4,5,6,7;r23=0,1,2,3,4,5,6,7;r24=0,1,2,3;r25=0,1,2;r26=0,1,2,3,4,5,6,7,8;r27=1,2,0,3;r28=0,1,2;r29=0,1,2,3,4,5,6,7;r30=0,1,2,3,4,5,6,7;r31=0,1,2,3,4,5;r32=0,1,2,3,4,5;r33=0,1,2,3,4,5",7882b275
ablation_r27_p03.dl,ablation,"r0=0,1,2,3;r1=0,1,2,3;r2=0,1,2;r3=0,1,2;r4=0,1,2;r5=0,1,2;r6=0,1,2,3;r7=0,1,2;r8=0,1,2;r9=0,1,2;r10=0,1,2,3;r11=0,1,2,3;r12=0,1,2;r13=0,1,2,3,4;r14=0,1,2;r15=0,1,2,3,4;r16=0,1,2;r17=0,1,2;r18=0,1,2;r19=0,1,2;r20=0,1,2;r21=0,1,2,3,4;r22=0,1,2,3,4,5,6,7;r23=0,1,2,3,4,5,6,7;r24=0,1,2,3;r25=0,1,2;r26=0,1,2,3,4,5,6,7,8;r27=1,2,3,0;r28=0,1,2;r29=0,1,2,3,4,5,6,7;r30=0,1,2,3,4,5,6,7;r31=0,1,2,3,4,5;r32=0,1,2,3,4,5;r33=0,1,2,3,4,5",c098c3f4
ablation_r27_p04.dl,ablation,"r0=0,1,2,3;r1=0,1,2,3;r2=0,1,2;r3=0,1,2;r4=0,1,2;r5=0,1,2;r6=0,1,2,3;r7=0,1,2;r8=0,1,2;r9=0,1,2;r10=0,1,2,3;r11=0,1,2,3;r12=0,1,2;r13=0,1,2,3,4;r14=0,1,2;r15=0,1,2,3,4;r16=0,1,2;r17=0,1,2;r18=0,1,2;r19=0,1,2;r20=0,1,2;r21=0,1,2,3,4;r22=0,1,2,3,4,5,6,7;r23=0,1,2,3,4,5,6,7;r24=0,1,2,3;r25=0,1,2;r26=0,1,2,3,4,5,6,7,8;r27=1,3,0,2;r28=0,1,2;r29=0,1,2,3,4,5,6,7;r30=0,1,2,3,4,5,6,7;r31=0,1,2,3,4,5;r32=0,1,2,3,4,5;r33=0,1,2,3,4,5",322dbba8
ablation_r27_p05.dl,ablation,"r0=0,1,2,3;r1=0,1,2,3;r2=0,1,2;r3=0,1,2;r4=0,1,2;r5=0,1,2;r6=0,1,2,3;r7=0,1,2;r8=0,1,2;r9=0,1,2;r10=0,1,2,3;r11=0,1,2,3;r12=0,1,2;r13=0,1,2,3,4;r14=0,1,2;r15=0,1,2,3,4;r16=0,1,2;r17=0,1,2;r18=0,1,2;r19=0,1,2;r20=0,1,2;r21=0,1,2,3,4;r22=0,1,2,3,4,5,6,7;r23=0,1,2,3,4,5,6,7;r24=0,1,2,3;r25=0,1,2;r26=0,1,2,3,4,5,6,7,8;r27=1,3,2,0;r28=0,1,2;r29=0,1,2,3,4,5,6,7;r30=0,1,2,3,4,5,6,7;r31=0,1,2,3,4,5;r32=0,1,2,3,4,5;r33=0,1,2,3,4,5",ad39a552
ablation_r28_p01.dl,ablation,"r0=0,1,2,3;r1=0,1,2,3;r2=0,1,2;r3=0,1,2;r4=0,1,2;r5=0,1,2;r6=0,1,2,3;r7=0,1,2;r8=0,1,2;r9=0,1,2;r10=0,1,2,3;r11=0,1,2,3;r12=0,1,2;r13=0,1,2,3,4;r14=0,1,2;r15=0,1,2,3,4;r16=0,1,2;r17=0,1,2;r18=0,1,2;r19=0,1,2;r20=0,1,2;r21=0,1,2,3,4;r22=0,1,2,3,4,5,6,7;r23=0,1,2,3,4,5,6,7;r24=0,1,2,3;r25=0,1,2;r26=0,1,2,3,4,5,6,7,8;r27=0,1,2,3;r28=1,2,0;r29=0,1,2,3,4,5,6,7;r30=0,1,2,3,4,5,6,7;r31=0,1,2,3,4,5;r32=0,1,2,3,4,5;r33=0,1,2,3,4,5",fc37b77d
ablation_r29_p01.dl,ablation,"r0=0,1,2,3;r1=0,1,2,3;r2=0,1,2;r3=0,1,2;r4=0,1,2;r5=0,1,2;r6=0,1,2,3;r7=0,1,2;r8=0,1,2;r9=0,1,2;r10=0,1,2,3;r11=0,1,2,3;r12=0,1,2;r13=0,1,2,3,4;r14=0,1,2;r15=0,1,2,3,4;r16=0,1,2;r17=0,1,2;r18=0,1,2;r19=0,1,2;r20=0,1,2;r21=0,1,2,3,4;r22=0,1,2,3,4,5,6,7;r23=0,1,2,3,4,5,6,7;r24=0,1,2,3;r25=0,1,2;r26=0,1,2,3,4,5,6,7,8;r27=0,1,2,3;r28=0,1,2;r29=2,3,1,5,0,6,4,7;r30=0,1,2,3,4,5,6,7;r31=0,1,2,3,4,5;r32=0,1,2,3,4,5;r33=0,1,2,3,4,5",336ebcae
ablation_r29_p02.dl,ablation,"r0=0,1,2,3;r1=0,1,2,3;r2=0,1,2;r3=0,1,2;r4=0,1,2;r5=0,1,2;r6=0,1,2,3;r7=0,1,2;r8=0,1,2;r9=0,1,2;r10=0,1,2,3;r11=0,1,2,3;r12=0,1,2;r13=0,1,2,3,4;r14=0,1,2;r15=0,1,2,3,4;r16=0,1,2;r17=0,1,2;r18=0,1,2;r19=0,1,2;r20=0,1,2;r21=0,1,2,3,4;r22=0,1,2,3,4,5,6,7;r23=0,1,2,3,4,5,6,7;r24=0,1,2,3;r25=0,1,2;r26=0,1,2,3,4,5,6,7,8;r27=0,1,2,3;r28=0,1,2;r29=1,2,6,7,3,4,0,5;r30=0,1,2,3,4,5,6,7;r31=0,1,2,3,4,5;r32=0,1,2,3,4,5;r33=0,1,2,3,4,5",639715ba
ablation_r29_p03.dl,ablation,"r0=0,1,2,3;r1=0,1,2,3;r2=0,1,2;r3=0,1,2;r4=0,1,2;r5=0,1,2;r6=0,1,2,3;r7=0,1,2;r8=0,1,2;r9=0,1,2;r10=0,1,2,3;r11=0,1,2,3;r12=0,1,2;r13=0,1,2,3,4;r14=0,1,2;r15=0,1,2,3,4;r16=0,1,2;r17=0,1,2;r18=0,1,2;r19=0,1,2;r20=0,1,2;r21=0,1,2,3,4;r22=0,1,2,3,4,5,6,7;r23=0,1,2,3,4,5,6,7;r24=0,1,2,3;r25=0,1,2;r26=0,1,2,3,4,5,6,7,8;r27=0,1,2,3;r28=0,1,2;r29=2,6,3,7,5,1,0,4;r30=0,1,2,3,4,5,6,7;r31=0,1,2,3,4,5;r32=0,1,2,3,4,5;r33=0,1,2,3,4,5",22d64895
ablation_r29_p04.dl,ablation,"r0=0,1,2,3;r1=0,1,2,3;r2=0,1,2;r3=0,1,2;r4=0,1,2;r5=0,1,2;r6=0,1,2,3;r7=0,1,2;r8=0,1,2;r9=0,1,2;r10=0,1,2,3;r11=0,1,2,3;r12=0,1,2;r13=0,1,2,3,4;r14=0,1,2;r15=0,1,2,3,4;r16=0,1,2;r17=0,1,2;r18=0,1,2;r19=0,1,2;r20=0,1,2;r21=0,1,2,3,4;r22=0,1,2,3,4,5,6,7;r23=0,1,2,3,4,5,6,7;r24=0,1,2,3;r25=0,1,2;r26=0,1,2,3,4,5,6,7,8;r27=0,1,2,3;r28=0,1,2;r29=2,3,6,1,7,0,5,4;r30=0,1,2,3,4,5,6,7;r31=0,1,2,3,4,5;r32=0,1,2,3,4,5;r33=0,1,2,3,4,5",9d702a62
ablation_r29_p05.dl,ablation,"r0=0,1,2,3;r1=0,1,2,3;r2=0,1,2;r3=0,1,2;r4=0,1,2;r5=0,1,2;r6=0,1,2,3;r7=0,1,2;r8=0,1,2;r9=0,1,2;r10=0,1,2,3;r11=0,1,2,3;r12=0,1,2;r13=0,1,2,3,4;r14=0,1,2;r15=0,1,2,3,4;r16=0,1,2;r17=0,1,2;r18=0,1,2;r19=0,1,2;r20=0,1,2;r21=0,1,2,3,4;r22=0,1,2,3,4,5,6,7;r23=0,1,2,3,4,5,6,7;r24=0,1,2,3;r25=0,1,2;r26=0,1,2,3,4,5,6,7,8;r27=0,1,2,3;r28=0,1,2;r29=4,7,6,1,2,0,3,5;r30=0,1,2,3,4,5,6,7;r31=0,1,2,3,4,5;r32=0,1,2,3,4,5;r33=0,1,2,3,4,5",070f76e7
ablation_r29_p06.dl,ablation,"r0=0,1,2,3;r1=0,1,2,3;r2=0,1,2;r3=0,1,2;r4=0,1,2;r5=0,1,2;r6=0,1,2,3;r7=0,1,2;r8=0,1,2;r9=0,1,2;r10=0,1,2,3;r11=0,1,2,3;r12=0,1,2;r13=0,1,2,3,4;r14=0,1,2;r15=0,1,2,3,4;r16=0,1,2;r17=0,1,2;r18=0,1,2;r19=0,1,2;r20=0,1,2;r21=0,1,2,3,4;r22=0,1,2,3,4,5,6,7;r23=0,1,2,3,4,5,6,7;r24=0,1,2,3;r25=0,1,2;r26=0,1,2,3,4,5,6,7,8;r27=0,1,2,3;r28=0,1,2;r29=2,6,1,7,5,0,4,3;r30=0,1,2,3,4,5,6,7;r31=0,1,2,3,4,5;r32=0,1,2,3,4,5;r33=0,1,2,3,4,5",f580eabe
ablation_r29_p07.dl,ablation,"r0=0,1,2,3;r1=0,1,2,3;r2=0,1,2;r3=0,1,2;r4=0,1,2;r5=0,1,2;r6=0,1,2,3;r7=0,1,2;r8=0,1,2;r9=0,1,2;r10=0,1,2,3;r11=0,1,2,3;r12=0,1,2;r13=0,1,2,3,4;r14=0,1,2;r15=0,1,2,3,4;r16=0,1,2;r17=0,1,2;r18=0,1,2;r19=0,1,2;r20=0,1,2;r21=0,1,2,3,4;r22=0,1,2,3,4,5,6,7;r23=0,1,2,3,4,5,6,7;r24=0,1,2,3;r25=0,1,2;r26=0,1,2,3,4,5,6,7,8;r27=0,1,2,3;r28=0,1,2;r29=1,5,7,6,4,2,3,0;r30=0,1,2,3,4,5,6,7;r31=0,1,2,3,4,5;r32=0,1,2,3,4,5;r33=0,1,2,3,4,5",0314ae15
ablation_r29_p08.dl,ablation,"r0=0,1,2,3;r1=0,1,2,3;r2=0,1,2;r3=0,1,2;r4=0,1,2;r5=0,1,2;r6=0,1,2,3;r7=0,1,2;r8=0,1,2;r9=0,1,2;r10=0,1,2,3;r11=0,1,2,3;r12=0,1,2;r13=0,1,2,3,4;r14=0,1,2;r15=0,1,2,3,4;r16=0,1,2;r17=0,1,2;r18=0,1,2;r19=0,1,2;r20=0,1,2;r21=0,1,2,3,4;r22=0,1,2,3,4,5,6,7;r23=0,1,2,3,4,5,6,7;r24=0,1,2,3;r25=0,1,2;r26=0,1,2,3,4,5,6,7,8;r27=0,1,2,3;r28=0,1,2;r29=2,6,3,1,5,7,4,0;r30=0,1,2,3,4,5,6,7;r31=0,1,2,3,4,5;r32=0,1,2,3,4,5;r33=0,1,2,3,4,5",62d73200
ablation_r29_p09.dl,ablation,"r0=0,1,2,3;r1=0,1,2,3;r2=0,1,2;r3=0,1,2;r4=0,1,2;r5=0,1,2;r6=0,1,2,3;r7=0,1,2;r8=0,1,2;r9=0,1,2;r10=0,1,2,3;r11=0,1,2,3;r12=0,1,2;r13=0,1,2,3,4;r14=0,1,2;r15=0,1,2,3,4;r16=0,1,2;r17=0,1,2;r18=0,1,2;r19=0,1,2;r20=0,1,2;r21=0,1,2,3,4;r22=0,1,2,3,4,5,6,7;r23=0,1,2,3,4,5,6,7;r24=0,1,2,3;r25=0,1,2;r26=0,1,2,3,4,5,6,7,8;r27=0,1,2,3;r28=0,1,2;r29=2,6,1,3,7,4,0,5;r30=0,1,2,3,4,5,6,7;r31=0,1,2,3,4,5;r32=0,1,2,3,4,5;r33=0,1,2,3,4,5",ce4b3f0c
ablation_r29_p10.dl,ablation,"r0=0,1,2,3;r1=0,1,2,3;r2=0,1,2;r3=0,1,2;r4=0,1,2;r5=0,1,2;r6=0,1,2,3;r7=0,1,2;r8=0,1,2;r9=0,1,2;r10=0,1,2,3;r11=0,1,2,3;r12=0,1,2;r13=0,1,2,3,4;r14=0,1,2;r15=0,1,2,3,4;r16=0,1,2;r17=0,1,2;r18=0,1,2;r19=0,1,2;r20=0,1,2;r21=0,1,2,3,4;r22=0,1,2,3,4,5,6,7;r23=0,1,2,3,4,5,6,7;r24=0,1,2,3;r25=0,1,2;r26=0,1,2,3,4,5,6,7,8;r27=0,1,2,3;r28=0,1,2;r29=1,6,7,2,4,0,5,3;r30=0,1,2,3,4,5,6,7;r31=0,1,2,3,4,5;r32=0,1,2,3,4,5;r33=0,1,2,3,4,5",0a20e66c
ablation_r29_p11.dl,ablation,"r0=0,1,2,3;r1=0,1,2,3;r2=0,1,2;r3=0,1,2;r4=0,1,2;r5=0,1,2;r6=0,1,2,3;r7=0,1,2;r8=0,1,2;r9=0,1,2;r10=0,1,2,3;r11=0,1,2,3;r12=0,1,2;r13=0,1,2,3,4;r14=0,1,2;r15=0,1,2,3,4;r16=0,1,2;r17=0,1,2;r18=0,1,2;r19=0,1,2;r20=0,1,2;r21=0,1,2,3,4;r22=0,1,2,3,4,5,6,7;r23=0,1,2,3,4,5,6,7;r24=0,1,2,3;r25=0,1,2;r26=0,1,2,3,4,5,6,7,8;r27=0,1,2,3;r28=0,1,2;r29=2,3,5,4,7,1,6,0;r30=0,1,2,3,4,5,6,7;r31=0,1,2,3,4,5;r32=0,1,2,3,4,5;r33=0,1,2,3,4,5",a0f02139
ablation_r29_p12.dl,ablation,"r0=0,1,2,3;r1=0,1,2,3;r2=0,1,2;r3=0,1,2;r4=0,1,2;r5=0,1,2;r6=0,1,2,3;r7=0,1,2;r8=0,1,2;r9=0,1,2;r10=0,1,2,3;r11=0,1,2,3;r12=0,1,2;r13=0,1,2,3,4;r14=0,1,2;r15=0,1,2,3,4;r16=0,1,2;r17=0,1,2;r18=0,1,2;r19=0,1,2;r20=0,1,2;r21=0,1,2,3,4;r22=0,1,2,3,4,5,6,7;r23=0,1,2,3,4,5,6,7;r24=0,1,2,3;r25=0,1,2;r26=0,1,2,3,4,5,6,7,8;r27=0,1,2,3;r28=0,1,2;r29=1,2,5,3,4,0,7,6;r30=0,1,2,3,4,5,6,7;r31=0,1,2,3,4,5;r32=0,1,2,3,4,5;r33=0,1,2,3,4,5",ba61c10b
ablation_r30_p01.dl,ablation,"r0=0,1,2,3;r1=0,1,2,3;r2=0,1,2;r3=0,1,2;r4=0,1,2;r5=0,1,2;r6=0,1,2,3;r7=0,1,2;r8=0,1,2;r9=0,1,2;r10=0,1,2,3;r11=0,1,2,3;r12=0,1,2;r13=0,1,2,3,4;r14=0,1,2;r15=0,1,2,3,4;r16=0,1,2;r17=0,1,2;r18=0,1,2;r19=0,1,2;r20=0,1,2;r21=0,1,2,3,4;r22=0,1,2,3,4,5,6,7;r23=0,1,2,3,4,5,6,7;r24=0,1,2,3;r25=0,1,2;r26=0,1,2,3,4,5,6,7,8;r27=0,1,2,3;r28=0,1,2;r29=0,1,2,3,4,5,6,7;r30=6,7,5,2,3,4,1,0;r31=0,1,2,3,4,5;r32=0,1,2,3,4,5;r33=0,1,2,3,4,5",62a7b3d1
ablation_r30_p02.dl,ablation,"r0=0,1,2,3;r1=0,1,2,3;r2=0,1,2;r3=0,1,2;r4=0,1,2;r5=0,1,2;r6=0,1,2,3;r7=0,1,2;r8=0,1,2;r9=0,1,2;r10=0,1,2,3;r11=0,1,2,3;r12=0,1,2;r13=0,1,2,3,4;r14=0,1,2;r15=0,1,2,3,4;r16=0,1,2;r17=0,1,2;r18=0,1,2;r19=0,1,2;r20=0,1,2;r21=0,1,2,3,4;r22=0,1,2,3,4,5,6,7;r23=0,1,2,3,4,5,6,7;r24=0,1,2,3;r25=0,1,2;r26=0,1,2,3,4,5,6,7,8;r27=0,1,2,3;r28=0,1,2;r29=0,1,2,3,4,5,6,7;r30=1,6,0,7,4,2,5,3;r31=0,1,2,3,4,5;r32=0,1,2,3,4,5;r33=0,1,2,3,4,5",2bed0377
ablation_r30_p03.dl,ablation,"r0=0,1,2,3;r1=0,1,2,3;r2=0,1,2;r3=0,1,2;r4=0,1,2;r5=0,1,2;r6=0,1,2,3;r7=0,1,2;r8=0,1,2;r9=0,1,2;r10=0,1,2,3;r11=0,1,2,3;r12=0,1,2;r13=0,1,2,3,4;r14=0,1,2;r15=0,1,2,3,4;r16=0,1,2;r17=0,1,2;r18=0,1,2;r19=0,1,2;r20=0,1,2;r21=0,1,2,3,4;r22=0,1,2,3,4,5,6,7;r23=0,1,2,3,4,5,6,7;r24=0,1,2,3;r25=0,1,2;r26=0,1,2,3,4,5,6,7,8;r27=0,1,2,3;r28=0,1,2;r29=0,1,2,3,4,5,6,7;r30=5,7,4,1,3,6,0,2;r31=0,1,2,3,4,5;r32=0,1,2,3,4,5;r33=0,1,2,3,4,5",a6d6d9ac
ablation_r30_p04.dl,ablation,"r0=0,1,2,3;r1=0,1,2,3;r2=0,1,2;r3=0,1,2;r4=0,1,2;r5=0,1,2;r6=0,1,2,3;r7=0,1,2;r8=0,1,2;r9=0,1,2;r10=0,1,2,3;r11=0,1,2,3;r12=0,1,2;r13=0,1,2,3,4;r14=0,1,2;r15=0,1,2,3,4;r16=0,1,2;r17=0,1,2;r18=0,1,2;r19=0,1,2;r20=0,1,2;r21=0,1,2,3,4;r22=0,1,2,3,4,5,6,7;r23=0,1,2,3,4,5,6,7;r24=0,1,2,3;r25=0,1,2;r26=0,1,2,3,4,5,6,7,8;r27=0,1,2,3;r28=0,1,2;r29=0,1,2,3,4,5,6,7;r30=2,3,4,1,0,6,7,5;r31=0,1,2,3,4,5;r32=0,1,2,3,4,5;r33=0,1,2,3,4,5",491f19d8
ablation_r30_p05.dl,ablation,"r0=0,1,2,3;r1=0,1,2,3;r2=0,1,2;r3=0,1,2;r4=0,1,2;r5=0,1,2;r6=0,1,2,3;r7=0,1,2;r8=0,1,2;r9=0,1,2;r10=0,1,2,3;r11=0,1,2,3;r12=0,1,2;r13=0,1,2,3,4;r14=0,1,2;r15=0,1,2,3,4;r16=0,1,2;r17=0,1,2;r18=0,1,2;r19=0,1,2;r20=0,1,2;r21=0,1,2,3,4;r22=0,1,2,3,4,5,6,7;r23=0,1,2,3,4,5,6,7;r24=0,1,2,3;r25=0,1,2;r26=0,1,2,3,4,5,6,7,8;r27=0,1,2,3;r28=0,1,2;r29=0,1,2,3,4,5,6,7;r30=1,6,0,2,3,4,5,7;r31=0,1,2,3,4,5;r32=0,1,2,3,4,5;r33=0,1,2,3,4,5",59faf1ba
ablation_r30_p06.dl,ablation,"r0=0,1,2,3;r1=0,1,2,3;r2=0,1,2;r3=0,1,2;r4=0,1,2;r5=0,1,2;r6=0,1,2,3;r7=0,1,2;r8=0,1,2;r9=0,1,2;r10=0,1,2,3;r11=0,1,2,3;r12=0,1,2;r13=0,1,2,3,4;r14=0,1,2;r15=0,1,2,3,4;r16=0,1,2;r17=0,1,2;r18=0,1,2;r19=0,1,2;r20=0,1,2;r21=0,1,2,3,4;r22=0,1,2,3,4,5,6,7;r23=0,1,2,3,4,5,6,7;r24=0,1,2,3;r25=0,1,2;r26=0,1,2,3,4,5,6,7,8;r27=0,1,2,3;r28=0,1,2;r29=0,1,2,3,4,5,6,7;r30=4,7,6,3,2,1,0,5;r31=0,1,2,3,4,5;r32=0,1,2,3,4,5;r33=0,1,2,3,4,5",8675feb6
ablation_r30_p07.dl,ablation,"r0=0,1,2,3;r1=0,1,2,3;r2=0,1,2;r3=0,1,2;r4=0,1,2;r5=0,1,2;r6=0,1,2,3;r7=0,1,2;r8=0,1,2;r9=0,1,2;r10=0,1,2,3;r11=0,1,2,3;r12=0,1,2;r13=0,1,2,3,4;r14=0,1,2;r15=0,1,2,3,4;r16=0,1,2;r17=0,1,2;r18=0,1,2;r19=0,1,2;r20=0,1,2;r21=0,1,2,3,4;r22=0,1,2,3,4,5,6,7;r23=0,1,2,3,4,5,6,7;r24=0,1,2,3;r25=0,1,2;r26=0,1,2,3,4,5,6,7,8;r27=0,1,2,3;r28=0,1,2;r29=0,1,2,3,4,5,6,7;r30=2,6,3,7,4,1,5,0;r31=0,1,2,3,4,5;r32=0,1,2,3,4,5;r33=0,1,2,3,4,5",877cf380
ablation_r30_p08.dl,ablation,"r0=0,1,2,3;r1=0,1,2,3;r2=0,1,2;r3=0,1,2;r4=0,1,2;r5=0,1,2;r6=0,1,2,3;r7=0,1,2;r8=0,1,2;r9=0,1,2;r10=0,1,2,3;r11=0,1,2,3;r12=0,1,2;r13=0,1,2,3,4;r14=0,1,2;r15=0,1,2,3,4;r16=0,1,2;r17=0,1,2;r18=0,1,2;r19=0,1,2;r20=0,1,2;r21=0,1,2,3,4;r22=0,1,2,3,4,5,6,7;r23=0,1,2,3,4,5,6,7;r24=0,1,2,3;r25=0,1,2;r26=0,1,2,3,4,5,6,7,8;r27=0,1,2,3;r28=0,1,2;r29=0,1,2,3,4,5,6,7;r30=2,3,5,6,7,1,4,0;r31=0,1,2,3,4,5;r32=0,1,2,3,4,5;r33=0,1,2,3,4,5",5c4e6304
ablation_r30_p09.dl,ablation,"r0=0,1,2,3;r1=0,1,2,3;r2=0,1,2;r3=0,1,2;r4=0,1,2;r5=0,1,2;r6=0,1,2,3;r7=0,1,2;r8=0,1,2;r9=0,1,2;r10=0,1,2,3;r11=0,1,2,3;r12=0,1,2;r13=0,1,2,3,4;r14=0,1,2;r15=0,1,2,3,4;r16=0,1,2;r17=0,1,2;r18=0,1,2;r19=0,1,2;r20=0,1,2;r21=0,1,2,3,4;r22=0,1,2,3,4,5,6,7;r23=0,1,2,3,4,5,6,7;r24=0,1,2,3;r25=0,1,2;r26=0,1,2,3,4,5,6,7,8;r27=0,1,2,3;r28=0,1,2;r29=0,1,2,3,4,5,6,7;r30=6,7,1,0,4,5,2,3;r31=0,1,2,3,4,5;r32=0,1,2,3,4,5;r33=0,1,2,3,4,5",5d6f5c74
ablation_r30_p10.dl,ablation,"r0=0,1,2,3;r1=0,1,2,3;r2=0,1,2;r3=0,1,2;r4=0,1,2;r5=0,1,2;r6=0,1,2,3;r7=0,1,2;r8=0,1,2;r9=0,1,2;r10=0,1,2,3;r11=0,1,2,3;r12=0,1,2;r13=0,1,2,3,4;r14=0,1,2;r15=0,1,2,3,4;r16=0,1,2;r17=0,1,2;r18=0,1,2;r19=0,1,2;r20=0,1,2;r21=0,1,2,3,4;r22=0,1,2,3,4,5,6,7;r23=0,1,2,3,4,5,6,7;r24=0,1,2,3;r25=0,1,2;r26=0,1,2,3,4,5,6,7,8;r27=0,1,2,3;r28=0,1,2;r29=0,1,2,3,4,5,6,7;r30=1,6,7,5,2,3,0,4;r31=0,1,2,3,4,5;r32=0,1,2,3,4,5;r33=0,1,2,3,4,5",b2013aa6
ablation_r30_p11.dl,ablation,"r0=0,1,2,3;r1=0,1,2,3;r2=0,1,2;r3=0,1,2;r4=0,1,2;r5=0,1,2;r6=0,1,2,3;r7=0,1,2;r8=0,1,2;r9=0,1,2;r10=0,1,2,3;r11=0,1,2,3;r12=0,1,2;r13=0,1,2,3,4;r14=0,1,2;r15=0,1,2,3,4;r16=0,1,2;r17=0,1,2;r18=0,1,2;r19=0,1,2;r20=0,1,2;r21=0,1,2,3,4;r22=0,1,2,3,4,5,6,7;r23=0,1,2,3,4,5,6,7;r24=0,1,2,3;r25=0,1,2;r26=0,1,2,3,4,5,6,7,8;r27=0,1,2,3;r28=0,1,2;r29=0,1,2,3,4,5,6,7;r30=2,5,6,1,3,7,4,0;r31=0,1,2,3,4,5;r32=0,1,2,3,4,5;r33=0,1,2,3,4,5",d2522f84
ablation_r30_p12.dl,ablation,"r0=0,1,2,3;r1=0,1,2,3;r2=0,1,2;r3=0,1,2;r4=0,1,2;r5=0,1,2;r6=0,1,2,3;r7=0,1,2;r8=0,1,2;r9=0,1,2;r10=0,1,2,3;r11=0,1,2,3;r12=0,1,2;r13=0,1,2,3,4;r14=0,1,2;r15=0,1,2,3,4;r16=0,1,2;r17=0,1,2;r18=0,1,2;r19=0,1,2;r20=0,1,2;r21=0,1,2,3,4;r22=0,1,2,3,4,5,6,7;r23=0,1,2,3,4,5,6,7;r24=0,1,2,3;r25=0,1,2;r26=0,1,2,3,4,5,6,7,8;r27=0,1,2,3;r28=0,1,2;r29=0,1,2,3,4,5,6,7;r30=1,2,3,5,4,6,0,7;r31=0,1,2,3,4,5;r32=0,1,2,3,4,5;r33=0,1,2,3,4,5",94f430bd
ablation_r31_p01.dl,ablation,"r0=0,1,2,3;r1=0,1,2,3;r2=0,1,2;r3=0,1,2;r4=0,1,2;r5=0,1,2;r6=0,1,2,3;r7=0,1,2;r8=0,1,2;r9=0,1,2;r10=0,1,2,3;r11=0,1,2,3;r12=0,1,2;r13=0,1,2,3,4;r14=0,1,2;r15=0,1,2,3,4;r16=0,1,2;r17=0,1,2;r18=0,1,2;r19=0,1,2;r20=0,1,2;r21=0,1,2,3,4;r22=0,1,2,3,4,5,6,7;r23=0,1,2,3,4,5,6,7;r24=0,1,2,3;r25=0,1,2;r26=0,1,2,3,4,5,6,7,8;r27=0,1,2,3;r28=0,1,2;r29=0,1,2,3,4,5,6,7;r30=0,1,2,3,4,5,6,7;r31=1,2,4,3,5,0;r32=0,1,2,3,4,5;r33=0,1,2,3,4,5",4f70d605
ablation_r31_p02.dl,ablation,"r0=0,1,2,3;r1=0,1,2,3;r2=0,1,2;r3=0,1,2;r4=0,1,2;r5=0,1,2;r6=0,1,2,3;r7=0,1,2;r8=0,1,2;r9=0,1,2;r10=0,1,2,3;r11=0,1,2,3;r12=0,1,2;r13=0,1,2,3,4;r14=0,1,2;r15=0,1,2,3,4;r16=0,1,2;r17=0,1,2;r18=0,1,2;r19=0,1,2;r20=0,1,2;r21=0,1,2,3,4;r22=0,1,2,3,4,5,6,7;r23=0,1,2,3,4,5,6,7;r24=0,1,2,3;r25=0,1,2;r26=0,1,2,3,4,5,6,7,8;r27=0,1,2,3;r28=0,1,2;r29=0,1,2,3,4,5,6,7;r30=0,1,2,3,4,5,6,7;r31=0,1,4,2,3,5;r32=0,1,2,3,4,5;r33=0,1,2,3,4,5",1b7f567e
ablation_r31_p03.dl,ablation,"r0=0,1,2,3;r1=0,1,2,3;r2=0,1,2;r3=0,1,2;r4=0,1,2;r5=0,1,2;r6=0,1,2,3;r7=0,1,2;r8=0,1,2;r9=0,1,2;r10=0,1,2,3;r11=0,1,2,3;r12=0,1,2;r13=0,1,2,3,4;r14=0,1,2;r15=0,1,2,3,4;r16=0,1,2;r17=0,1,2;r18=0,1,2;r19=0,1,2;r20=0,1,2;r21=0,1,2,3,4;r22=0,1,2,3,4,5,6,7;r23=0,1,2,3,4,5,6,7;r24=0,1,2,3;r25=0,1,2;r26=0,1,2,3,4,5,6,7,8;r27=0,1,2,3;r28=0,1,2;r29=0,1,2,3,4,5,6,7;r30=0,1,2,3,4,5,6,7;r31=1,4,2,0,3,5;r32=0,1,2,3,4,5;r33=0,1,2,3,4,5",6b1f185b
ablation_r31_p04.dl,ablation,"r0=0,1,2,3;r1=0,1,2,3;r2=0,1,2;r3=0,1,2;r4=0,1,2;r5=0,1,2;r6=0,1,2,3;r7=0,1,2;r8=0,1,2;r9=0,1,2;r10=0,1,2,3;r11=0,1,2,3;r12=0,1,2;r13=0,1,2,3,4;r14=0,1,2;r15=0,1,2,3,4;r16=0,1,2;r17=0,1,2;r18=0,1,2;r19=0,1,2;r20=0,1,2;r21=0,1,2,3,4;r22=0,1,2,3,4,5,6,7;r23=0,1,2,3,4,5,6,7;r24=0,1,2,3;r25=0,1,2;r26=0,1,2,3,4,5,6,7,8;r27=0,1,2,3;r28=0,1,2;r29=0,1,2,3,4,5,6,7;r30=0,1,2,3,4,5,6,7;r31=1,4,2,5,3,0;r32=0,1,2,3,4,5;r33=0,1,2,3,4,5",cdce7d1c
ablation_r31_p05.dl,ablation,"r0=0,1,2,3;r1=0,1,2,3;r2=0,1,2;r3=0,1,2;r4=0,1,2;r5=0,1,2;r6=0,1,2,3;r7=0,1,2;r8=0,1,2;r9=0,1,2;r10=0,1,2,3;r11=0,1,2,3;r12=0,1,2;r13=0,1,2,3,4;r14=0,1,2;r15=0,1,2,3,4;r16=0,1,2;r17=0,1,2;r18=0,1,2;r19=0,1,2;r20=0,1,2;r21=0,1,2,3,4;r22=0,1,2,3,4,5,6,7;r23=0,1,2,3,4,5,6,7;r24=0,1,2,3;r25=0,1,2;r26=0,1,2,3,4,5,6,7,8;r27=0,1,2,3;r28=0,1,2;r29=0,1,2,3,4,5,6,7;r30=0,1,2,3,4,5,6,7;r31=1,4,0,2,3,5;r32=0,1,2,3,4,5;r33=0,1,2,3,4,5",a896eda0
ablation_r31_p06.dl,ablation,"r0=0,1,2,3;r1=0,1,2,3;r2=0,1,2;r3=0,1,2;r4=0,1,2;r5=0,1,2;r6=0,1,2,3;r7=0,1,2;r8=0,1,2;r9=0,1,2;r10=0,1,2,3;r11=0,1,2,3;r12=0,1,2;r13=0,1,2,3,4;r14=0,1,2;r15=0,1,2,3,4;r16=0,1,2;r17=0,1,2;r18=0,1,2;r19=0,1,2;r20=0,1,2;r21=0,1,2,3,4;r22=0,1,2,3,4,5,6,7;r23=0,1,2,3,4,5,6,7;r24=0,1,2,3;r25=0,1,2;r26=0,1,2,3,4,5,6,7,8;r27=0,1,2,3;r28=0,1,2;r29=0,1,2,3,4,5,6,7;r30=0,1,2,3,4,5,6,7;r31=0,1,4,5,2,3;r32=0,1,2,3,4,5;r33=0,1,2,3,4,5",0b8fd391
ablation_r31_p07.dl,ablation,"r0=0,1,2,3;r1=0,1,2,3;r2=0,1,2;r3=0,1,2;r4=0,1,2;r5=0,1,2;r6=0,1,2,3;r7=0,1,2;r8=0,1,2;r9=0,1,2;r10=0,1,2,3;r11=0,1,2,3;r12=0,1,2;r13=0,1,2,3,4;r14=0,1,2;r15=0,1,2,3,4;r16=0,1,2;r17=0,1,2;r18=0,1,2;r19=0,1,2;r20=0,1,2;r21=0,1,2,3,4;r22=0,1,2,3,4,5,6,7;r23=0,1,2,3,4,5,6,7;r24=0,1,2,3;r25=0,1,2;r26=0,1,2,3,4,5,6,7,8;r27=0,1,2,3;r28=0,1,2;r29=0,1,2,3,4,5,6,7;r30=0,1,2,3,4,5,6,7;r31=1,2,4,3,0,5;r32=0,1,2,3,4,5;r33=0,1,2,3,4,5",5a1ae78f
ablation_r31_p08.dl,ablation,"r0=0,1,2,3;r1=0,1,2,3;r2=0,1,2;r3=0,1,2;r4=0,1,2;r5=0,1,2;r6=0,1,2,3;r7=0,1,2;r8=0,1,2;r9=0,1,2;r10=0,1,2,3;r11=0,1,2,3;r12=0,1,2;r13=0,1,2,3,4;r14=0,1,2;r15=0,1,2,3,4;r16=0,1,2;r17=0,1,2;r18=0,1,2;r19=0,1,2;r20=0,1,2;r21=0,1,2,3,4;r22=0,1,2,3,4,5,6,7;r23=0,1,2,3,4,5,6,7;r24=0,1,2,3;r25=0,1,2;r26=0,1,2,3,4,5,6,7,8;r27=0,1,2,3;r28=0,1,2;r29=0,1,2,3,4,5,6,7;r30=0,1,2,3,4,5,6,7;r31=2,4,1,0,5,3;r32=0,1,2,3,4,5;r33=0,1,2,3,4,5",71be9581
ablation_r31_p09.dl,ablation,"r0=0,1,2,3;r1=0,1,2,3;r2=0,1,2;r3=0,1,2;r4=0,1,2;r5=0,1,2;r6=0,1,2,3;r7=0,1,2;r8=0,1,2;r9=0,1,2;r10=0,1,2,3;r11=0,1,2,3;r12=0,1,2;r13=0,1,2,3,4;r14=0,1,2;r15=0,1,2,3,4;r16=0,1,2;r17=0,1,2;r18=0,1,2;r19=0,1,2;r20=0,1,2;r21=0,1,2,3,4;r22=0,1,2,3,4,5,6,7;r23=0,1,2,3,4,5,6,7;r24=0,1,2,3;r25=0,1,2;r26=0,1,2,3,4,5,6,7,8;r27=0,1,2,3;r28=0,1,2;r29=0,1,2,3,4,5,6,7;r30=0,1,2,3,4,5,6,7;r31=4,5,2,1,0,3;r32=0,1,2,3,4,5;r33=0,1,2,3,4,5",60a1450e
ablation_r31_p10.dl,ablation,"r0=0,1,2,3;r1=0,1,2,3;r2=0,1,2;r3=0,1,2;r4=0,1,2;r5=0,1,2;r6=0,1,2,3;r7=0,1,2;r8=0,1,2;r9=0,1,2;r10=0,1,2,3;r11=0,1,2,3;r12=0,1,2;r13=0,1,2,3,4;r14=0,1,2;r15=0,1,2,3,4;r16=0,1,2;r17=0,1,2;r18=0,1,2;r19=0,1,2;r20=0,1,2;r21=0,1,2,3,4;r22=0,1,2,3,4,5,6,7;r23=0,1,2,3,4,5,6,7;r24=0,1,2,3;r25=0,1,2;r26=0,1,2,3,4,5,6,7,8;r27=0,1,2,3;r28=0,1,2;r29=0,1,2,3,4,5,6,7;r30=0,1,2,3,4,5,6,7;r31=2,4,5,3,1,0;r32=0,1,2,3,4,5;r33=0,1,2,3,4,5",6e252f4b
ablation_r31_p11.dl,ablation,"r0=0,1,2,3;r1=0,1,2,3;r2=0,1,2;r3=0,1,2;r4=0,1,2;r5=0,1,2;r6=0,1,2,3;r7=0,1,2;r8=0,1,2;r9=0,1,2;r10=0,1,2,3;r11=0,1,2,3;r12=0,1,2;r13=0,1,2,3,4;r14=0,1,2;r15=0,1,2,3,4;r16=0,1,2;r17=0,1,2;r18=0,1,2;r19=0,1,2;r20=0,1,2;r21=0,1,2,3,4;r22=0,1,2,3,4,5,6,7;r23=0,1,2,3,4,5,6,7;r24=0,1,2,3;r25=0,1,2;r26=0,1,2,3,4,5,6,7,8;r27=0,1,2,3;r28=0,1,2;r29=0,1,2,3,4,5,6,7;r30=0,1,2,3,4,5,6,7;r31=2,4,3,1,0,5;r32=0,1,2,3,4,5;r33=0,1,2,3,4,5",d2c9ed97
ablation_r31_p12.dl,ablation,"r0=0,1,2,3;r1=0,1,2,3;r2=0,1,2;r3=0,1,2;r4=0,1,2;r5=0,1,2;r6=0,1,2,3;r7=0,1,2;r8=0,1,2;r9=0,1,2;r10=0,1,2,3;r11=0,1,2,3;r12=0,1,2;r13=0,1,2,3,4;r14=0,1,2;r15=0,1,2,3,4;r16=0,1,2;r17=0,1,2;r18=0,1,2;r19=0,1,2;r20=0,1,2;r21=0,1,2,3,4;r22=0,1,2,3,4,5,6,7;r23=0,1,2,3,4,5,6,7;r24=0,1,2,3;r25=0,1,2;r26=0,1,2,3,4,5,6,7,8;r27=0,1,2,3;r28=0,1,2;r29=0,1,2,3,4,5,6,7;r30=0,1,2,3,4,5,6,7;r31=2,3,1,4,5,0;r32=0,1,2,3,4,5;r33=0,1,2,3,4,5",2a2d4cdb
ablation_r32_p01.dl,ablation,"r0=0,1,2,3;r1=0,1,2,3;r2=0,1,2;r3=0,1,2;r4=0,1,2;r5=0,1,2;r6=0,1,2,3;r7=0,1,2;r8=0,1,2;r9=0,1,2;r10=0,1,2,3;r11=0,1,2,3;r12=0,1,2;r13=0,1,2,3,4;r14=0,1,2;r15=0,1,2,3,4;r16=0,1,2;r17=0,1,2;r18=0,1,2;r19=0,1,2;r20=0,1,2;r21=0,1,2,3,4;r22=0,1,2,3,4,5,6,7;r23=0,1,2,3,4,5,6,7;r24=0,1,2,3;r25=0,1,2;r26=0,1,2,3,4,5,6,7,8;r27=0,1,2,3;r28=0,1,2;r29=0,1,2,3,4,5,6,7;r30=0,1,2,3,4,5,6,7;r31=0,1,2,3,4,5;r32=1,4,2,5,3,0;r33=0,1,2,3,4,5",d8ad1a58
ablation_r32_p02.dl,ablation,"r0=0,1,2,3;r1=0,1,2,3;r2=0,1,2;r3=0,1,2;r4=0,1,2;r5=0,1,2;r6=0,1,2,3;r7=0,1,2;r8=0,1,2;r9=0,1,2;r10=0,1,2,3;r11=0,1,2,3;r12=0,1,2;r13=0,1,2,3,4;r14=0,1,2;r15=0,1,2,3,4;r16=0,1,2;r17=0,1,2;r18=0,1,2;r19=0,1,2;r20=0,1,2;r21=0,1,2,3,4;r22=0,1,2,3,4,5,6,7;r23=0,1,2,3,4,5,6,7;r24=0,1,2,3;r25=0,1,2;r26=0,1,2,3,4,5,6,7,8;r27=0,1,2,3;r28=0,1,2;r29=0,1,2,3,4,5,6,7;r30=0,1,2,3,4,5,6,7;r31=0,1,2,3,4,5;r32=2,4,3,1,0,5;r33=0,1,2,3,4,5",b834853e
ablation_r32_p03.dl,ablation,"r0=0,1,2,3;r1=0,1,2,3;r2=0,1,2;r3=0,1,2;r4=0,1,2;r5=0,1,2;r6=0,1,2,3;r7=0,1,2;r8=0,1,2;r9=0,1,2;r10=0,1,2,3;r11=0,1,2,3;r12=0,1,2;r13=0,1,2,3,4;r14=0,1,2;r15=0,1,2,3,4;r16=0,1,2;r17=0,1,2;r18=0,1,2;r19=0,1,2;r20=0,1,2;r21=0,1,2,3,4;r22=0,1,2,3,4,5,6,7;r23=0,1,2,3,4,5,6,7;r24=0,1,2,3;r25=0,1,2;r26=0,1,2,3,4,5,6,7,8;r27=0,1,2,3;r28=0,1,2;r29=0,1,2,3,4,5,6,7;r30=0,1,2,3,4,5,6,7;r31=0,1,2,3,4,5;r32=2,3,1,0,4,5;r33=0,1,2,3,4,5",b5004640
ablation_r32_p04.dl,ablation,"r0=0,1,2,3;r1=0,1,2,3;r2=0,1,2;r3=0,1,2;r4=0,1,2;r5=0,1,2;r6=0,1,2,3;r7=0,1,2;r8=0,1,2;r9=0,1,2;r10=0,1,2,3;r11=0,1,2,3;r12=0,1,2;r13=0,1,2,3,4;r14=0,1,2;r15=0,1,2,3,4;r16=0,1,2;r17=0,1,2;r18=0,1,2;r19=0,1,2;r20=0,1,2;r21=0,1,2,3,4;r22=0,1,2,3,4,5,6,7;r23=0,1,2,3,4,5,6,7;r24=0,1,2,3;r25=0,1,2;r26=0,1,2,3,4,5,6,7,8;r27=0,1,2,3;r28=0,1,2;r29=0,1,2,3,4,5,6,7;r30=0,1,2,3,4,5,6,7;r31=0,1,2,3,4,5;r32=1,2,3,4,0,5;r33=0,1,2,3,4,5",d825d344
ablation_r32_p05.dl,ablation,"r0=0,1,2,3;r1=0,1,2,3;r2=0,1,2;r3=0,1,2;r4=0,1,2;r5=0,1,2;r6=0,1,2,3;r7=0,1,2;r8=0,1,2;r9=0,1,2;r10=0,1,2,3;r11=0,1,2,3;r12=0,1,2;r13=0,1,2,3,4;r14=0,1,2;r15=0,1,2,3,4;r16=0,1,2;r17=0,1,2;r18=0,1,2;r19=0,1,2;r20=0,1,2;r21=0,1,2,3,4;r22=0,1,2,3,4,5,6,7;r23=0,1,2,3,4,5,6,7;r24=0,1,2,3;r25=0,1,2;r26=0,1,2,3,4,5,6,7,8;r27=0,1,2,3;r28=0,1,2;r29=0,1,2,3,4,5,6,7;r30=0,1,2,3,4,5,6,7;r31=0,1,2,3,4,5;r32=1,2,4,5,3,0;r33=0,1,2,3,4,5",af076fb5
ablation_r32_p06.dl,ablation,"r0=0,1,2,3;r1=0,1,2,3;r2=0,1,2;r3=0,1,2;r4=0,1,2;r5=0,1,2;r6=0,1,2,3;r7=0,1,2;r8=0,1,2;r9=0,1,2;r10=0,1,2,3;r11=0,1,2,3;r12=0,1,2;r13=0,1,2,3,4;r14=0,1,2;r15=0,1,2,3,4;r16=0,1,2;r17=0,1,2;r18=0,1,2;r19=0,1,2;r20=0,1,2;r21=0,1,2,3,4;r22=0,1,2,3,4,5,6,7;r23=0,1,2,3,4,5,6,7;r24=0,1,2,3;r25=0,1,2;r26=0,1,2,3,4,5,6,7,8;r27=0,1,2,3;r28=0,1,2;r29=0,1,2,3,4,5,6,7;r30=0,1,2,3,4,5,6,7;r31=0,1,2,3,4,5;r32=1,2,3,0,4,5;r33=0,1,2,3,4,5",8d4f03ed
ablation_r32_p07.dl,ablation,"r0=0,1,2,3;r1=0,1,2,3;r2=0,1,2;r3=0,1,2;r4=0,1,2;r5=0,1,2;r6=0,1,2,3;r7=0,1,2;r8=0,1,2;r9=0,1,2;r10=0,1,2,3;r11=0,1,2,3;r12=0,1,2;r13=0,1,2,3,4;r14=0,1,2;r15=0,1,2,3,4;r16=0,1,2;r17=0,1,2;r18=0,1,2;r19=0,1,2;r20=0,1,2;r21=0,1,2,3,4;r22=0,1,2,3,4,5,6,7;r23=0,1,2,3,4,5,6,7;r24=0,1,2,3;r25=0,1,2;r26=0,1,2,3,4,5,6,7,8;r27=0,1,2,3;r28=0,1,2;r29=0,1,2,3,4,5,6,7;r30=0,1,2,3,4,5,6,7;r31=0,1,2,3,4,5;r32=1,2,4,5,0,3;r33=0,1,2,3,4,5",b61f59ea
ablation_r32_p08.dl,ablation,"r0=0,1,2,3;r1=0,1,2,3;r2=0,1,2;r3=0,1,2;r4=0,1,2;r5=0,1,2;r6=0,1,2,3;r7=0,1,2;r8=0,1,2;r9=0,1,2;r10=0,1,2,3;r11=0,1,2,3;r12=0,1,2;r13=0,1,2,3,4;r14=0,1,2;r15=0,1,2,3,4;r16=0,1,2;r17=0,1,2;r18=0,1,2;r19=0,1,2;r20=0,1,2;r21=0,1,2,3,4;r22=0,1,2,3,4,5,6,7;r23=0,1,2,3,4,5,6,7;r24=0,1,2,3;r25=0,1,2;r26=0,1,2,3,4,5,6,7,8;r27=0,1,2,3;r28=0,1,2;r29=0,1,2,3,4,5,6,7;r30=0,1,2,3,4,5,6,7;r31=0,1,2,3,4,5;r32=2,4,1,0,3,5;r33=0,1,2,3,4,5",42802614
ablation_r32_p09.dl,ablation,"r0=0,1,2,3;r1=0,1,2,3;r2=0,1,2;r3=0,1,2;r4=0,1,2;r5=0,1,2;r6=0,1,2,3;r7=0,1,2;r8=0,1,2;r9=0,1,2;r10=0,1,2,3;r11=0,1,2,3;r12=0,1,2;r13=0,1,2,3,4;r14=0,1,2;r15=0,1,2,3,4;r16=0,1,2;r17=0,1,2;r18=0,1,2;r19=0,1,2;r20=0,1,2;r21=0,1,2,3,4;r22=0,1,2,3,4,5,6,7;r23=0,1,2,3,4,5,6,7;r24=0,1,2,3;r25=0,1,2;r26=0,1,2,3,4,5,6,7,8;r27=0,1,2,3;r28=0,1,2;r29=0,1,2,3,4,5,6,7;r30=0,1,2,3,4,5,6,7;r31=0,1,2,3,4,5;r32=2,3,4,5,1,0;r33=0,1,2,3,4,5",af620bfc
ablation_r32_p10.dl,ablation,"r0=0,1,2,3;r1=0,1,2,3;r2=0,1,2;r3=0,1,2;r4=0,1,2;r5=0,1,2;r6=0,1,2,3;r7=0,1,2;r8=0,1,2;r9=0,1,2;r10=0,1,2,3;r11=0,1,2,3;r12=0,1,2;r13=0,1,2,3,4;r14=0,1,2;r15=0,1,2,3,4;r16=0,1,2;r17=0,1,2;r18=0,1,2;r19=0,1,2;r20=0,1,2;r21=0,1,2,3,4;r22=0,1,2,3,4,5,6,7;r23=0,1,2,3,4,5,6,7;r24=0,1,2,3;r25=0,1,2;r26=0,1,2,3,4,5,6,7,8;r27=0,1,2,3;r28=0,1,2;r29=0,1,2,3,4,5,6,7;r30=0,1,2,3,4,5,6,7;r31=0,1,2,3,4,5;r32=4,5,1,2,0,3;r33=0,1,2,3,4,5",97dd78e3
ablation_r32_p11.dl,ablation,"r0=0,1,2,3;r1=0,1,2,3;r2=0,1,2;r3=0,1,2;r4=0,1,2;r5=0,1,2;r6=0,1,2,3;r7=0,1,2;r8=0,1,2;r9=0,1,2;r10=0,1,2,3;r11=0,1,2,3;r12=0,1,2;r13=0,1,2,3,4;r14=0,1,2;r15=0,1,2,3,4;r16=0,1,2;r17=0,1,2;r18=0,1,2;r19=0,1,2;r20=0,1,2;r21=0,1,2,3,4;r22=0,1,2,3,4,5,6,7;r23=0,1,2,3,4,5,6,7;r24=0,1,2,3;r25=0,1,2;r26=0,1,2,3,4,5,6,7,8;r27=0,1,2,3;r28=0,1,2;r29=0,1,2,3,4,5,6,7;r30=0,1,2,3,4,5,6,7;r31=0,1,2,3,4,5;r32=2,4,1,3,0,5;r33=0,1,2,3,4,5",78d6ad3c
ablation_r32_p12.dl,ablation,"r0=0,1,2,3;r1=0,1,2,3;r2=0,1,2;r3=0,1,2;r4=0,1,2;r5=0,1,2;r6=0,1,2,3;r7=0,1,2;r8=0,1,2;r9=0,1,2;r10=0,1,2,3;r11=0,1,2,3;r12=0,1,2;r13=0,1,2,3,4;r14=0,1,2;r15=0,1,2,3,4;r16=0,1,2;r17=0,1,2;r18=0,1,2;r19=0,1,2;r20=0,1,2;r21=0,1,2,3,4;r22=0,1,2,3,4,5,6,7;r23=0,1,2,3,4,5,6,7;r24=0,1,2,3;r25=0,1,2;r26=0,1,2,3,4,5,6,7,8;r27=0,1,2,3;r28=0,1,2;r29=0,1,2,3,4,5,6,7;r30=0,1,2,3,4,5,6,7;r31=0,1,2,3,4,5;r32=1,4,5,2,0,3;r33=0,1,2,3,4,5",afb7926d
ablation_r33_p01.dl,ablation,"r0=0,1,2,3;r1=0,1,2,3;r2=0,1,2;r3=0,1,2;r4=0,1,2;r5=0,1,2;r6=0,1,2,3;r7=0,1,2;r8=0,1,2;r9=0,1,2;r10=0,1,2,3;r11=0,1,2,3;r12=0,1,2;r13=0,1,2,3,4;r14=0,1,2;r15=0,1,2,3,4;r16=0,1,2;r17=0,1,2;r18=0,1,2;r19=0,1,2;r20=0,1,2;r21=0,1,2,3,4;r22=0,1,2,3,4,5,6,7;r23=0,1,2,3,4,5,6,7;r24=0,1,2,3;r25=0,1,2;r26=0,1,2,3,4,5,6,7,8;r27=0,1,2,3;r28=0,1,2;r29=0,1,2,3,4,5,6,7;r30=0,1,2,3,4,5,6,7;r31=0,1,2,3,4,5;r32=0,1,2,3,4,5;r33=2,4,1,3,0,5",af0dd839
ablation_r33_p02.dl,ablation,"r0=0,1,2,3;r1=0,1,2,3;r2=0,1,2;r3=0,1,2;r4=0,1,2;r5=0,1,2;r6=0,1,2,3;r7=0,1,2;r8=0,1,2;r9=0,1,2;r10=0,1,2,3;r11=0,1,2,3;r12=0,1,2;r13=0,1,2,3,4;r14=0,1,2;r15=0,1,2,3,4;r16=0,1,2;r17=0,1,2;r18=0,1,2;r19=0,1,2;r20=0,1,2;r21=0,1,2,3,4;r22=0,1,2,3,4,5,6,7;r23=0,1,2,3,4,5,6,7;r24=0,1,2,3;r25=0,1,2;r26=0,1,2,3,4,5,6,7,8;r27=0,1,2,3;r28=0,1,2;r29=0,1,2,3,4,5,6,7;r30=0,1,2,3,4,5,6,7;r31=0,1,2,3,4,5;r32=0,1,2,3,4,5;r33=1,4,2,5,3,0",716a7421
ablation_r33_p03.dl,ablation,"r0=0,1,2,3;r1=0,1,2,3;r2=0,1,2;r3=0,1,2;r4=0,1,2;r5=0,1,2;r6=0,1,2,3;r7=0,1,2;r8=0,1,2;r9=0,1,2;r10=0,1,2,3;r11=0,1,2,3;r12=0,1,2;r13=0,1,2,3,4;r14=0,1,2;r15=0,1,2,3,4;r16=0,1,2;r17=0,1,2;r18=0,1,2;r19=0,1,2;r20=0,1,2;r21=0,1,2,3,4;r22=0,1,2,3,4,5,6,7;r23=0,1,2,3,4,5,6,7;r24=0,1,2,3;r25=0,1,2;r26=0,1,2,3,4,5,6,7,8;r27=0,1,2,3;r28=0,1,2;r29=0,1,2,3,4,5,6,7;r30=0,1,2,3,4,5,6,7;r31=0,1,2,3,4,5;r32=0,1,2,3,4,5;r33=1,4,2,3,5,0",f94333ca
ablation_r33_p04.dl,ablation,"r0=0,1,2,3;r1=0,1,2,3;r2=0,1,2;r3=0,1,2;r4=0,1,2;r5=0,1,2;r6=0,1,2,3;r7=0,1,2;r8=0,1,2;r9=0,1,2;r10=0,1,2,3;r11=0,1,2,3;r12=0,1,2;r13=0,1,2,3,4;r14=0,1,2;r15=0,1,2,3,4;r16=0,1,2;r17=0,1,2;r18=0,1,2;r19=0,1,2;r20=0,1,2;r21=0,1,2,3,4;r22=0,1,2,3,4,5,6,7;r23=0,1,2,3,4,5,6,7;r24=0,1,2,3;r25=0,1,2;r26=0,1,2,3,4,5,6,7,8;r27=0,1,2,3;r28=0,1,2;r29=0,1,2,3,4,5,6,7;r30=0,1,2,3,4,5,6,7;r31=0,1,2,3,4,5;r32=0,1,2,3,4,5;r33=1,2,4,3,5,0",8a2f5e0b
ablation_r33_p05.dl,ablation,"r0=0,1,2,3;r1=0,1,2,3;r2=0,1,2;r3=0,1,2;r4=0,1,2;r5=0,1,2;r6=0,1,2,3;r7=0,1,2;r8=0,1,2;r9=0,1,2;r10=0,1,2,3;r11=0,1,2,3;r12=0,1,2;r13=0,1,2,3,4;r14=0,1,2;r15=0,1,2,3,4;r16=0,1,2;r17=0,1,2;r18=0,1,2;r19=0,1,2;r20=0,1,2;r21=0,1,2,3,4;r22=0,1,2,3,4,5,6,7;r23=0,1,2,3,4,5,6,7;r24=0,1,2,3;r25=0,1,2;r26=0,1,2,3,4,5,6,7,8;r27=0,1,2,3;r28=0,1,2;r29=0,1,2,3,4,5,6,7;r30=0,1,2,3,4,5,6,7;r31=0,1,2,3,4,5;r32=0,1,2,3,4,5;r33=1,2,3,0,4,5",a87acd64
ablation_r33_p06.dl,ablation,"r0=0,1,2,3;r1=0,1,2,3;r2=0,1,2;r3=0,1,2;r4=0,1,2;r5=0,1,2;r6=0,1,2,3;r7=0,1,2;r8=0,1,2;r9=0,1,2;r10=0,1,2,3;r11=0,1,2,3;r12=0,1,2;r13=0,1,2,3,4;r14=0,1,2;r15=0,1,2,3,4;r16=0,1,2;r17=0,1,2;r18=0,1,2;r19=0,1,2;r20=0,1,2;r21=0,1,2,3,4;r22=0,1,2,3,4,5,6,7;r23=0,1,2,3,4,5,6,7;r24=0,1,2,3;r25=0,1,2;r26=0,1,2,3,4,5,6,7,8;r27=0,1,2,3;r28=0,1,2;r29=0,1,2,3,4,5,6,7;r30=0,1,2,3,4,5,6,7;r31=0,1,2,3,4,5;r32=0,1,2,3,4,5;r33=2,3,4,1,0,5",b5baa30d
ablation_r33_p07.dl,ablation,"r0=0,1,2,3;r1=0,1,2,3;r2=0,1,2;r3=0,1,2;r4=0,1,2;r5=0,1,2;r6=0,1,2,3;r7=0,1,2;r8=0,1,2;r9=0,1,2;r10=0,1,2,3;r11=0,1,2,3;r12=0,1,2;r13=0,1,2,3,4;r14=0,1,2;r15=0,1,2,3,4;r16=0,1,2;r17=0,1,2;r18=0,1,2;r19=0,1,2;r20=0,1,2;r21=0,1,2,3,4;r22=0,1,2,3,4,5,6,7;r23=0,1,2,3,4,5,6,7;r24=0,1,2,3;r25=0,1,2;r26=0,1,2,3,4,5,6,7,8;r27=0,1,2,3;r28=0,1,2;r29=0,1,2,3,4,5,6,7;r30=0,1,2,3,4,5,6,7;r31=0,1,2,3,4,5;r32=0,1,2,3,4,5;r33=2,3,1,4,5,0",bc06085f
ablation_r33_p08.dl,ablation,"r0=0,1,2,3;r1=0,1,2,3;r2=0,1,2;r3=0,1,2;r4=0,1,2;r5=0,1,2;r6=0,1,2,3;r7=0,1,2;r8=0,1,2;r9=0,1,2;r10=0,1,2,3;r11=0,1,2,3;r12=0,1,2;r13=0,1,2,3,4;r14=0,1,2;r15=0,1,2,3,4;r16=0,1,2;r17=0,1,2;r18=0,1,2;r19=0,1,2;r20=0,1,2;r21=0,1,2,3,4;r22=0,1,2,3,4,5,6,7;r23=0,1,2,3,4,5,6,7;r24=0,1,2,3;r25=0,1,2;r26=0,1,2,3,4,5,6,7,8;r27=0,1,2,3;r28=0,1,2;r29=0,1,2,3,4,5,6,7;r30=0,1,2,3,4,5,6,7;r31=0,1,2,3,4,5;r32=0,1,2,3,4,5;r33=1,2,0,3,4,5",f549aa80
ablation_r33_p09.dl,ablation,"r0=0,1,2,3;r1=0,1,2,3;r2=0,1,2;r3=0,1,2;r4=0,1,2;r5=0,1,2;r6=0,1,2,3;r7=0,1,2;r8=0,1,2;r9=0,1,2;r10=0,1,2,3;r11=0,1,2,3;r12=0,1,2;r13=0,1,2,3,4;r14=0,1,2;r15=0,1,2,3,4;r16=0,1,2;r17=0,1,2;r18=0,1,2;r19=0,1,2;r20=0,1,2;r21=0,1,2,3,4;r22=0,1,2,3,4,5,6,7;r23=0,1,2,3,4,5,6,7;r24=0,1,2,3;r25=0,1,2;r26=0,1,2,3,4,5,6,7,8;r27=0,1,2,3;r28=0,1,2;r29=0,1,2,3,4,5,6,7;r30=0,1,2,3,4,5,6,7;r31=0,1,2,3,4,5;r32=0,1,2,3,4,5;r33=0,1,4,2,5,3",1ea5a73c
ablation_r33_p10.dl,ablation,"r0=0,1,2,3;r1=0,1,2,3;r2=0,1,2;r3=0,1,2;r4=0,1,2;r5=0,1,2;r6=0,1,2,3;r7=0,1,2;r8=0,1,2;r9=0,1,2;r10=0,1,2,3;r11=0,1,2,3;r12=0,1,2;r13=0,1,2,3,4;r14=0,1,2;r15=0,1,2,3,4;r16=0,1,2;r17=0,1,2;r18=0,1,2;r19=0,1,2;r20=0,1,2;r21=0,1,2,3,4;r22=0,1,2,3,4,5,6,7;r23=0,1,2,3,4,5,6,7;r24=0,1,2,3;r25=0,1,2;r26=0,1,2,3,4,5,6,7,8;r27=0,1,2,3;r28=0,1,2;r29=0,1,2,3,4,5,6,7;r30=0,1,2,3,4,5,6,7;r31=0,1,2,3,4,5;r32=0,1,2,3,4,5;r33=1,2,0,4,5,3",dace2c2c
ablation_r33_p11.dl,ablation,"r0=0,1,2,3;r1=0,1,2,3;r2=0,1,2;r3=0,1,2;r4=0,1,2;r5=0,1,2;r6=0,1,2,3;r7=0,1,2;r8=0,1,2;r9=0,1,2;r10=0,1,2,3;r11=0,1,2,3;r12=0,1,2;r13=0,1,2,3,4;r14=0,1,2;r15=0,1,2,3,4;r16=0,1,2;r17=0,1,2;r18=0,1,2;r19=0,1,2;r20=0,1,2;r21=0,1,2,3,4;r22=0,1,2,3,4,5,6,7;r23=0,1,2,3,4,5,6,7;r24=0,1,2,3;r25=0,1,2;r26=0,1,2,3,4,5,6,7,8;r27=0,1,2,3;r28=0,1,2;r29=0,1,2,3,4,5,6,7;r30=0,1,2,3,4,5,6,7;r31=0,1,2,3,4,5;r32=0,1,2,3,4,5;r33=1,2,3,4,0,5",1b0c86ec
ablation_r33_p12.dl,ablation,"r0=0,1,2,3;r1=0,1,2,3;r2=0,1,2;r3=0,1,2;r4=0,1,2;r5=0,1,2;r6=0,1,2,3;r7=0,1,2;r8=0,1,2;r9=0,1,2;r10=0,1,2,3;r11=0,1,2,3;r12=0,1,2;r13=0,1,2,3,4;r14=0,1,2;r15=0,1,2,3,4;r16=0,1,2;r17=0,1,2;r18=0,1,2;r19=0,1,2;r20=0,1,2;r21=0,1,2,3,4;r22=0,1,2,3,4,5,6,7;r23=0,1,2,3,4,5,6,7;r24=0,1,2,3;r25=0,1,2;r26=0,1,2,3,4,5,6,7,8;r27=0,1,2,3;r28=0,1,2;r29=0,1,2,3,4,5,6,7;r30=0,1,2,3,4,5,6,7;r31=0,1,2,3,4,5;r32=0,1,2,3,4,5;r33=2,4,1,5,3,0",a9ca54f3
sample_0001.dl,sample,"r0=0,2,1,3;r1=2,3,0,1;r2=0,2,1;r3=1,2,0;r4=0,1,2;r5=0,2,1;r6=1,2,0,3;r7=1,2,0;r8=0,2,1;r9=1,2,0;r10=1,2,0,3;r11=1,3,0,2;r12=0,1,2;r13=0,4,2,3,1;r14=0,1,2;r15=3,4,2,1,0;r16=1,2,0;r17=1,2,0;r18=0,1,2;r19=0,2,1;r20=1,2,0;r21=1,2,0,4,3;r22=2,5,1,3,0,4,6,7;r23=0,1,2,3,4,7,6,5;r24=1,3,2,0;r25=1,2,0;r26=5,7,1,2,4,3,0,6,8;r27=0,1,3,2;r28=0,1,2;r29=2,5,1,6,0,7,3,4;r30=5,7,1,4,2,0,6,3;r31=2,4,1,3,0,5;r32=1,2,4,0,3,5;r33=1,2,3,0,4,5",40c8ded6
sample_0002.dl,sample,"r0=0,3,2,1;r1=0,2,1,3;r2=1,2,0;r3=1,2,0;r4=0,1,2;r5=1,2,0;r6=0,3,2,1;r7=0,2,1;r8=0,1,2;r9=0,1,2;r10=1,2,0,3;r11=2,3,1,0;r12=0,2,1;r13=0,2,1,4,3;r14=0,1,2;r15=1,3,0,4,2;r16=0,1,2;r17=0,1,2;r18=1,2,0;r19=0,2,1;r20=0,1,2;r21=2,3,1,4,0;r22=4,7,6,5,3,1,2,0;r23=1,2,3,4,7,6,0,5;r24=0,1,3,2;r25=1,2,0;r26=5,7,4,1,8,0,6,2,3;r27=0,1,3,2;r28=1,2,0;r29=5,7,2,6,1,0,4,3;r30=6,7,5,1,4,2,0,3;r31=1,4,5,0,2,3;r32=1,2,4,0,5,3;r33=2,3,4,1,5,0",43761ac6
sample_0003.dl,sample,"r0=2,3,1,0;r1=2,3,1,0;r2=0,1,2;r3=1,2,0;r4=0,2,1;r5=0,2,1;r6=2,3,0,1;r7=1,2,0;r8=0,2,1;r9=0,2,1;r10=1,3,0,2;r11=1,2,3,0;r12=0,1,2;r13=0,2,1,4,3;r14=0,1,2;r15=0,1,3,4,2;r16=1,2,0;r17=0,1,2;r18=1,2,0;r19=0,1,2;r20=0,1,2;r21=0,1,2,3,4;r22=1,2,0,3,5,4,6,7;r23=4,7,1,0,6,2,5,3;r24=1,3,2,0;r25=0,1,2;r26=2,3,4,7,1,5,0,6,8;r27=0,1,2,3;r28=0,1,2;r29=2,5,6,7,1,4,3,0;r30=1,2,5,3,0,7,4,6;r31=2,3,1,4,5,0;r32=1,2,4,3,5,0;r33=1,2,4,5,3,0",a7e84e45
sample_0004.dl,sample,"r0=2,3,0,1;r1=1,2,3,0;r2=0,1,2;r3=1,2,0;r4=0,1,2;r5=1,2,0;r6=1,3,2,0;r7=1,2,0;r8=0,2,1;r9=0,1,2;r10=2,3,1,0;r11=1,2,3,0;r12=0,2,1;r13=0,2,1,3,4;r14=0,1,2;r15=1,2,0,3,4;r16=1,2,0;r17=1,2,0;r18=0,2,1;r19=0,2,1;r20=1,2,0;r21=0,1,2,4,3;r22=3,4,7,1,6,5,2,0;r23=2,5,6,7,1,4,0,3;r24=1,3,2,0;r25=0,1,2;r26=1,2,5,7,6,0,4,8,3;r27=1,2,3,0;r28=1,2,0;r29=1,5,0,6,2,3,7,4;r30=2,3,4,1,7,0,5,6;r31=1,2,4,0,3,5;r32=1,2,4,0,3,5;r33=2,3,4,1,5,0",a19fa0e1
sample_0005.dl,sample,"r0=1,2,3,0;r1=0,2,1,3;r2=0,2,1;r3=0,1,2;r4=0,2,1;r5=0,2,1;r6=0,2,3,1;r7=0,1,2;r8=0,2,1;r9=1,2,0;r10=0,1,2,3;r11=0,1,2,3;r12=1,2,0;r13=0,3,4,2,1;r14=0,1,2;r15=0,1,3,4,2;r16=0,1,2;r17=0,1,2;r18=0,2,1;r19=0,2,1;r20=1,2,0;r21=1,2,3,0,4;r22=6,7,4,3,5,2,1,0;r23=1,4,2,7,6,5,0,3;r24=0,1,2,3;r25=0,1,2;r26=3,4,2,7,5,8,6,1,0;r27=0,1,2,3;r28=1,2,0;r29=2,3,5,4,1,6,0,7;r30=4,7,6,1,2,5,3,0;r31=1,4,0,2,3,5;r32=1,4,5,0,2,3;r33=2,4,3,5,1,0",e9647a25
sample_0006.dl,sample,"r0=2,3,1,0;r1=1,3,0,2;r2=1,2,0;r3=1,2,0;r4=0,2,1;r5=0,1,2;r6=0,2,3,1;r7=0,2,1;r8=0,1,2;r9=0,1,2;r10=1,3,0,2;r11=1,3,2,0;r12=1,2,0;r13=0,1,2,4,3;r14=1,2,0;r15=0,1,3,2,4;r16=0,1,2;r17=1,2,0;r18=1,2,0;r19=0,1,2;r20=0,1,2;r21=2,3,1,0,4;r22=1,2,0,5,3,4,7,6;r23=5,6,7,3,4,1,2,0;r24=0,1,3,2;r25=0,1,2;r26=6,7,1,0,2,3,5,4,8;r27=0,1,2,3;r28=0,1,2;r29=2,6,7,5,1,4,3,0;r30=1,5,2,3,0,7,6,4;r31=2,4,1,0,3,5;r32=1,2,4,3,5,0;r33=2,4,1,0,5,3",8af3978d
sample_0007.dl,sample,"r0=1,3,2,0;r1=0,1,2,3;r2=1,2,0;r3=0,1,2;r4=0,2,1;r5=1,2,0;r6=1,3,2,0;r7=1,2,0;r8=1,2,0;r9=0,2,1;r10=1,2,0,3;r11=0,1,3,2;r12=1,2,0;r13=0,4,3,1,2;r14=1,2,0;r15=1,3,0,4,2;r16=1,2,0;r17=1,2,0;r18=0,1,2;r19=0,2,1;r20=1,2,0;r21=1,4,0,2,3;r22=4,7,6,3,1,5,2,0;r23=1,2,0,4,3,5,6,7;r24=0,1,2,3;r25=1,2,0;r26=6,7,1,8,2,4,3,0,5;r27=1,3,0,2;r28=0,1,2;r29=1,2,5,3,6,4,0,7;r30=5,7,4,2,3,1,0,6;r31=1,2,4,0,5,3;r32=2,3,1,4,5,0;r33=1,2,4,5,0,3",ec8caca3
sample_0008.dl,sample,"r0=0,2,1,3;r1=0,3,2,1;r2=0,1,2;r3=0,1,2;r4=0,2,1;r5=0,2,1;r6=0,2,1,3;r7=0,2,1;r8=1,2,0;r9=1,2,0;r10=1,2,0,3;r11=1,3,0,2;r12=1,2,0;r13=0,3,4,1,2;r14=0,1,2;r15=3,4,2,1,0;r16=1,2,0;r17=0,1,2;r18=0,1,2;r19=0,2,1;r20=0,1,2;r21=0,1,4,3,2;r22=4,7,6,3,1,0,5,2;r23=2,5,1,4,3,0,7,6;r24=0,1,3,2;r25=1,2,0;r26=2,5,6,1,0,3,7,8,4;r27=1,3,0,2;r28=0,1,2;r29=2,5,7,4,3,6,1,0;r30=1,6,7,0,2,4,5,3;r31=2,4,3,1,5,0;r32=2,4,1,5,0,3;r33=1,2,4,5,0,3",c0cc962a
sample_0009.dl,sample,"r0=1,3,0,2;r1=1,2,3,0;r2=0,2,1;r3=0,1,2;r4=0,1,2;r5=1,2,0;r6=1,2,0,3;r7=0,2,1;r8=0,1,2;r9=0,1,2;r10=1,2,0,3;r11=2,3,1,0;r12=0,1,2;r13=0,4,2,1,3;r14=1,2,0;r15=1,2,3,4,0;r16=1,2,0;r17=1,2,0;r18=1,2,0;r19=0,1,2;r20=0,1,2;r21=0,1,4,2,3;r22=6,7,5,2,1,3,4,0;r23=3,5,6,2,1,7,4,0;r24=0,1,3,2;r25=0,1,2;r26=2,6,7,8,5,3,1,4,0;r27=1,3,0,2;r28=0,1,2;r29=4,7,3,2,1,6,0,5;r30=1,5,2,6,7,3,0,4;r31=0,1,2,4,5,3;r32=1,4,0,2,5,3;r33=1,4,2,3,0,5",7c325242
sample_0010.dl,sample,"r0=0,1,2,3;r1=0,3,2,1;r2=0,1,2;r3=1,2,0;r4=0,1,2;r5=1,2,0;r6=0,1,3,2;r7=0,2,1;r8=1,2,0;r9=0,2,1;r10=1,3,0,2;r11=1,3,2,0;r12=0,1,2;r13=0,2,1,4,3;r14=0,1,2;r15=1,2,3,4,0;r16=1,2,0;r17=0,1,2;r18=0,1,2;r19=0,2,1;r20=1,2,0;r21=3,4,2,1,0;r22=6,7,4,3,5,2,1,0;r23=4,7,1,6,0,2,5,3;r24=2,3,1,0;r25=0,1,2;r26=2,5,1,7,4,3,6,8,0;r27=0,1,3,2;r28=0,1,2;r29=2,6,5,1,3,4,0,7;r30=1,2,0,5,7,3,4,6;r31=2,3,1,0,4,5;r32=1,2,4,3,0,5;r33=1,2,4,0,3,5",e1c233c3
sample_0011.dl,sample,"r0=1,2,3,0;r1=0,3,2,1;r2=0,2,1;r3=0,1,2;r4=0,1,2;r5=0,1,2;r6=2,3,0,1;r7=0,1,2;r8=0,2,1;r9=0,2,1;r10=1,2,0,3;r11=2,3,1,0;r12=0,1,2;r13=1,3,0,2,4;r14=1,2,0;r15=1,3,4,2,0;r16=1,2,0;r17=1,2,0;r18=0,1,2;r19=0,1,2;r20=1,2,0;r21=1,2,0,4,3;r22=3,4,1,2,0,5,6,7;r23=1,2,5,4,6,0,7,3;r24=0,1,2,3;r25=0,1,2;r26=6,7,1,0,4,2,5,8,3;r27=1,2,3,0;r28=1,2,0;r29=2,5,3,4,1,0,6,7;r30=4,7,3,6,2,1,5,0;r31=2,4,1,3,0,5;r32=2,3,1,4,5,0;r33=1,2,0,4,3,5",f6cfa745
sample_0012.dl,sample,"r0=1,2,0,3;r1=1,3,2,0;r2=0,1,2;r3=0,2,1;r4=0,1,2;r5=1,2,0;r6=1,2,0,3;r7=0,1,2;r8=1,2,0;r9=1,2,0;r10=1,3,2,0;r11=1,3,2,0;r12=1,2,0;r13=0,4,3,2,1;r14=0,1,2;r15=1,3,4,2,0;r16=1,2,0;r17=0,1,2;r18=1,2,0;r19=0,2,1;r20=1,2,0;r21=3,4,2,1,0;r22=6,7,4,3,1,0,2,5;r23=1,2,3,4,7,5,6,0;r24=1,3,2,0;r25=1,2,0;r26=5,7,1,4,2,6,8,3,0;r27=1,2,0,3;r28=1,2,0;r29=2,5,6,3,1,0,4,7;r30=2,6,7,5,1,0,3,4;r31=2,4,3,5,1,0;r32=1,4,0,2,3,5;r33=2,3,4,5,1,0",4b8b081b
sample_0013.dl,sample,"r0=0,2,1,3;r1=0,2,3,1;r2=0,2,1;r3=1,2,0;r4=0,2,1;r5=1,2,0;r6=2,3,1,0;r7=0,1,2;r8=1,2,0;r9=1,2,0;r10=1,2,0,3;r11=1,2,3,0;r12=1,2,0;r13=2,4,0,1,3;r14=0,1,2;r15=1,3,2,4,0;r16=1,2,0;r17=0,1,2;r18=0,2,1;r19=0,2,1;r20=1,2,0;r21=1,4,3,0,2;r22=2,5,1,0,3,6,4,7;r23=3,5,2,1,6,7,0,4;r24=0,1,3,2;r25=1,2,0;r26=7,8,6,5,4,2,1,0,3;r27=0,1,3,2;r28=0,1,2;r29=2,3,6,5,4,1,0,7;r30=5,7,1,6,4,3,2,0;r31=2,4,3,1,0,5;r32=2,4,1,5,0,3;r33=2,4,1,3,5,0",17416d67
sample_0014.dl,sample,"r0=0,3,2,1;r1=0,1,3,2;r2=0,1,2;r3=1,2,0;r4=0,2,1;r5=0,1,2;r6=0,2,3,1;r7=0,1,2;r8=0,1,2;r9=0,1,2;r10=0,1,3,2;r11=1,2,3,0;r12=1,2,0;r13=2,4,0,3,1;r14=0,1,2;r15=2,3,4,1,0;r16=1,2,0;r17=0,1,2;r18=1,2,0;r19=0,2,1;r20=1,2,0;r21=1,4,2,0,3;r22=1,2,5,6,7,3,0,4;r23=1,2,4,0,5,3,7,6;r24=1,3,2,0;r25=0,1,2;r26=1,5,6,0,7,4,3,8,2;r27=1,2,3,0;r28=0,1,2;r29=1,6,2,0,7,3,4,5;r30=5,7,2,1,3,4,6,0;r31=1,4,5,2,3,0;r32=0,1,4,2,3,5;r33=2,3,4,5,1,0",8c43856e
sample_0015.dl,sample,"r0=0,2,3,1;r1=0,1,3,2;r2=0,2,1;r3=0,1,2;r4=0,2,1;r5=1,2,0;r6=1,3,0,2;r7=1,2,0;r8=1,2,0;r9=0,2,1;r10=2,3,1,0;r11=1,2,3,0;r12=1,2,0;r13=2,4,0,1,3;r14=1,2,0;r15=3,4,2,1,0;r16=1,2,0;r17=0,1,2;r18=1,2,0;r19=0,2,1;r20=1,2,0;r21=1,2,4,0,3;r22=4,7,6,3,1,5,2,0;r23=1,2,5,3,6,0,7,4;r24=2,3,1,0;r25=1,2,0;r26=5,7,1,8,6,2,4,3,0;r27=1,2,3,0;r28=0,1,2;r29=2,3,6,1,0,7,4,5;r30=4,7,5,1,2,3,6,0;r31=0,1,4,2,5,3;r32=2,4,5,1,0,3;r33=1,4,0,2,3,5",e61b2bc0
sample_0016.dl,sample,"r0=0,2,3,1;r1=0,3,1,2;r2=0,2,1;r3=0,2,1;r4=1,2,0;r5=0,1,2;r6=0,2,1,3;r7=0,1,2;r8=0,1,2;r9=0,2,1;r10=1,3,2,0;r11=0,1,3,2;r12=1,2,0;r13=0,2,1,3,4;r14=0,1,2;r15=2,3,1,4,0;r16=1,2,0;r17=1,2,0;r18=1,2,0;r19=0,2,1;r20=1,2,0;r21=0,1,2,4,3;r22=1,2,5,3,4,7,6,0;r23=5,6,3,7,4,1,0,2;r24=1,2,3,0;r25=1,2,0;r26=5,7,8,1,4,6,3,0,2;r27=1,3,2,0;r28=0,1,2;r29=6,7,2,1,3,0,4,5;r30=2,6,3,7,5,1,4,0;r31=2,3,1,0,4,5;r32=0,1,2,3,4,5;r33=1,4,2,0,5,3",51432ca2
sample_0017.dl,sample,"r0=0,3,1,2;r1=1,2,0,3;r2=0,2,1;r3=1,2,0;r4=1,2,0;r5=1,2,0;r6=1,3,0,2;r7=1,2,0;r8=0,1,2;r9=0,2,1;r10=0,1,3,2;r11=1,2,0,3;r12=0,2,1;r13=0,3,2,4,1;r14=0,1,2;r15=2,3,1,0,4;r16=1,2,0;r17=1,2,0;r18=1,2,0;r19=0,1,2;r20=1,2,0;r21=1,2,0,3,4;r22=3,4,1,7,2,0,6,5;r23=2,5,1,3,0,6,7,4;r24=0,1,2,3;r25=1,2,0;r26=5,7,8,4,6,1,2,0,3;r27=1,3,0,2;r28=0,1,2;r29=1,2,5,7,4,6,3,0;r30=3,4,7,6,5,2,1,0;r31=1,2,0,4,5,3;r32=1,4,5,2,3,0;r33=1,2,3,4,5,0",9707ebad
sample_0018.dl,sample,"r0=0,1,2,3;r1=0,3,1,2;r2=0,2,1;r3=0,2,1;r4=0,1,2;r5=0,2,1;r6=0,3,2,1;r7=0,2,1;r8=0,2,1;r9=0,2,1;r10=2,3,1,0;r11=2,3,1,0;r12=0,2,1;r13=0,2,3,1,4;r14=0,1,2;r15=3,4,1,0,2;r16=0,1,2;r17=0,1,2;r18=0,2,1;r19=0,1,2;r20=0,1,2;r21=3,4,1,2,0;r22=0,1,3,2,5,4,6,7;r23=4,7,6,1,2,0,5,3;r24=0,1,2,3;r25=0,1,2;r26=1,6,7,5,2,0,4,3,8;r27=0,1,2,3;r28=0,1,2;r29=2,3,1,6,0,4,7,5;r30=1,5,2,6,3,4,7,0;r31=2,3,1,0,4,5;r32=2,4,3,1,0,5;r33=1,2,0,4,3,5",c4d0921f
sample_0019.dl,sample,"r0=1,3,2,0;r1=0,2,3,1;r2=0,2,1;r3=1,2,0;r4=0,2,1;r5=0,2,1;r6=0,2,1,3;r7=1,2,0;r8=1,2,0;r9=1,2,0;r10=1,3,2,0;r11=0,1,2,3;r12=0,1,2;r13=0,2,3,4,1;r14=0,1,2;r15=0,1,2,3,4;r16=1,2,0;r17=1,2,0;r18=0,2,1;r19=0,1,2;r20=0,1,2;r21=2,3,4,1,0;r22=3,4,7,6,5,2,1,0;r23=5,6,3,7,2,1,4,0;r24=1,3,2,0;r25=0,1,2;r26=1,5,2,7,4,6,0,8,3;r27=1,3,2,0;r28=1,2,0;r29=6,7,4,3,5,2,1,0;r30=1,5,2,3,4,6,7,0;r31=4,5,1,2,3,0;r32=2,4,1,0,3,5;r33=4,5,1,2,3,0",7ad58e19
sample_0020.dl,sample,"r0=0,1,2,3;r1=0,3,2,1;r2=1,2,0;r3=0,2,1;r4=1,2,0;r5=0,2,1;r6=0,1,3,2;r7=1,2,0;r8=1,2,0;r9=0,2,1;r10=0,1,2,3;r11=2,3,1,0;r12=0,2,1;r13=2,4,0,1,3;r14=1,2,0;r15=1,2,0,3,4;r16=1,2,0;r17=1,2,0;r18=1,2,0;r19=0,2,1;r20=0,1,2;r21=1,4,2,3,0;r22=1,2,5,0,3,6,4,7;r23=4,7,1,6,0,2,3,5;r24=1,3,0,2;r25=1,2,0;r26=6,7,1,5,2,3,4,0,8;r27=1,3,0,2;r28=1,2,0;r29=4,7,6,5,1,3,0,2;r30=4,7,3,6,1,5,0,2;r31=4,5,2,1,3,0;r32=2,4,5,1,3,0;r33=2,4,1,0,5,3",526b1ada
sample_0021.dl,sample,"r0=0,3,1,2;r1=0,3,2,1;r2=0,1,2;r3=0,1,2;r4=0,2,1;r5=0,2,1;r6=0,2,3,1;r7=0,2,1;r8=1,2,0;r9=1,2,0;r10=1,3,2,0;r11=1,2,3,0;r12=0,2,1;r13=0,1,2,3,4;r14=1,2,0;r15=1,3,4,0,2;r16=0,1,2;r17=1,2,0;r18=0,1,2;r19=0,2,1;r20=1,2,0;r21=1,4,0,2,3;r22=1,3,0,4,7,6,5,2;r23=6,7,4,5,1,0,2,3;r24=1,3,0,2;r25=1,2,0;r26=5,7,4,3,1,8,0,6,2;r27=0,1,2,3;r28=0,1,2;r29=1,2,6,0,3,4,5,7;r30=2,3,1,6,5,0,4,7;r31=2,4,5,1,3,0;r32=1,4,2,5,3,0;r33=2,3,1,4,0,5",c7d96537
sample_0022.dl,sample,"r0=1,3,0,2;r1=0,2,3,1;r2=1,2,0;r3=0,2,1;r4=1,2,0;r5=1,2,0;r6=1,2,3,0;r7=0,2,1;r8=0,1,2;r9=0,1,2;r10=1,2,0,3;r11=0,1,3,2;r12=0,2,1;r13=0,4,3,1,2;r14=0,1,2;r15=1,3,2,4,0;r16=1,2,0;r17=1,2,0;r18=1,2,0;r19=0,2,1;r20=1,2,0;r21=2,3,1,4,0;r22=1,3,2,5,0,4,7,6;r23=1,4,2,3,7,5,0,6;r24=1,3,2,0;r25=1,2,0;r26=2,5,3,1,0,6,7,4,8;r27=1,2,0,3;r28=1,2,0;r29=2,3,1,4,6,7,0,5;r30=1,5,2,3,4,6,0,7;r31=2,4,5,1,3,0;r32=1,2,4,0,3,5;r33=1,4,0,5,2,3",ebeb4a48
sample_0023.dl,sample,"r0=0,1,3,2;r1=2,3,1,0;r2=1,2,0;r3=1,2,0;r4=0,1,2;r5=0,1,2;r6=0,2,3,1;r7=1,2,0;r8=0,2,1;r9=0,2,1;r10=1,3,2,0;r11=1,3,0,2;r12=1,2,0;r13=0,4,1,3,2;r14=1,2,0;r15=1,2,0,3,4;r16=0,1,2;r17=1,2,0;r18=0,1,2;r19=0,2,1;r20=0,1,2;r21=1,2,4,3,0;r22=0,1,2,3,5,6,7,4;r23=4,7,1,0,6,5,2,3;r24=1,3,0,2;r25=0,1,2;r26=2,5,3,4,1,0,6,7,8;r27=0,1,2,3;r28=0,1,2;r29=5,7,6,4,2,1,0,3;r30=2,5,1,3,0,4,6,7;r31=2,4,3,5,1,0;r32=1,2,0,4,5,3;r33=2,4,1,5,0,3",979b5a94
sample_0024.dl,sample,"r0=1,2,3,0;r1=0,1,3,2;r2=0,1,2;r3=1,2,0;r4=0,2,1;r5=0,2,1;r6=1,2,3,0;r7=0,2,1;r8=0,2,1;r9=0,1,2;r10=0,1,2,3;r11=1,2,0,3;r12=0,2,1;r13=0,1,3,4,2;r14=0,1,2;r15=2,3,1,0,4;r16=1,2,0;r17=0,1,2;r18=1,2,0;r19=0,1,2;r20=0,1,2;r21=1,2,0,3,4;r22=5,6,2,7,1,4,3,0;r23=2,5,1,4,6,7,3,0;r24=1,2,0,3;r25=0,1,2;r26=2,3,6,4,7,1,8,0,5;r27=0,1,2,3;r28=1,2,0;r29=6,7,5,1,4,0,3,2;r30=6,7,4,2,1,5,3,0;r31=4,5,1,2,3,0;r32=2,4,1,3,5,0;r33=1,2,4,3,0,5",859e3228
sample_0025.dl,sample,"r0=1,3,0,2;r1=1,2,0,3;r2=0,2,1;r3=0,2,1;r4=0,2,1;r5=1,2,0;r6=1,2,0,3;r7=0,2,1;r8=1,2,0;r9=1,2,0;r10=0,1,2,3;r11=1,3,0,2;r12=1,2,0;r13=0,1,3,4,2;r14=0,1,2;r15=1,3,0,2,4;r16=1,2,0;r17=0,1,2;r18=0,1,2;r19=0,1,2;r20=0,1,2;r21=2,3,1,4,0;r22=1,2,0,3,5,6,4,7;r23=1,2,4,0,7,6,3,5;r24=0,1,2,3;r25=1,2,0;r26=4,7,6,8,5,2,1,3,0;r27=1,3,2,0;r28=1,2,0;r29=2,5,1,0,7,4,3,6;r30=1,2,0,3,4,6,7,5;r31=1,2,4,3,0,5;r32=1,4,0,2,3,5;r33=2,4,5,1,0,3",03066d75
sample_0026.dl,sample,"r0=0,3,1,2;r1=2,3,1,0;r2=0,2,1;r3=0,1,2;r4=1,2,0;r5=0,1,2;r6=0,3,1,2;r7=1,2,0;r8=1,2,0;r9=1,2,0;r10=2,3,1,0;r11=0,1,3,2;r12=0,2,1;r13=0,1,3,4,2;r14=0,1,2;r15=1,2,3,0,4;r16=1,2,0;r17=0,1,2;r18=0,1,2;r19=0,1,2;r20=0,1,2;r21=1,2,4,3,0;r22=3,4,1,2,5,6,7,0;r23=4,7,1,6,5,3,2,0;r24=2,3,1,0;r25=1,2,0;r26=4,7,6,2,8,1,0,5,3;r27=0,1,2,3;r28=1,2,0;r29=2,5,1,7,3,4,6,0;r30=2,6,7,5,1,0,3,4;r31=1,2,4,5,3,0;r32=2,3,1,4,5,0;r33=2,3,4,1,5,0",9031705d
sample_0027.dl,sample,"r0=1,2,3,0;r1=1,2,3,0;r2=0,1,2;r3=1,2,0;r4=0,1,2;r5=0,2,1;r6=2,3,1,0;r7=0,2,1;r8=1,2,0;r9=0,2,1;r10=0,1,2,3;r11=0,1,2,3;r12=0,1,2;r13=0,4,2,3,1;r14=0,1,2;r15=1,3,2,0,4;r16=0,1,2;r17=0,1,2;r18=0,2,1;r19=0,2,1;r20=1,2,0;r21=1,2,0,4,3;r22=3,4,1,2,0,7,5,6;r23=1,4,7,6,0,2,3,5;r24=1,3,2,0;r25=1,2,0;r26=1,5,2,0,7,6,4,8,3;r27=1,2,3,0;r28=1,2,0;r29=3,4,2,1,6,0,5,7;r30=2,5,7,1,0,6,4,3;r31=1,4,0,5,2,3;r32=2,4,3,1,0,5;r33=1,2,0,3,4,5",872d59c1
sample_0028.dl,sample,"r0=0,2,1,3;r1=0,3,2,1;r2=0,2,1;r3=1,2,0;r4=0,2,1;r5=0,2,1;r6=2,3,0,1;r7=0,2,1;r8=1,2,0;r9=0,1,2;r10=1,2,3,0;r11=0,1,2,3;r12=0,2,1;r13=0,2,3,1,4;r14=1,2,0;r15=1,2,0,3,4;r16=1,2,0;r17=0,1,2;r18=1,2,0;r19=0,2,1;r20=1,2,0;r21=0,1,2,4,3;r22=1,2,5,3,0,4,6,7;r23=2,5,1,0,3,6,7,4;r24=1,2,0,3;r25=1,2,0;r26=6,7,2,1,0,8,3,5,4;r27=1,2,3,0;r28=0,1,2;r29=1,6,7,0,2,4,5,3;r30=2,3,5,4,7,1,0,6;r31=2,3,4,5,1,0;r32=1,2,0,4,5,3;r33=1,4,0,2,3,5",0d695fef
sample_0029.dl,sample,"r0=1,2,3,0;r1=2,3,1,0;r2=0,2,1;r3=0,1,2;r4=0,1,2;r5=1,2,0;r6=1,3,2,0;r7=0,1,2;r8=1,2,0;r9=0,1,2;r10=1,2,0,3;r11=1,3,0,2;r12=0,1,2;r13=0,3,4,2,1;r14=1,2,0;r15=0,1,3,4,2;r16=0,1,2;r17=0,1,2;r18=0,2,1;r19=0,1,2;r20=0,1,2;r21=1,4,3,2,0;r22=4,7,3,1,6,2,0,5;r23=1,2,5,6,4,7,0,3;r24=1,3,0,2;r25=1,2,0;r26=4,7,5,2,1,8,3,6,0;r27=1,2,3,0;r28=1,2,0;r29=2,3,1,6,7,5,0,4;r30=4,7,6,1,5,0,2,3;r31=2,3,4,5,1,0;r32=1,2,3,0,4,5;r33=1,4,2,3,5,0",52df515e
sample_0030.dl,sample,"r0=0,2,3,1;r1=1,3,2,0;r2=1,2,0;r3=1,2,0;r4=0,1,2;r5=0,1,2;r6=0,3,1,2;r7=0,2,1;r8=0,2,1;r9=1,2,0;r10=1,2,0,3;r11=2,3,1,0;r12=0,1,2;r13=0,2,3,4,1;r14=1,2,0;r15=3,4,1,0,2;r16=0,1,2;r17=1,2,0;r18=1,2,0;r19=0,2,1;r20=1,2,0;r21=1,4,0,2,3;r22=2,5,6,7,1,3,0,4;r23=4,7,6,1,5,3,0,2;r24=1,3,0,2;r25=1,2,0;r26=4,7,8,5,3,1,2,0,6;r27=1,2,0,3;r28=0,1,2;r29=2,3,1,6,0,5,4,7;r30=6,7,1,5,2,3,0,4;r31=1,4,2,3,5,0;r32=1,2,4,3,0,5;r33=4,5,1,2,0,3",685c0652
sample_0031.dl,sample,"r0=1,2,0,3;r1=0,1,2,3;r2=0,2,1;r3=1,2,0;r4=0,2,1;r5=1,2,0;r6=1,2,0,3;r7=0,2,1;r8=1,2,0;r9=1,2,0;r10=0,1,3,2;r11=1,2,3,0;r12=0,1,2;r13=0,1,4,2,3;r14=1,2,0;r15=1,2,0,3,4;r16=1,2,0;r17=0,1,2;r18=1,2,0;r19=0,2,1;r20=0,1,2;r21=1,2,0,3,4;r22=1,3,4,7,0,2,6,5;r23=6,7,4,1,2,3,0,5;r24=1,3,2,0;r25=0,1,2;r26=1,2,6,7,3,5,0,8,4;r27=1,2,3,0;r28=1,2,0;r29=2,5,7,3,1,4,0,6;r30=2,6,7,3,1,5,0,4;r31=2,4,1,5,3,0;r32=0,1,4,5,2,3;r33=1,4,2,0,3,5",6ac305ac
sample_0032.dl,sample,"r0=2,3,0,1;r1=1,3,0,2;r2=0,2,1;r3=0,2,1;r4=1,2,0;r5=1,2,0;r6=1,2,3,0;r7=1,2,0;r8=0,1,2;r9=1,2,0;r10=0,1,2,3;r11=0,1,3,2;r12=1,2,0;r13=0,4,2,3,1;r14=1,2,0;r15=1,3,0,4,2;r16=0,1,2;r17=1,2,0;r18=0,1,2;r19=0,1,2;r20=1,2,0;r21=1,2,0,4,3;r22=4,7,3,1,0,2,6,5;r23=1,4,0,2,3,5,6,7;r24=0,1,2,3;r25=0,1,2;r26=2,6,1,7,4,3,0,8,5;r27=0,1,2,3;r28=1,2,0;r29=2,6,1,5,3,7,0,4;r30=2,6,3,4,7,5,1,0;r31=1,4,5,0,2,3;r32=1,2,3,0,4,5;r33=1,2,4,3,5,0",f306253a
sample_0033.dl,sample,"r0=1,3,0,2;r1=1,2,0,3;r2=1,2,0;r3=1,2,0;r4=0,1,2;r5=0,1,2;r6=0,2,1,3;r7=0,1,2;r8=1,2,0;r9=0,2,1;r10=1,3,0,2;r11=1,3,2,0;r12=0,1,2;r13=0,3,2,4,1;r14=0,1,2;r15=1,3,0,4,2;r16=1,2,0;r17=1,2,0;r18=0,2,1;r19=0,2,1;r20=0,1,2;r21=1,4,3,0,2;r22=6,7,5,4,3,1,0,2;r23=1,2,5,6,4,0,3,7;r24=1,3,2,0;r25=0,1,2;r26=1,2,6,7,0,8,5,3,4;r27=1,2,3,0;r28=1,2,0;r29=6,7,2,5,3,1,0,4;r30=2,5,1,6,3,0,7,4;r31=2,4,1,5,0,3;r32=1,4,5,0,2,3;r33=2,4,3,5,1,0",8141ceb1
sample_0034.dl,sample,"r0=0,3,1,2;r1=1,2,3,0;r2=0,2,1;r3=0,1,2;r4=0,2,1;r5=0,2,1;r6=0,1,3,2;r7=0,1,2;r8=0,2,1;r9=1,2,0;r10=1,2,0,3;r11=1,3,0,2;r12=0,2,1;r13=0,4,3,1,2;r14=1,2,0;r15=0,1,2,3,4;r16=1,2,0;r17=1,2,0;r18=0,1,2;r19=0,1,2;r20=1,2,0;r21=1,2,4,3,0;r22=5,6,2,1,0,7,4,3;r23=5,6,2,1,7,4,3,0;r24=0,1,3,2;r25=1,2,0;r26=2,3,1,6,5,0,4,7,8;r27=1,3,2,0;r28=0,1,2;r29=2,3,4,5,1,6,0,7;r30=1,5,6,2,0,7,3,4;r31=2,4,1,5,0,3;r32=1,2,0,3,4,5;r33=2,4,1,5,0,3",49a2160d
sample_0035.dl,sample,"r0=2,3,0,1;r1=0,1,2,3;r2=0,2,1;r3=0,2,1;r4=0,1,2;r5=1,2,0;r6=0,3,2,1;r7=1,2,0;r8=0,1,2;r9=0,1,2;r10=1,2,0,3;r11=1,2,0,3;r12=1,2,0;r13=0,3,1,4,2;r14=0,1,2;r15=1,3,0,2,4;r16=0,1,2;r17=1,2,0;r18=1,2,0;r19=0,2,1;r20=0,1,2;r21=1,2,4,0,3;r22=5,6,7,2,1,3,4,0;r23=2,3,1,5,4,6,7,0;r24=2,3,1,0;r25=1,2,0;r26=2,6,3,7,8,1,4,0,5;r27=0,1,2,3;r28=1,2,0;r29=1,2,5,3,7,6,0,4;r30=1,5,6,7,0,4,2,3;r31=4,5,1,0,2,3;r32=1,2,4,3,0,5;r33=2,4,3,1,5,0",1b9d00c0
sample_0036.dl,sample,"r0=2,3,1,0;r1=2,3,0,1;r2=0,2,1;r3=1,2,0;r4=0,2,1;r5=0,1,2;r6=1,2,0,3;r7=0,1,2;r8=0,2,1;r9=1,2,0;r10=0,1,2,3;r11=1,2,3,0;r12=0,2,1;r13=0,4,2,3,1;r14=1,2,0;r15=2,3,1,0,4;r16=1,2,0;r17=0,1,2;r18=1,2,0;r19=0,1,2;r20=1,2,0;r21=0,1,2,3,4;r22=3,4,1,7,2,0,5,6;r23=6,7,4,5,1,3,0,2;r24=1,3,0,2;r25=1,2,0;r26=6,7,1,4,3,0,2,5,8;r27=0,1,3,2;r28=0,1,2;r29=4,7,6,5,1,0,3,2;r30=2,5,1,7,0,3,6,4;r31=2,4,1,5,3,0;r32=1,4,2,5,3,0;r33=1,2,0,4,3,5",92ee6da2
sample_0037.dl,sample,"r0=0,2,1,3;r1=0,1,2,3;r2=0,1,2;r3=0,2,1;r4=0,2,1;r5=0,1,2;r6=0,1,3,2;r7=0,1,2;r8=1,2,0;r9=0,1,2;r10=1,2,3,0;r11=1,2,3,0;r12=0,2,1;r13=0,4,2,3,1;r14=1,2,0;r15=1,2,3,0,4;r16=1,2,0;r17=0,1,2;r18=0,2,1;r19=0,2,1;r20=1,2,0;r21=0,1,2,4,3;r22=3,4,7,6,5,2,1,0;r23=1,4,2,5,6,3,7,0;r24=0,1,3,2;r25=1,2,0;r26=4,7,6,5,1,8,0,3,2;r27=0,1,3,2;r28=1,2,0;r29=1,2,6,7,0,3,4,5;r30=2,6,3,1,0,7,4,5;r31=2,3,4,1,5,0;r32=2,4,1,5,3,0;r33=1,4,2,0,5,3",1179ae5e
sample_0038.dl,sample,"r0=0,1,2,3;r1=1,2,0,3;r2=0,2,1;r3=0,1,2;r4=0,1,2;r5=0,2,1;r6=0,1,3,2;r7=1,2,0;r8=0,1,2;r9=1,2,0;r10=1,3,2,0;r11=1,3,0,2;r12=0,1,2;r13=0,1,2,4,3;r14=1,2,0;r15=1,3,0,4,2;r16=0,1,2;r17=0,1,2;r18=0,1,2;r19=0,1,2;r20=0,1,2;r21=1,2,3,4,0;r22=1,3,2,5,0,4,6,7;r23=4,7,6,5,3,1,0,2;r24=0,1,3,2;r25=0,1,2;r26=2,5,3,6,7,1,0,4,8;r27=0,1,3,2;r28=0,1,2;r29=5,7,4,3,1,6,0,2;r30=2,3,4,5,1,6,0,7;r31=4,5,2,1,0,3;r32=1,2,3,4,5,0;r33=1,2,0,4,3,5",6414bfa2
sample_0039.dl,sample,"r0=2,3,0,1;r1=0,1,2,3;r2=0,1,2;r3=0,1,2;r4=0,2,1;r5=0,1,2;r6=1,3,2,0;r7=0,2,1;r8=0,1,2;r9=0,1,2;r10=1,2,0,3;r11=0,1,2,3;r12=0,1,2;r13=0,4,3,2,1;r14=1,2,0;r15=3,4,1,2,0;r16=0,1,2;r17=0,1,2;r18=0,2,1;r19=0,2,1;r20=1,2,0;r21=2,3,1,0,4;r22=3,4,1,2,5,6,0,7;r23=1,2,3,0,5,4,7,6;r24=1,2,3,0;r25=0,1,2;r26=6,7,1,5,0,4,8,2,3;r27=0,1,2,3;r28=1,2,0;r29=4,7,6,2,1,0,3,5;r30=0,1,6,7,5,2,4,3;r31=0,1,4,2,3,5;r32=2,3,1,0,4,5;r33=1,4,2,5,0,3",c6a67022
sample_0040.dl,sample,"r0=1,2,0,3;r1=2,3,0,1;r2=0,1,2;r3=0,2,1;r4=1,2,0;r5=0,2,1;r6=0,1,3,2;r7=0,1,2;r8=0,2,1;r9=1,2,0;r10=0,1,3,2;r11=0,1,2,3;r12=0,1,2;r13=0,2,3,1,4;r14=1,2,0;r15=2,3,1,0,4;r16=1,2,0;r17=1,2,0;r18=1,2,0;r19=0,2,1;r20=0,1,2;r21=0,1,4,3,2;r22=6,7,4,3,1,2,0,5;r23=2,5,6,7,1,4,3,0;r24=1,3,2,0;r25=0,1,2;r26=4,7,6,1,0,8,3,2,5;r27=1,2,3,0;r28=0,1,2;r29=3,4,2,5,7,1,6,0;r30=2,5,7,3,1,6,0,4;r31=4,5,2,1,3,0;r32=1,4,5,2,3,0;r33=1,4,2,5,0,3",e972cc39
sample_0041.dl,sample,"r0=1,2,0,3;r1=2,3,1,0;r2=0,1,2;r3=0,2,1;r4=0,2,1;r5=0,2,1;r6=2,3,0,1;r7=0,2,1;r8=0,2,1;r9=0,1,2;r10=1,3,2,0;r11=1,2,3,0;r12=0,1,2;r13=0,1,3,2,4;r14=0,1,2;r15=0,1,3,4,2;r16=1,2,0;r17=0,1,2;r18=1,2,0;r19=0,2,1;r20=0,1,2;r21=2,3,1,4,0;r22=0,1,3,4,7,6,2,5;r23=2,5,1,6,4,7,3,0;r24=1,3,0,2;r25=1,2,0;r26=6,7,5,1,2,4,3,0,8;r27=0,1,2,3;r28=1,2,0;r29=2,6,1,3,5,0,4,7;r30=3,4,7,5,1,0,2,6;r31=2,4,5,1,3,0;r32=0,1,4,2,3,5;r33=1,4,0,2,3,5",ba955b7b
sample_0042.dl,sample,"r0=1,3,2,0;r1=0,3,1,2;r2=0,2,1;r3=0,1,2;r4=1,2,0;r5=1,2,0;r6=0,2,3,1;r7=0,1,2;r8=1,2,0;r9=0,2,1;r10=0,1,3,2;r11=2,3,1,0;r12=0,1,2;r13=0,2,4,3,1;r14=1,2,0;r15=1,2,0,3,4;r16=1,2,0;r17=0,1,2;r18=0,2,1;r19=0,1,2;r20=1,2,0;r21=0,1,2,3,4;r22=1,2,5,0,6,3,4,7;r23=1,2,5,4,7,3,6,0;r24=1,3,2,0;r25=1,2,0;r26=2,6,5,1,0,7,8,4,3;r27=1,2,0,3;r28=0,1,2;r29=1,6,2,3,5,7,4,0;r30=1,5,6,7,4,2,0,3;r31=2,4,1,0,3,5;r32=2,4,3,1,0,5;r33=1,4,2,5,0,3",8d5e91ee
sample_0043.dl,sample,"r0=0,1,3,2;r1=0,2,1,3;r2=1,2,0;r3=1,2,0;r4=0,1,2;r5=0,1,2;r6=2,3,1,0;r7=1,2,0;r8=0,1,2;r9=0,2,1;r10=1,2,3,0;r11=1,2,3,0;r12=0,2,1;r13=0,1,4,3,2;r14=1,2,0;r15=1,3,2,4,0;r16=1,2,0;r17=0,1,2;r18=0,1,2;r19=0,1,2;r20=0,1,2;r21=3,4,1,0,2;r22=0,1,3,4,2,5,7,6;r23=3,5,2,1,6,4,7,0;r24=0,1,2,3;r25=1,2,0;r26=4,7,6,3,8,1,5,2,0;r27=1,3,2,0;r28=1,2,0;r29=5,6,2,7,4,1,0,3;r30=6,7,5,1,4,3,0,2;r31=1,4,5,2,0,3;r32=1,4,2,5,3,0;r33=1,2,4,5,3,0",9834b63b
sample_0044.dl,sample,"r0=0,2,3,1;r1=1,3,0,2;r2=0,1,2;r3=0,2,1;r4=0,2,1;r5=0,1,2;r6=0,3,1,2;r7=1,2,0;r8=1,2,0;r9=1,2,0;r10=1,2,3,0;r11=1,3,0,2;r12=1,2,0;r13=0,2,3,4,1;r14=0,1,2;r15=1,3,0,4,2;r16=1,2,0;r17=0,1,2;r18=0,1,2;r19=0,1,2;r20=1,2,0;r21=1,2,3,0,4;r22=4,7,6,5,3,1,2,0;r23=1,2,3,5,6,0,4,7;r24=2,3,1,0;r25=1,2,0;r26=2,5,6,7,8,1,4,3,0;r27=1,2,0,3;r28=0,1,2;r29=0,1,2,5,7,4,6,3;r30=5,7,1,0,2,6,4,3;r31=2,4,5,3,1,0;r32=1,4,5,0,2,3;r33=1,2,3,4,5,0",c1a64d5b
sample_0045.dl,sample,"r0=0,2,1,3;r1=1,2,0,3;r2=1,2,0;r3=1,2,0;r4=0,1,2;r5=1,2,0;r6=1,3,0,2;r7=1,2,0;r8=0,2,1;r9=0,1,2;r10=1,2,3,0;r11=2,3,1,0;r12=1,2,0;r13=0,1,2,4,3;r14=1,2,0;r15=0,1,2,3,4;r16=1,2,0;r17=0,1,2;r18=0,2,1;r19=0,2,1;r20=1,2,0;r21=3,4,1,2,0;r22=1,3,4,7,2,0,6,5;r23=1,2,5,6,4,3,0,7;r24=0,1,2,3;r25=1,2,0;r26=0,1,6,5,7,4,8,3,2;r27=1,2,0,3;r28=0,1,2;r29=4,7,6,2,3,5,1,0;r30=2,6,1,7,3,0,4,5;r31=0,1,4,5,2,3;r32=1,4,5,0,2,3;r33=1,2,0,3,4,5",7e239fcc
sample_0046.dl,sample,"r0=0,2,3,1;r1=1,2,0,3;r2=1,2,0;r3=0,2,1;r4=1,2,0;r5=0,1,2;r6=1,2,0,3;r7=0,2,1;r8=1,2,0;r9=0,2,1;r10=0,1,3,2;r11=1,2,0,3;r12=0,1,2;r13=0,1,3,2,4;r14=0,1,2;r15=3,4,1,2,0;r16=0,1,2;r17=1,2,0;r18=0,2,1;r19=0,1,2;r20=0,1,2;r21=0,1,4,3,2;r22=1,2,3,5,0,6,4,7;r23=1,2,5,4,0,7,3,6;r24=0,1,3,2;r25=0,1,2;r26=6,7,1,2,3,8,0,4,5;r27=0,1,3,2;r28=0,1,2;r29=1,6,2,0,7,5,4,3;r30=5,6,7,4,1,2,3,0;r31=1,4,5,2,3,0;r32=4,5,1,0,2,3;r33=2,4,1,0,3,5",28a435a0
sample_0047.dl,sample,"r0=1,3,2,0;r1=1,2,3,0;r2=1,2,0;r3=1,2,0;r4=1,2,0;r5=1,2,0;r6=1,3,2,0;r7=0,2,1;r8=1,2,0;r9=0,2,1;r10=0,1,3,2;r11=1,2,3,0;r12=0,1,2;r13=0,3,2,4,1;r14=1,2,0;r15=1,3,2,4,0;r16=1,2,0;r17=0,1,2;r18=0,2,1;r19=0,1,2;r20=1,2,0;r21=1,4,3,0,2;r22=2,5,1,0,6,7,4,3;r23=0,1,2,5,6,7,3,4;r24=0,1,2,3;r25=1,2,0;r26=2,5,6,7,1,4,3,0,8;r27=0,1,2,3;r28=0,1,2;r29=6,7,4,1,5,2,3,0;r30=5,7,1,4,0,6,2,3;r31=1,4,2,3,5,0;r32=1,4,5,2,3,0;r33=2,4,1,0,5,3",14889c30
sample_0048.dl,sample,"r0=1,3,0,2;r1=2,3,1,0;r2=0,1,2;r3=0,2,1;r4=1,2,0;r5=1,2,0;r6=0,2,3,1;r7=0,2,1;r8=1,2,0;r9=0,2,1;r10=1,3,0,2;r11=0,1,3,2;r12=0,1,2;r13=0,3,2,1,4;r14=0,1,2;r15=1,3,4,0,2;r16=0,1,2;r17=0,1,2;r18=0,1,2;r19=0,1,2;r20=1,2,0;r21=1,4,3,0,2;r22=2,5,6,1,3,0,4,7;r23=2,5,1,0,4,7,3,6;r24=1,3,0,2;r25=0,1,2;r26=2,6,7,5,3,1,8,0,4;r27=1,2,0,3;r28=1,2,0;r29=2,6,5,3,7,1,4,0;r30=3,4,2,1,6,5,0,7;r31=4,5,1,2,0,3;r32=1,4,2,0,3,5;r33=2,4,3,1,5,0",23cc2073
sample_0049.dl,sample,"r0=1,3,2,0;r1=0,1,2,3;r2=1,2,0;r3=1,2,0;r4=0,2,1;r5=0,1,2;r6=0,3,2,1;r7=0,1,2;r8=1,2,0;r9=1,2,0;r10=1,2,3,0;r11=1,2,0,3;r12=0,2,1;r13=0,4,3,2,1;r14=0,1,2;r15=1,3,4,0,2;r16=0,1,2;r17=0,1,2;r18=0,2,1;r19=0,2,1;r20=1,2,0;r21=1,2,0,3,4;r22=3,4,1,2,5,6,7,0;r23=4,7,1,0,6,5,2,3;r24=0,1,2,3;r25=1,2,0;r26=5,7,4,6,1,2,8,0,3;r27=1,2,3,0;r28=1,2,0;r29=1,5,2,6,7,3,4,0;r30=5,7,2,4,3,6,1,0;r31=0,1,4,5,2,3;r32=2,4,1,5,3,0;r33=2,4,3,1,0,5",0bc49a04
sample_0050.dl,sample,"r0=1,2,0,3;r1=1,3,0,2;r2=0,2,1;r3=0,1,2;r4=0,2,1;r5=0,2,1;r6=0,2,1,3;r7=0,1,2;r8=0,2,1;r9=0,2,1;r10=0,1,3,2;r11=0,1,3,2;r12=0,1,2;r13=0,1,4,2,3;r14=0,1,2;r15=1,3,2,4,0;r16=0,1,2;r17=0,1,2;r18=1,2,0;r19=0,2,1;r20=0,1,2;r21=3,4,1,0,2;r22=1,3,4,2,0,5,6,7;r23=1,2,4,0,7,3,6,5;r24=0,1,3,2;r25=0,1,2;r26=6,7,8,4,2,1,0,3,5;r27=1,3,0,2;r28=0,1,2;r29=4,7,5,1,0,2,3,6;r30=1,2,0,6,7,5,3,4;r31=1,4,2,5,3,0;r32=1,4,2,3,0,5;r33=2,4,3,1,5,0",baba7f0d
sample_0051.dl,sample,"r0=2,3,1,0;r1=0,2,3,1;r2=0,2,1;r3=1,2,0;r4=0,2,1;r5=1,2,0;r6=1,2,3,0;r7=0,1,2;r8=1,2,0;r9=0,1,2;r10=1,2,0,3;r11=2,3,1,0;r12=0,2,1;r13=2,4,0,1,3;r14=0,1,2;r15=1,3,4,2,0;r16=1,2,0;r17=1,2,0;r18=0,2,1;r19=0,2,1;r20=1,2,0;r21=1,2,0,4,3;r22=5,6,2,7,4,3,1,0;r23=1,2,4,7,0,5,3,6;r24=2,3,1,0;r25=0,1,2;r26=2,3,6,5,7,1,8,0,4;r27=0,1,2,3;r28=1,2,0;r29=2,6,3,1,7,4,0,5;r30=5,7,6,4,3,2,1,0;r31=1,2,0,3,4,5;r32=2,4,5,1,0,3;r33=2,3,4,1,0,5",e4781034
sample_0052.dl,sample,"r0=0,1,3,2;r1=0,3,1,2;r2=0,1,2;r3=0,1,2;r4=0,2,1;r5=0,2,1;r6=1,3,0,2;r7=0,1,2;r8=0,2,1;r9=0,1,2;r10=0,1,3,2;r11=2,3,1,0;r12=0,2,1;r13=0,2,4,3,1;r14=0,1,2;r15=2,3,1,4,0;r16=0,1,2;r17=1,2,0;r18=1,2,0;r19=0,2,1;r20=0,1,2;r21=1,4,2,0,3;r22=1,2,0,5,3,4,7,6;r23=1,4,2,5,7,0,6,3;r24=0,1,3,2;r25=0,1,2;r26=2,6,1,5,0,7,8,3,4;r27=0,1,2,3;r28=1,2,0;r29=1,5,7,0,4,3,2,6;r30=1,5,6,2,3,0,7,4;r31=0,1,2,4,5,3;r32=1,4,0,2,3,5;r33=4,5,2,3,1,0",aff07c34
sample_0053.dl,sample,"r0=1,2,3,0;r1=2,3,1,0;r2=0,1,2;r3=1,2,0;r4=0,2,1;r5=0,2,1;r6=1,3,2,0;r7=0,1,2;r8=0,1,2;r9=0,1,2;r10=1,2,0,3;r11=0,1,3,2;r12=0,1,2;r13=0,3,4,2,1;r14=1,2,0;r15=1,2,0,3,4;r16=1,2,0;r17=0,1,2;r18=0,2,1;r19=0,1,2;r20=0,1,2;r21=1,2,3,4,0;r22=1,3,4,7,2,5,0,6;r23=2,5,6,1,7,4,0,3;r24=2,3,1,0;r25=1,2,0;r26=1,2,5,7,8,4,3,6,0;r27=0,1,2,3;r28=1,2,0;r29=6,7,4,2,3,5,1,0;r30=5,7,4,1,6,3,2,0;r31=0,1,2,4,3,5;r32=2,4,1,5,0,3;r33=2,3,1,4,5,0",9ed5a53b
sample_0054.dl,sample,"r0=1,3,2,0;r1=0,2,3,1;r2=1,2,0;r3=0,1,2;r4=0,2,1;r5=0,2,1;r6=0,1,2,3;r7=1,2,0;r8=0,2,1;r9=0,1,2;r10=1,3,0,2;r11=1,2,3,0;r12=0,1,2;r13=0,4,2,3,1;r14=0,1,2;r15=3,4,1,2,0;r16=1,2,0;r17=0,1,2;r18=1,2,0;r19=0,1,2;r20=1,2,0;r21=1,4,3,2,0;r22=0,1,3,2,5,6,4,7;r23=2,5,6,1,7,0,3,4;r24=1,2,3,0;r25=1,2,0;r26=2,3,6,7,8,1,4,5,0;r27=1,3,2,0;r28=0,1,2;r29=2,6,1,5,0,7,3,4;r30=1,2,5,0,6,3,4,7;r31=1,4,2,0,5,3;r32=1,2,4,3,5,0;r33=2,4,5,1,3,0",5d96e2a4
sample_0055.dl,sample,"r0=2,3,0,1;r1=2,3,0,1;r2=0,1,2;r3=1,2,0;r4=1,2,0;r5=0,2,1;r6=0,2,1,3;r7=0,1,2;r8=0,2,1;r9=1,2,0;r10=1,2,0,3;r11=2,3,1,0;r12=1,2,0;r13=0,1,4,3,2;r14=1,2,0;r15=3,4,1,0,2;r16=0,1,2;r17=0,1,2;r18=0,1,2;r19=0,2,1;r20=0,1,2;r21=1,2,4,3,0;r22=1,2,5,3,4,6,7,0;r23=0,1,4,2,5,3,6,7;r24=2,3,1,0;r25=0,1,2;r26=1,2,3,5,7,0,6,4,8;r27=1,2,0,3;r28=1,2,0;r29=5,7,1,6,4,3,2,0;r30=2,6,7,3,4,1,5,0;r31=4,5,2,1,3,0;r32=2,3,4,1,5,0;r33=2,3,1,0,4,5",117ef4f4
sample_0056.dl,sample,"r0=0,3,1,2;r1=0,1,2,3;r2=1,2,0;r3=0,1,2;r4=0,2,1;r5=0,2,1;r6=0,1,2,3;r7=1,2,0;r8=0,2,1;r9=0,2,1;r10=0,1,2,3;r11=2,3,1,0;r12=0,2,1;r13=0,3,1,4,2;r14=1,2,0;r15=2,3,4,1,0;r16=1,2,0;r17=1,2,0;r18=0,1,2;r19=0,2,1;r20=1,2,0;r21=1,4,0,3,2;r22=5,6,2,1,7,4,0,3;r23=2,5,1,0,4,3,6,7;r24=1,2,0,3;r25=0,1,2;r26=7,8,6,2,1,3,4,5,0;r27=1,2,3,0;r28=0,1,2;r29=4,7,3,2,5,1,6,0;r30=6,7,4,5,2,1,3,0;r31=4,5,2,1,3,0;r32=1,2,3,4,5,0;r33=2,3,4,1,5,0",adf1e78e
sample_0057.dl,sample,"r0=0,3,1,2;r1=0,3,2,1;r2=0,1,2;r3=0,1,2;r4=0,2,1;r5=1,2,0;r6=0,3,1,2;r7=0,2,1;r8=0,2,1;r9=1,2,0;r10=1,3,2,0;r11=1,2,3,0;r12=0,1,2;r13=0,4,3,1,2;r14=1,2,0;r15=1,3,4,2,0;r16=1,2,0;r17=0,1,2;r18=1,2,0;r19=0,2,1;r20=1,2,0;r21=1,2,4,0,3;r22=3,4,1,7,6,5,0,2;r23=5,6,2,1,4,3,7,0;r24=0,1,2,3;r25=0,1,2;r26=6,7,5,1,4,2,3,8,0;r27=1,3,2,0;r28=1,2,0;r29=2,6,1,7,4,0,3,5;r30=5,7,1,6,2,0,4,3;r31=4,5,2,1,0,3;r32=2,4,5,3,1,0;r33=2,4,3,1,5,0",30a86b62
sample_0058.dl,sample,"r0=0,2,1,3;r1=0,1,2,3;r2=0,1,2;r3=1,2,0;r4=1,2,0;r5=0,2,1;r6=0,1,2,3;r7=0,1,2;r8=0,1,2;r9=0,1,2;r10=2,3,1,0;r11=1,3,2,0;r12=0,2,1;r13=0,2,4,3,1;r14=1,2,0;r15=0,1,3,2,4;r16=0,1,2;r17=1,2,0;r18=0,2,1;r19=0,2,1;r20=1,2,0;r21=0,1,4,2,3;r22=3,4,1,0,7,2,5,6;r23=1,2,3,5,6,0,4,7;r24=1,3,0,2;r25=1,2,0;r26=4,7,3,5,1,2,8,6,0;r27=1,2,0,3;r28=1,2,0;r29=2,3,4,1,7,6,0,5;r30=1,5,0,7,4,6,2,3;r31=0,1,2,4,3,5;r32=2,4,5,3,1,0;r33=1,2,3,4,5,0",edd09972
sample_0059.dl,sample,"r0=1,2,3,0;r1=1,3,0,2;r2=0,2,1;r3=1,2,0;r4=0,1,2;r5=0,2,1;r6=0,3,1,2;r7=1,2,0;r8=0,2,1;r9=0,1,2;r10=1,3,0,2;r11=1,2,0,3;r12=1,2,0;r13=0,3,2,4,1;r14=0,1,2;r15=1,2,0,3,4;r16=0,1,2;r17=0,1,2;r18=0,2,1;r19=0,1,2;r20=1,2,0;r21=0,1,4,2,3;r22=5,6,2,7,1,4,0,3;r23=3,5,2,6,1,7,4,0;r24=2,3,1,0;r25=1,2,0;r26=6,7,4,8,5,2,1,0,3;r27=1,2,0,3;r28=0,1,2;r29=5,7,6,2,1,4,0,3;r30=5,7,4,6,1,0,2,3;r31=1,4,0,2,3,5;r32=1,4,0,2,5,3;r33=1,2,3,4,0,5",a546edea
sample_0060.dl,sample,"r0=2,3,1,0;r1=2,3,1,0;r2=1,2,0;r3=1,2,0;r4=0,1,2;r5=0,2,1;r6=1,3,0,2;r7=0,1,2;r8=0,1,2;r9=0,1,2;r10=2,3,1,0;r11=0,1,3,2;r12=0,1,2;r13=1,3,0,4,2;r14=1,2,0;r15=0,1,2,3,4;r16=1,2,0;r17=1,2,0;r18=0,2,1;r19=0,1,2;r20=0,1,2;r21=0,1,4,2,3;r22=1,3,2,4,5,6,0,7;r23=1,4,2,7,6,0,5,3;r24=1,3,2,0;r25=1,2,0;r26=5,7,2,1,4,6,8,3,0;r27=1,2,3,0;r28=1,2,0;r29=6,7,2,1,0,4,3,5;r30=1,2,5,3,6,7,0,4;r31=1,2,0,4,5,3;r32=1,4,0,5,2,3;r33=2,4,1,5,3,0",644fbdba
sample_0061.dl,sample,"r0=0,1,3,2;r1=1,2,3,0;r2=0,2,1;r3=1,2,0;r4=1,2,0;r5=0,2,1;r6=0,2,1,3;r7=1,2,0;r8=1,2,0;r9=1,2,0;r10=0,1,3,2;r11=2,3,1,0;r12=0,1,2;r13=0,3,1,4,2;r14=0,1,2;r15=1,2,0,3,4;r16=0,1,2;r17=1,2,0;r18=0,1,2;r19=0,1,2;r20=1,2,0;r21=1,2,3,4,0;r22=1,3,2,5,4,7,6,0;r23=2,5,1,0,4,3,6,7;r24=1,2,0,3;r25=0,1,2;r26=2,3,6,7,1,0,4,8,5;r27=0,1,3,2;r28=1,2,0;r29=1,5,2,6,0,7,3,4;r30=2,5,1,7,0,6,3,4;r31=2,4,1,3,5,0;r32=2,3,4,1,5,0;r33=0,1,4,5,2,3",46df8004
sample_0062.dl,sample,"r0=1,3,0,2;r1=2,3,0,1;r2=0,1,2;r3=1,2,0;r4=1,2,0;r5=0,1,2;r6=0,2,1,3;r7=1,2,0;r8=1,2,0;r9=1,2,0;r10=1,3,0,2;r11=1,2,0,3;r12=1,2,0;r13=0,1,2,4,3;r14=0,1,2;r15=0,1,3,4,2;r16=0,1,2;r17=1,2,0;r18=1,2,0;r19=0,1,2;r20=1,2,0;r21=3,4,1,0,2;r22=3,4,1,7,6,5,0,2;r23=0,1,2,5,4,6,7,3;r24=1,2,3,0;r25=1,2,0;r26=6,7,2,5,8,1,3,0,4;r27=1,2,0,3;r28=1,2,0;r29=2,3,4,1,0,6,7,5;r30=3,4,2,1,0,6,7,5;r31=1,4,0,2,5,3;r32=1,4,5,2,3,0;r33=0,1,4,2,5,3",8e1963dd
sample_0063.dl,sample,"r0=2,3,1,0;r1=0,1,2,3;r2=0,1,2;r3=0,2,1;r4=0,2,1;r5=0,2,1;r6=1,2,3,0;r7=0,1,2;r8=0,2,1;r9=1,2,0;r10=0,1,3,2;r11=1,2,0,3;r12=1,2,0;r13=0,2,4,1,3;r14=1,2,0;r15=2,3,1,0,4;r16=0,1,2;r17=1,2,0;r18=1,2,0;r19=0,1,2;r20=1,2,0;r21=1,2,3,4,0;r22=2,5,1,3,4,6,0,7;r23=1,2,3,4,7,0,6,5;r24=1,2,0,3;r25=1,2,0;r26=2,3,6,4,5,7,8,1,0;r27=0,1,3,2;r28=0,1,2;r29=1,2,3,4,5,6,7,0;r30=2,5,1,0,6,7,3,4;r31=1,4,2,3,5,0;r32=2,4,1,3,5,0;r33=1,4,2,5,3,0",73444e1e
sample_0064.dl,sample,"r0=0,2,3,1;r1=0,2,1,3;r2=0,2,1;r3=1,2,0;r4=1,2,0;r5=0,2,1;r6=0,2,3,1;r7=0,1,2;r8=0,2,1;r9=1,2,0;r10=1,2,3,0;r11=1,2,3,0;r12=0,2,1;r13=0,3,2,4,1;r14=0,1,2;r15=0,1,3,4,2;r16=1,2,0;r17=1,2,0;r18=0,1,2;r19=0,1,2;r20=1,2,0;r21=0,1,2,4,3;r22=0,1,3,4,2,5,7,6;r23=1,2,5,6,3,0,4,7;r24=1,2,3,0;r25=1,2,0;r26=2,5,6,3,7,1,8,0,4;r27=1,3,0,2;r28=0,1,2;r29=1,5,0,2,7,3,4,6;r30=4,7,3,2,6,1,0,5;r31=1,2,0,4,5,3;r32=1,2,4,5,0,3;r33=2,4,5,1,3,0",ea76645c
sample_0065.dl,sample,"r0=0,3,2,1;r1=1,2,0,3;r2=0,2,1;r3=0,1,2;r4=0,2,1;r5=0,1,2;r6=1,3,2,0;r7=1,2,0;r8=0,1,2;r9=0,2,1;r10=1,3,0,2;r11=1,2,0,3;r12=0,1,2;r13=0,3,1,2,4;r14=1,2,0;r15=3,4,2,1,0;r16=1,2,0;r17=0,1,2;r18=0,1,2;r19=0,1,2;r20=1,2,0;r21=1,4,0,3,2;r22=5,6,2,1,7,3,0,4;r23=1,4,2,0,7,6,5,3;r24=1,3,0,2;r25=1,2,0;r26=1,6,0,2,3,5,7,8,4;r27=0,1,3,2;r28=1,2,0;r29=5,7,1,2,0,3,4,6;r30=1,2,0,6,3,4,5,7;r31=0,1,2,4,5,3;r32=0,1,2,4,5,3;r33=1,2,0,4,5,3",634c6379
sample_0066.dl,sample,"r0=2,3,1,0;r1=0,3,2,1;r2=0,2,1;r3=1,2,0;r4=0,2,1;r5=0,1,2;r6=1,3,2,0;r7=1,2,0;r8=0,1,2;r9=0,2,1;r10=1,3,0,2;r11=1,2,0,3;r12=0,1,2;r13=0,3,1,2,4;r14=1,2,0;r15=1,3,4,0,2;r16=1,2,0;r17=1,2,0;r18=0,2,1;r19=0,1,2;r20=1,2,0;r21=1,4,0,2,3;r22=3,4,7,1,6,5,2,0;r23=1,2,3,0,5,6,4,7;r24=1,2,3,0;r25=1,2,0;r26=7,8,6,1,4,5,2,0,3;r27=1,3,2,0;r28=0,1,2;r29=6,7,4,2,3,5,1,0;r30=5,6,1,7,2,3,4,0;r31=1,2,4,5,0,3;r32=2,4,1,5,3,0;r33=4,5,1,2,3,0",3bf62ab3
sample_0067.dl,sample,"r0=1,3,2,0;r1=1,3,2,0;r2=0,1,2;r3=1,2,0;r4=0,1,2;r5=1,2,0;r6=1,2,3,0;r7=0,1,2;r8=1,2,0;r9=1,2,0;r10=1,3,2,0;r11=1,3,0,2;r12=0,2,1;r13=0,1,4,2,3;r14=0,1,2;r15=0,1,3,2,4;r16=0,1,2;r17=0,1,2;r18=0,1,2;r19=0,2,1;r20=1,2,0;r21=1,4,2,3,0;r22=1,2,3,5,4,0,7,6;r23=1,4,7,2,0,3,5,6;r24=1,3,2,0;r25=0,1,2;r26=4,7,5,1,3,2,6,8,0;r27=1,3,0,2;r28=1,2,0;r29=1,2,3,6,4,5,7,0;r30=1,5,6,2,3,4,7,0;r31=2,3,4,1,0,5;r32=1,2,4,0,5,3;r33=2,3,4,5,1,0",ab47c648
sample_0068.dl,sample,"r0=0,3,2,1;r1=2,3,0,1;r2=0,2,1;r3=1,2,0;r4=0,2,1;r5=0,2,1;r6=0,2,1,3;r7=0,2,1;r8=1,2,0;r9=0,2,1;r10=1,3,0,2;r11=1,2,0,3;r12=1,2,0;r13=1,3,0,2,4;r14=1,2,0;r15=3,4,1,0,2;r16=0,1,2;r17=0,1,2;r18=0,2,1;r19=0,2,1;r20=0,1,2;r21=1,2,4,3,0;r22=5,6,2,1,0,3,4,7;r23=1,2,5,6,4,0,7,3;r24=1,3,2,0;r25=0,1,2;r26=6,7,8,2,4,1,5,3,0;r27=1,3,2,0;r28=1,2,0;r29=2,5,3,6,1,4,0,7;r30=5,6,2,1,7,3,4,0;r31=1,4,2,0,5,3;r32=2,3,4,5,1,0;r33=4,5,1,2,3,0",359607b9
sample_0069.dl,sample,"r0=2,3,1,0;r1=0,3,1,2;r2=0,2,1;r3=0,1,2;r4=1,2,0;r5=1,2,0;r6=1,3,0,2;r7=0,2,1;r8=0,2,1;r9=0,2,1;r10=2,3,1,0;r11=2,3,1,0;r12=0,1,2;r13=0,2,3,4,1;r14=0,1,2;r15=1,3,2,4,0;r16=0,1,2;r17=1,2,0;r18=0,2,1;r19=0,2,1;r20=1,2,0;r21=1,2,3,0,4;r22=1,2,5,3,4,6,7,0;r23=5,6,3,2,7,1,4,0;r24=1,3,0,2;r25=1,2,0;r26=5,7,4,8,1,0,2,6,3;r27=1,3,2,0;r28=1,2,0;r29=1,5,6,2,3,0,4,7;r30=1,5,0,6,2,3,7,4;r31=2,4,1,3,5,0;r32=2,4,5,3,1,0;r33=2,4,1,0,5,3",fd572dce
sample_0070.dl,sample,"r0=0,2,3,1;r1=0,2,3,1;r2=0,1,2;r3=1,2,0;r4=1,2,0;r5=0,1,2;r6=2,3,0,1;r7=0,1,2;r8=0,1,2;r9=0,1,2;r10=1,2,3,0;r11=1,2,0,3;r12=1,2,0;r13=0,3,2,4,1;r14=0,1,2;r15=1,2,3,0,4;r16=0,1,2;r17=0,1,2;r18=0,2,1;r19=0,2,1;r20=1,2,0;r21=3,4,1,2,0;r22=1,2,5,3,4,6,0,7;r23=4,7,6,1,2,3,5,0;r24=1,2,0,3;r25=1,2,0;r26=2,5,6,3,4,7,8,1,0;r27=1,3,2,0;r28=0,1,2;r29=1,2,6,3,0,4,5,7;r30=6,7,1,5,4,3,2,0;r31=1,2,4,3,0,5;r32=2,3,4,1,5,0;r33=2,4,5,3,1,0",f31c27f0
sample_0071.dl,sample,"r0=2,3,1,0;r1=0,1,2,3;r2=0,1,2;r3=0,2,1;r4=0,1,2;r5=0,1,2;r6=1,2,0,3;r7=0,2,1;r8=0,1,2;r9=1,2,0;r10=2,3,1,0;r11=1,2,0,3;r12=0,1,2;r13=0,1,2,3,4;r14=1,2,0;r15=1,2,0,3,4;r16=1,2,0;r17=1,2,0;r18=0,2,1;r19=0,2,1;r20=0,1,2;r21=2,3,1,0,4;r22=2,5,1,3,4,6,7,0;r23=1,2,5,4,7,3,6,0;r24=0,1,3,2;r25=0,1,2;r26=2,6,3,1,7,0,5,4,8;r27=0,1,3,2;r28=1,2,0;r29=2,3,4,7,1,6,5,0;r30=1,6,2,5,7,3,0,4;r31=0,1,2,3,4,5;r32=2,4,5,3,1,0;r33=1,4,2,0,3,5",330027ce
sample_0072.dl,sample,"r0=0,3,1,2;r1=1,3,2,0;r2=1,2,0;r3=0,1,2;r4=0,1,2;r5=1,2,0;r6=2,3,0,1;r7=0,2,1;r8=0,2,1;r9=1,2,0;r10=1,2,0,3;r11=0,1,2,3;r12=0,2,1;r13=0,4,2,3,1;r14=0,1,2;r15=1,2,3,4,0;r16=0,1,2;r17=1,2,0;r18=0,2,1;r19=0,1,2;r20=0,1,2;r21=1,2,4,0,3;r22=1,3,4,2,5,0,6,7;r23=1,2,5,0,6,7,4,3;r24=1,2,3,0;r25=1,2,0;r26=2,6,3,1,4,7,5,8,0;r27=1,2,0,3;r28=0,1,2;r29=2,3,5,1,4,7,6,0;r30=2,6,1,5,7,3,0,4;r31=2,4,3,5,1,0;r32=1,2,4,3,5,0;r33=0,1,4,2,3,5",f317d62e
sample_0073.dl,sample,"r0=2,3,0,1;r1=0,1,3,2;r2=0,2,1;r3=0,2,1;r4=0,1,2;r5=0,2,1;r6=2,3,0,1;r7=1,2,0;r8=1,2,0;r9=0,2,1;r10=1,3,2,0;r11=0,1,2,3;r12=1,2,0;r13=0,2,3,4,1;r14=1,2,0;r15=1,3,0,4,2;r16=0,1,2;r17=0,1,2;r18=0,2,1;r19=0,1,2;r20=1,2,0;r21=3,4,1,0,2;r22=1,3,4,0,7,6,5,2;r23=1,4,7,2,0,5,6,3;r24=1,3,2,0;r25=1,2,0;r26=5,7,2,6,1,8,0,4,3;r27=1,3,2,0;r28=0,1,2;r29=2,3,4,1,6,0,7,5;r30=6,7,4,2,1,5,0,3;r31=4,5,1,2,3,0;r32=0,1,4,5,2,3;r33=2,3,4,1,0,5",e97dd3c2
sample_0074.dl,sample,"r0=1,2,3,0;r1=1,3,0,2;r2=1,2,0;r3=0,2,1;r4=0,1,2;r5=1,2,0;r6=0,1,3,2;r7=0,1,2;r8=1,2,0;r9=1,2,0;r10=0,1,3,2;r11=1,3,0,2;r12=1,2,0;r13=0,1,4,2,3;r14=0,1,2;r15=1,3,4,0,2;r16=1,2,0;r17=0,1,2;r18=1,2,0;r19=0,1,2;r20=1,2,0;r21=0,1,4,2,3;r22=6,7,5,4,2,3,1,0;r23=2,3,5,6,1,7,0,4;r24=1,2,3,0;r25=0,1,2;r26=4,7,8,5,1,2,0,6,3;r27=0,1,3,2;r28=1,2,0;r29=4,7,6,1,5,0,3,2;r30=6,7,1,2,5,3,4,0;r31=0,1,4,2,3,5;r32=2,3,4,5,1,0;r33=1,4,5,2,3,0",4ac48d37
sample_0075.dl,sample,"r0=2,3,0,1;r1=0,3,1,2;r2=1,2,0;r3=0,1,2;r4=0,2,1;r5=0,2,1;r6=0,1,2,3;r7=1,2,0;r8=0,1,2;r9=1,2,0;r10=0,1,2,3;r11=0,1,2,3;r12=0,2,1;r13=0,2,4,3,1;r14=0,1,2;r15=3,4,2,1,0;r16=0,1,2;r17=0,1,2;r18=0,2,1;r19=0,1,2;r20=1,2,0;r21=1,4,2,3,0;r22=1,2,5,0,6,3,4,7;r23=4,7,6,5,1,3,0,2;r24=0,1,3,2;r25=1,2,0;r26=3,4,2,5,7,1,6,8,0;r27=1,2,3,0;r28=1,2,0;r29=2,6,3,5,7,1,4,0;r30=2,6,3,5,1,4,0,7;r31=0,1,4,5,2,3;r32=2,4,3,1,5,0;r33=2,4,3,1,0,5",77029d30
sample_0076.dl,sample,"r0=1,3,0,2;r1=0,2,1,3;r2=1,2,0;r3=0,2,1;r4=0,1,2;r5=0,1,2;r6=1,3,0,2;r7=0,2,1;r8=1,2,0;r9=0,1,2;r10=1,3,2,0;r11=0,1,3,2;r12=0,1,2;r13=1,3,0,2,4;r14=0,1,2;r15=1,3,2,4,0;r16=1,2,0;r17=1,2,0;r18=1,2,0;r19=0,2,1;r20=0,1,2;r21=1,2,3,4,0;r22=2,5,1,3,0,6,7,4;r23=1,4,2,3,5,6,0,7;r24=0,1,3,2;r25=1,2,0;r26=1,6,7,2,5,3,4,0,8;r27=1,3,2,0;r28=0,1,2;r29=1,2,0,3,4,5,7,6;r30=3,4,2,7,6,1,0,5;r31=2,4,1,3,5,0;r32=4,5,1,2,0,3;r33=0,1,2,4,3,5",be4caeac
sample_0077.dl,sample,"r0=0,2,3,1;r1=0,2,3,1;r2=0,1,2;r3=0,1,2;r4=1,2,0;r5=0,1,2;r6=1,2,3,0;r7=1,2,0;r8=1,2,0;r9=1,2,0;r10=2,3,1,0;r11=0,1,2,3;r12=0,1,2;r13=0,4,3,2,1;r14=0,1,2;r15=2,3,1,0,4;r16=1,2,0;r17=0,1,2;r18=1,2,0;r19=0,1,2;r20=0,1,2;r21=1,2,0,3,4;r22=2,5,1,6,3,7,4,0;r23=1,2,5,6,4,3,0,7;r24=0,1,3,2;r25=1,2,0;r26=5,7,6,4,8,2,1,0,3;r27=1,3,0,2;r28=1,2,0;r29=2,3,1,5,7,0,4,6;r30=2,5,1,7,0,3,4,6;r31=1,2,3,0,4,5;r32=2,4,3,1,0,5;r33=2,3,4,1,0,5",a99938d8
sample_0078.dl,sample,"r0=0,2,3,1;r1=1,2,0,3;r2=0,2,1;r3=0,2,1;r4=0,1,2;r5=1,2,0;r6=1,3,2,0;r7=1,2,0;r8=0,1,2;r9=1,2,0;r10=1,3,2,0;r11=1,2,3,0;r12=1,2,0;r13=0,3,2,4,1;r14=0,1,2;r15=1,3,4,2,0;r16=1,2,0;r17=1,2,0;r18=1,2,0;r19=0,2,1;r20=1,2,0;r21=1,2,0,3,4;r22=1,3,2,4,0,5,7,6;r23=1,4,2,5,7,3,6,0;r24=0,1,3,2;r25=1,2,0;r26=2,3,5,7,4,1,0,6,8;r27=0,1,3,2;r28=1,2,0;r29=1,5,7,0,2,3,6,4;r30=4,7,6,3,2,5,1,0;r31=0,1,4,2,3,5;r32=2,3,4,5,1,0;r33=1,4,2,5,3,0",d9f4b3ef
sample_0079.dl,sample,"r0=1,2,0,3;r1=1,3,0,2;r2=1,2,0;r3=0,1,2;r4=0,2,1;r5=0,1,2;r6=0,3,1,2;r7=0,1,2;r8=0,2,1;r9=1,2,0;r10=0,1,2,3;r11=1,2,3,0;r12=0,2,1;r13=0,1,3,2,4;r14=0,1,2;r15=0,1,3,2,4;r16=1,2,0;r17=1,2,0;r18=1,2,0;r19=0,1,2;r20=0,1,2;r21=1,2,3,0,4;r22=5,6,2,7,1,0,4,3;r23=4,7,6,1,5,2,0,3;r24=1,3,0,2;r25=0,1,2;r26=5,6,7,1,2,3,8,4,0;r27=0,1,3,2;r28=1,2,0;r29=2,5,1,7,0,6,4,3;r30=0,1,5,2,7,4,3,6;r31=1,2,4,0,5,3;r32=1,2,4,0,3,5;r33=2,4,5,3,1,0",80a1163a
sample_0080.dl,sample,"r0=0,1,3,2;r1=2,3,1,0;r2=0,2,1;r3=0,1,2;r4=1,2,0;r5=1,2,0;r6=2,3,1,0;r7=0,1,2;r8=0,2,1;r9=0,1,2;r10=1,3,0,2;r11=1,2,0,3;r12=0,2,1;r13=0,3,1,2,4;r14=1,2,0;r15=3,4,2,1,0;r16=1,2,0;r17=1,2,0;r18=0,2,1;r19=0,2,1;r20=1,2,0;r21=1,4,3,0,2;r22=1,2,3,0,4,7,5,6;r23=5,6,2,3,1,4,7,0;r24=1,3,2,0;r25=1,2,0;r26=2,6,1,5,7,3,8,4,0;r27=0,1,3,2;r28=1,2,0;r29=2,5,3,1,7,4,6,0;r30=3,4,2,5,7,6,1,0;r31=0,1,2,4,5,3;r32=2,4,1,0,3,5;r33=1,2,4,3,0,5",da402f27
sample_0081.dl,sample,"r0=2,3,1,0;r1=0,2,1,3;r2=0,1,2;r3=0,2,1;r4=1,2,0;r5=1,2,0;r6=1,3,2,0;r7=1,2,0;r8=0,2,1;r9=0,2,1;r10=0,1,3,2;r11=0,1,3,2;r12=0,2,1;r13=0,2,1,4,3;r14=1,2,0;r15=1,3,0,4,2;r16=1,2,0;r17=1,2,0;r18=0,2,1;r19=0,2,1;r20=1,2,0;r21=1,4,3,0,2;r22=1,2,3,5,6,7,0,4;r23=4,7,1,2,6,5,3,0;r24=2,3,1,0;r25=1,2,0;r26=1,6,2,7,8,5,0,4,3;r27=0,1,3,2;r28=1,2,0;r29=1,6,2,5,0,7,4,3;r30=5,7,4,6,1,0,2,3;r31=2,4,1,5,3,0;r32=0,1,4,2,3,5;r33=2,3,4,1,0,5",4b43ca7a
sample_0082.dl,sample,"r0=0,1,2,3;r1=0,1,3,2;r2=1,2,0;r3=0,1,2;r4=0,1,2;r5=0,2,1;r6=0,2,1,3;r7=1,2,0;r8=0,1,2;r9=0,1,2;r10=1,3,2,0;r11=0,1,3,2;r12=0,1,2;r13=0,2,1,3,4;r14=1,2,0;r15=1,3,4,2,0;r16=0,1,2;r17=1,2,0;r18=1,2,0;r19=0,2,1;r20=0,1,2;r21=0,1,2,3,4;r22=2,5,6,1,3,7,0,4;r23=2,5,1,4,0,7,6,3;r24=1,2,3,0;r25=0,1,2;r26=0,1,5,7,8,6,4,2,3;r27=1,3,0,2;r28=1,2,0;r29=5,7,4,1,6,3,0,2;r30=2,3,6,7,4,1,0,5;r31=0,1,2,4,3,5;r32=2,3,1,4,5,0;r33=4,5,2,1,3,0",028215d5
sample_0083.dl,sample,"r0=2,3,1,0;r1=2,3,0,1;r2=0,2,1;r3=0,1,2;r4=0,1,2;r5=0,1,2;r6=1,3,0,2;r7=0,1,2;r8=0,1,2;r9=0,1,2;r10=1,3,0,2;r11=1,3,0,2;r12=0,2,1;r13=2,4,0,1,3;r14=1,2,0;r15=1,3,2,0,4;r16=1,2,0;r17=0,1,2;r18=0,2,1;r19=0,2,1;r20=1,2,0;r21=2,3,4,1,0;r22=1,2,5,6,7,3,0,4;r23=3,5,6,7,2,4,1,0;r24=0,1,3,2;r25=1,2,0;r26=6,7,8,1,2,0,5,3,4;r27=0,1,2,3;r28=0,1,2;r29=1,2,6,3,5,7,0,4;r30=3,4,2,1,0,5,6,7;r31=1,4,2,3,5,0;r32=1,4,2,3,5,0;r33=2,3,4,5,1,0",712fbef8
sample_0084.dl,sample,"r0=1,2,3,0;r1=0,1,2,3;r2=1,2,0;r3=0,1,2;r4=1,2,0;r5=0,1,2;r6=0,1,3,2;r7=0,2,1;r8=0,2,1;r9=1,2,0;r10=2,3,1,0;r11=1,2,0,3;r12=1,2,0;r13=2,4,0,3,1;r14=0,1,2;r15=3,4,1,2,0;r16=0,1,2;r17=0,1,2;r18=0,1,2;r19=0,2,1;r20=1,2,0;r21=0,1,2,4,3;r22=1,2,0,3,5,6,4,7;r23=3,5,2,6,7,1,4,0;r24=1,2,0,3;r25=0,1,2;r26=1,6,7,0,2,4,8,3,5;r27=1,2,0,3;r28=0,1,2;r29=1,6,7,2,0,4,3,5;r30=6,7,2,5,1,4,0,3;r31=1,2,3,0,4,5;r32=4,5,1,0,2,3;r33=4,5,2,1,3,0",d7e9d69c
sample_0085.dl,sample,"r0=2,3,1,0;r1=1,2,0,3;r2=0,1,2;r3=0,2,1;r4=0,1,2;r5=1,2,0;r6=0,2,3,1;r7=1,2,0;r8=0,2,1;r9=1,2,0;r10=1,3,0,2;r11=1,2,0,3;r12=0,2,1;r13=1,3,0,2,4;r14=0,1,2;r15=0,1,3,4,2;r16=1,2,0;r17=0,1,2;r18=0,1,2;r19=0,2,1;r20=0,1,2;r21=0,1,4,2,3;r22=1,3,2,5,4,6,0,7;r23=2,5,3,1,6,4,0,7;r24=2,3,1,0;r25=1,2,0;r26=2,6,1,7,5,4,8,0,3;r27=0,1,2,3;r28=1,2,0;r29=4,7,5,6,1,3,2,0;r30=5,6,7,2,1,0,4,3;r31=1,2,4,3,0,5;r32=1,4,2,0,5,3;r33=2,3,4,5,1,0",77c6007b
sample_0086.dl,sample,"r0=1,2,0,3;r1=1,2,0,3;r2=0,1,2;r3=1,2,0;r4=1,2,0;r5=1,2,0;r6=1,2,0,3;r7=0,1,2;r8=1,2,0;r9=0,2,1;r10=2,3,1,0;r11=0,1,3,2;r12=1,2,0;r13=0,1,3,2,4;r14=0,1,2;r15=1,3,2,0,4;r16=0,1,2;r17=1,2,0;r18=1,2,0;r19=0,1,2;r20=1,2,0;r21=1,4,0,2,3;r22=1,3,4,0,2,5,6,7;r23=1,2,3,0,4,7,6,5;r24=0,1,2,3;r25=0,1,2;r26=2,5,7,8,1,0,3,6,4;r27=1,2,3,0;r28=1,2,0;r29=2,3,5,6,4,7,1,0;r30=1,2,6,7,4,0,3,5;r31=1,2,0,4,5,3;r32=0,1,4,5,2,3;r33=1,2,3,4,5,0",fdb803d2
sample_0087.dl,sample,"r0=1,2,0,3;r1=1,2,3,0;r2=1,2,0;r3=1,2,0;r4=1,2,0;r5=0,2,1;r6=0,1,3,2;r7=0,1,2;r8=0,1,2;r9=0,2,1;r10=1,3,0,2;r11=0,1,2,3;r12=1,2,0;r13=0,4,1,3,2;r14=1,2,0;r15=2,3,1,0,4;r16=0,1,2;r17=1,2,0;r18=0,2,1;r19=0,2,1;r20=0,1,2;r21=2,3,1,4,0;r22=6,7,5,4,3,2,1,0;r23=1,2,5,3,4,6,0,7;r24=1,3,0,2;r25=0,1,2;r26=6,7,8,1,4,0,2,5,3;r27=1,2,3,0;r28=0,1,2;r29=1,5,6,2,7,0,3,4;r30=2,3,5,6,1,7,4,0;r31=1,4,0,2,5,3;r32=1,2,4,5,3,0;r33=2,3,1,4,0,5",80417118
sample_0088.dl,sample,"r0=0,2,1,3;r1=0,1,3,2;r2=0,1,2;r3=0,2,1;r4=0,2,1;r5=0,2,1;r6=0,3,1,2;r7=0,2,1;r8=0,1,2;r9=0,2,1;r10=1,2,0,3;r11=0,1,3,2;r12=1,2,0;r13=0,4,2,1,3;r14=1,2,0;r15=1,3,0,2,4;r16=1,2,0;r17=0,1,2;r18=0,1,2;r19=0,2,1;r20=0,1,2;r21=1,4,2,0,3;r22=1,3,2,5,0,6,4,7;r23=5,6,7,2,3,1,0,4;r24=1,3,0,2;r25=1,2,0;r26=2,6,3,1,4,7,5,0,8;r27=1,2,3,0;r28=1,2,0;r29=4,7,3,2,5,1,6,0;r30=6,7,4,1,5,3,0,2;r31=1,2,0,4,5,3;r32=1,4,0,2,5,3;r33=1,4,0,5,2,3",2ecbd843
sample_0089.dl,sample,"r0=1,3,2,0;r1=2,3,1,0;r2=0,1,2;r3=0,2,1;r4=0,2,1;r5=0,1,2;r6=1,2,0,3;r7=0,2,1;r8=0,2,1;r9=1,2,0;r10=1,3,2,0;r11=1,3,2,0;r12=0,2,1;r13=0,4,1,2,3;r14=0,1,2;r15=1,3,4,0,2;r16=1,2,0;r17=1,2,0;r18=0,2,1;r19=0,2,1;r20=0,1,2;r21=2,3,4,1,0;r22=1,2,5,3,4,6,0,7;r23=2,5,1,6,7,4,3,0;r24=1,3,0,2;r25=0,1,2;r26=6,7,5,8,2,3,1,0,4;r27=1,3,0,2;r28=0,1,2;r29=4,7,6,3,1,2,0,5;r30=1,6,7,2,4,0,3,5;r31=1,4,5,2,0,3;r32=4,5,2,1,0,3;r33=1,4,0,2,3,5",4b195538
sample_0090.dl,sample,"r0=2,3,1,0;r1=0,1,3,2;r2=0,2,1;r3=1,2,0;r4=0,2,1;r5=0,1,2;r6=2,3,0,1;r7=0,2,1;r8=0,1,2;r9=0,2,1;r10=1,3,2,0;r11=0,1,3,2;r12=1,2,0;r13=0,3,1,4,2;r14=1,2,0;r15=0,1,3,4,2;r16=1,2,0;r17=1,2,0;r18=1,2,0;r19=0,2,1;r20=1,2,0;r21=2,3,1,4,0;r22=0,1,3,2,4,7,5,6;r23=5,6,2,1,4,3,0,7;r24=1,2,0,3;r25=0,1,2;r26=1,5,6,2,7,4,8,3,0;r27=0,1,3,2;r28=1,2,0;r29=1,6,0,2,7,3,5,4;r30=6,7,5,4,3,1,0,2;r31=0,1,2,4,5,3;r32=2,4,1,0,3,5;r33=2,4,1,5,3,0",befca3fc
sample_0091.dl,sample,"r0=2,3,0,1;r1=2,3,0,1;r2=0,2,1;r3=0,2,1;r4=0,2,1;r5=0,1,2;r6=0,1,2,3;r7=0,1,2;r8=0,2,1;r9=0,1,2;r10=1,3,0,2;r11=1,3,2,0;r12=1,2,0;r13=0,3,4,2,1;r14=0,1,2;r15=2,3,4,1,0;r16=1,2,0;r17=1,2,0;r18=0,2,1;r19=0,1,2;r20=1,2,0;r21=0,1,2,3,4;r22=2,5,1,3,6,7,4,0;r23=1,2,3,0,4,5,7,6;r24=1,2,0,3;r25=1,2,0;r26=1,5,0,7,4,2,8,3,6;r27=0,1,2,3;r28=0,1,2;r29=2,6,1,0,5,3,4,7;r30=2,5,3,1,6,7,4,0;r31=1,4,2,0,3,5;r32=1,4,5,2,3,0;r33=4,5,1,2,3,0",f4154c23
sample_0092.dl,sample,"r0=0,2,3,1;r1=1,3,0,2;r2=0,2,1;r3=0,2,1;r4=0,2,1;r5=0,1,2;r6=1,2,3,0;r7=1,2,0;r8=1,2,0;r9=0,2,1;r10=1,2,0,3;r11=0,1,2,3;r12=0,2,1;r13=0,1,2,4,3;r14=0,1,2;r15=0,1,2,3,4;r16=1,2,0;r17=0,1,2;r18=1,2,0;r19=0,1,2;r20=0,1,2;r21=2,3,1,0,4;r22=1,2,5,0,3,4,7,6;r23=2,5,1,4,3,0,6,7;r24=0,1,3,2;r25=1,2,0;r26=5,7,4,6,2,1,0,8,3;r27=1,2,3,0;r28=1,2,0;r29=2,3,1,4,7,5,6,0;r30=2,6,7,5,4,3,1,0;r31=2,4,1,5,0,3;r32=1,2,3,4,5,0;r33=1,2,3,4,5,0",6493130b
sample_0093.dl,sample,"r0=2,3,0,1;r1=2,3,0,1;r2=0,2,1;r3=0,2,1;r4=0,1,2;r5=1,2,0;r6=1,3,2,0;r7=0,1,2;r8=0,2,1;r9=1,2,0;r10=1,2,3,0;r11=1,2,3,0;r12=0,1,2;r13=0,4,3,1,2;r14=0,1,2;r15=1,3,0,2,4;r16=1,2,0;r17=0,1,2;r18=1,2,0;r19=0,1,2;r20=0,1,2;r21=1,4,0,3,2;r22=1,3,2,4,7,6,0,5;r23=1,2,4,5,7,6,3,0;r24=1,2,3,0;r25=0,1,2;r26=2,5,1,6,7,3,4,0,8;r27=1,3,2,0;r28=1,2,0;r29=5,7,2,6,1,0,4,3;r30=2,5,3,1,7,6,4,0;r31=2,4,1,3,0,5;r32=1,4,2,3,5,0;r33=2,4,1,3,5,0",a6b09835
sample_0094.dl,sample,"r0=1,2,0,3;r1=1,3,2,0;r2=0,1,2;r3=0,2,1;r4=0,2,1;r5=0,2,1;r6=1,3,2,0;r7=0,1,2;r8=1,2,0;r9=1,2,0;r10=2,3,1,0;r11=1,2,0,3;r12=1,2,0;r13=0,4,1,2,3;r14=0,1,2;r15=1,2,3,0,4;r16=1,2,0;r17=0,1,2;r18=0,1,2;r19=0,2,1;r20=0,1,2;r21=1,2,0,4,3;r22=1,3,4,0,7,6,5,2;r23=3,5,6,2,7,4,1,0;r24=0,1,3,2;r25=1,2,0;r26=4,7,5,3,1,2,0,6,8;r27=1,3,0,2;r28=0,1,2;r29=6,7,2,1,0,4,3,5;r30=2,6,5,1,7,0,4,3;r31=1,4,5,0,2,3;r32=1,2,3,4,5,0;r33=2,3,1,4,0,5",afe6c9d3
sample_0095.dl,sample,"r0=2,3,0,1;r1=1,3,0,2;r2=1,2,0;r3=1,2,0;r4=0,1,2;r5=1,2,0;r6=0,2,1,3;r7=0,2,1;r8=0,2,1;r9=0,1,2;r10=0,1,3,2;r11=1,2,0,3;r12=0,2,1;r13=0,4,1,3,2;r14=0,1,2;r15=1,3,4,2,0;r16=0,1,2;r17=1,2,0;r18=0,1,2;r19=0,1,2;r20=1,2,0;r21=2,3,1,4,0;r22=2,5,1,6,7,0,3,4;r23=2,5,6,7,1,3,4,0;r24=1,2,3,0;r25=1,2,0;r26=6,7,8,1,2,4,3,5,0;r27=1,2,3,0;r28=1,2,0;r29=4,7,5,2,1,3,0,6;r30=5,6,7,1,2,4,3,0;r31=1,2,3,4,0,5;r32=0,1,4,5,2,3;r33=2,4,1,0,3,5",a406dcec
sample_0096.dl,sample,"r0=0,1,2,3;r1=0,2,3,1;r2=0,2,1;r3=0,1,2;r4=0,2,1;r5=0,1,2;r6=1,3,0,2;r7=0,2,1;r8=0,1,2;r9=0,2,1;r10=1,3,0,2;r11=1,3,2,0;r12=0,2,1;r13=0,3,4,2,1;r14=0,1,2;r15=1,2,0,3,4;r16=1,2,0;r17=1,2,0;r18=1,2,0;r19=0,1,2;r20=1,2,0;r21=2,3,1,4,0;r22=1,2,5,3,6,7,4,0;r23=1,4,7,2,5,0,6,3;r24=0,1,2,3;r25=0,1,2;r26=2,5,7,3,1,4,6,0,8;r27=0,1,2,3;r28=1,2,0;r29=2,3,5,1,6,7,0,4;r30=2,6,1,0,5,3,7,4;r31=4,5,2,1,3,0;r32=0,1,4,5,2,3;r33=1,4,5,2,0,3",a6f1de2c
sample_0097.dl,sample,"r0=0,1,3,2;r1=0,2,3,1;r2=0,1,2;r3=1,2,0;r4=1,2,0;r5=1,2,0;r6=0,3,2,1;r7=1,2,0;r8=1,2,0;r9=1,2,0;r10=1,2,3,0;r11=0,1,3,2;r12=1,2,0;r13=0,1,4,2,3;r14=0,1,2;r15=1,3,0,2,4;r16=0,1,2;r17=1,2,0;r18=1,2,0;r19=0,2,1;r20=0,1,2;r21=1,4,0,2,3;r22=4,7,3,1,2,5,0,6;r23=1,2,5,6,4,7,3,0;r24=1,2,0,3;r25=1,2,0;r26=5,7,1,6,4,0,2,8,3;r27=1,3,2,0;r28=0,1,2;r29=1,5,6,0,7,2,4,3;r30=3,4,2,5,1,0,7,6;r31=0,1,4,2,3,5;r32=1,2,4,5,3,0;r33=2,4,1,5,3,0",56d978dd
sample_0098.dl,sample,"r0=0,2,1,3;r1=2,3,1,0;r2=0,1,2;r3=0,1,2;r4=0,1,2;r5=1,2,0;r6=0,3,2,1;r7=0,1,2;r8=1,2,0;r9=0,2,1;r10=1,2,3,0;r11=0,1,3,2;r12=1,2,0;r13=0,4,2,1,3;r14=1,2,0;r15=2,3,1,4,0;r16=1,2,0;r17=1,2,0;r18=0,1,2;r19=0,1,2;r20=1,2,0;r21=2,3,1,0,4;r22=4,7,6,3,1,5,0,2;r23=1,2,5,6,0,4,3,7;r24=1,3,2,0;r25=1,2,0;r26=4,7,8,5,2,1,3,6,0;r27=1,2,3,0;r28=1,2,0;r29=6,7,2,3,4,1,5,0;r30=0,1,2,3,5,7,4,6;r31=4,5,1,2,0,3;r32=2,4,5,1,3,0;r33=0,1,4,5,2,3",c861313c
sample_0099.dl,sample,"r0=2,3,1,0;r1=1,2,3,0;r2=1,2,0;r3=1,2,0;r4=1,2,0;r5=0,2,1;r6=0,1,3,2;r7=1,2,0;r8=0,2,1;r9=0,1,2;r10=1,2,3,0;r11=2,3,1,0;r12=0,1,2;r13=0,3,2,4,1;r14=1,2,0;r15=1,3,4,0,2;r16=1,2,0;r17=1,2,0;r18=1,2,0;r19=0,1,2;r20=1,2,0;r21=1,4,0,2,3;r22=6,7,5,2,4,3,1,0;r23=3,5,2,6,1,7,4,0;r24=2,3,1,0;r25=0,1,2;r26=1,2,3,6,7,4,5,0,8;r27=0,1,2,3;r28=1,2,0;r29=0,1,5,6,2,3,4,7;r30=1,5,2,3,7,6,0,4;r31=1,2,3,4,0,5;r32=1,4,5,2,0,3;r33=1,4,5,2,3,0",2a8dbac2
sample_0100.dl,sample,"r0=0,1,2,3;r1=1,2,0,3;r2=0,1,2;r3=1,2,0;r4=0,1,2;r5=1,2,0;r6=0,3,1,2;r7=0,1,2;r8=0,2,1;r9=0,1,2;r10=1,3,2,0;r11=1,2,0,3;r12=0,2,1;r13=0,1,3,2,4;r14=1,2,0;r15=1,2,3,4,0;r16=0,1,2;r17=1,2,0;r18=1,2,0;r19=0,2,1;r20=0,1,2;r21=1,4,2,3,0;r22=3,4,7,1,2,5,0,6;r23=1,2,0,5,3,6,7,4;r24=1,3,2,0;r25=0,1,2;r26=0,1,2,3,5,6,7,8,4;r27=0,1,3,2;r28=1,2,0;r29=1,2,5,6,3,7,4,0;r30=1,5,2,7,4,6,3,0;r31=2,4,1,0,5,3;r32=1,2,4,3,0,5;r33=2,3,4,1,0,5",d35b141c
