Variant,Kind,Signature,Total_s,PeakRss_MB,RunsSucceeded,vs_Default,SemanticPreserve
default,default,"r0=0,1,2,3;r1=0,1,2,3;r2=0,1,2;r3=0,1,2;r4=0,1,2;r5=0,1,2;r6=0,1,2,3;r7=0,1,2;r8=0,1,2;r9=0,1,2;r10=0,1,2,3;r11=0,1,2,3;r12=0,1,2;r13=0,1,2,3,4,5;r14=0,1,2,3,4;r15=0,1,2;r16=0,1,2,3,4;r17=0,1,2;r18=0,1,2;r19=0,1,2;r20=0,1,2;r21=0,1,2;r22=0,1,2,3,4;r23=0,1,2,3,4,5,6,7;r24=0,1,2,3,4,5,6,7;r25=0,1,2,3;r26=0,1,2;r27=0,1,2,3,4,5,6,7,8;r28=0,1,2,3;r29=0,1,2;r30=0,1,2,3,4,5,6,7;r31=0,1,2,3,4,5,6,7;r32=0,1,2,3,4,5;r33=0,1,2,3,4,5;r34=0,1,2,3,4,5",9.739265210,5062.24,3,1.000000,match
ablation_r0_p01,ablation,"r0=0,1,3,2;r1=0,1,2,3;r2=0,1,2;r3=0,1,2;r4=0,1,2;r5=0,1,2;r6=0,1,2,3;r7=0,1,2;r8=0,1,2;r9=0,1,2;r10=0,1,2,3;r11=0,1,2,3;r12=0,1,2;r13=0,1,2,3,4,5;r14=0,1,2,3,4;r15=0,1,2;r16=0,1,2,3,4;r17=0,1,2;r18=0,1,2;r19=0,1,2;r20=0,1,2;r21=0,1,2;r22=0,1,2,3,4;r23=0,1,2,3,4,5,6,7;r24=0,1,2,3,4,5,6,7;r25=0,1,2,3;r26=0,1,2;r27=0,1,2,3,4,5,6,7,8;r28=0,1,2,3;r29=0,1,2;r30=0,1,2,3,4,5,6,7;r31=0,1,2,3,4,5,6,7;r32=0,1,2,3,4,5;r33=0,1,2,3,4,5;r34=0,1,2,3,4,5",9.978632129,5172.37,3,1.024578,match
ablation_r0_p02,ablation,"r0=0,2,1,3;r1=0,1,2,3;r2=0,1,2;r3=0,1,2;r4=0,1,2;r5=0,1,2;r6=0,1,2,3;r7=0,1,2;r8=0,1,2;r9=0,1,2;r10=0,1,2,3;r11=0,1,2,3;r12=0,1,2;r13=0,1,2,3,4,5;r14=0,1,2,3,4;r15=0,1,2;r16=0,1,2,3,4;r17=0,1,2;r18=0,1,2;r19=0,1,2;r20=0,1,2;r21=0,1,2;r22=0,1,2,3,4;r23=0,1,2,3,4,5,6,7;r24=0,1,2,3,4,5,6,7;r25=0,1,2,3;r26=0,1,2;r27=0,1,2,3,4,5,6,7,8;r28=0,1,2,3;r29=0,1,2;r30=0,1,2,3,4,5,6,7;r31=0,1,2,3,4,5,6,7;r32=0,1,2,3,4,5;r33=0,1,2,3,4,5;r34=0,1,2,3,4,5",10.008103326,5097.80,3,1.027604,match
ablation_r0_p03,ablation,"r0=0,2,3,1;r1=0,1,2,3;r2=0,1,2;r3=0,1,2;r4=0,1,2;r5=0,1,2;r6=0,1,2,3;r7=0,1,2;r8=0,1,2;r9=0,1,2;r10=0,1,2,3;r11=0,1,2,3;r12=0,1,2;r13=0,1,2,3,4,5;r14=0,1,2,3,4;r15=0,1,2;r16=0,1,2,3,4;r17=0,1,2;r18=0,1,2;r19=0,1,2;r20=0,1,2;r21=0,1,2;r22=0,1,2,3,4;r23=0,1,2,3,4,5,6,7;r24=0,1,2,3,4,5,6,7;r25=0,1,2,3;r26=0,1,2;r27=0,1,2,3,4,5,6,7,8;r28=0,1,2,3;r29=0,1,2;r30=0,1,2,3,4,5,6,7;r31=0,1,2,3,4,5,6,7;r32=0,1,2,3,4,5;r33=0,1,2,3,4,5;r34=0,1,2,3,4,5",9.517633130,5214.23,3,0.977243,match
ablation_r0_p04,ablation,"r0=0,3,1,2;r1=0,1,2,3;r2=0,1,2;r3=0,1,2;r4=0,1,2;r5=0,1,2;r6=0,1,2,3;r7=0,1,2;r8=0,1,2;r9=0,1,2;r10=0,1,2,3;r11=0,1,2,3;r12=0,1,2;r13=0,1,2,3,4,5;r14=0,1,2,3,4;r15=0,1,2;r16=0,1,2,3,4;r17=0,1,2;r18=0,1,2;r19=0,1,2;r20=0,1,2;r21=0,1,2;r22=0,1,2,3,4;r23=0,1,2,3,4,5,6,7;r24=0,1,2,3,4,5,6,7;r25=0,1,2,3;r26=0,1,2;r27=0,1,2,3,4,5,6,7,8;r28=0,1,2,3;r29=0,1,2;r30=0,1,2,3,4,5,6,7;r31=0,1,2,3,4,5,6,7;r32=0,1,2,3,4,5;r33=0,1,2,3,4,5;r34=0,1,2,3,4,5",10.002557307,5165.38,3,1.027034,match
ablation_r0_p05,ablation,"r0=0,3,2,1;r1=0,1,2,3;r2=0,1,2;r3=0,1,2;r4=0,1,2;r5=0,1,2;r6=0,1,2,3;r7=0,1,2;r8=0,1,2;r9=0,1,2;r10=0,1,2,3;r11=0,1,2,3;r12=0,1,2;r13=0,1,2,3,4,5;r14=0,1,2,3,4;r15=0,1,2;r16=0,1,2,3,4;r17=0,1,2;r18=0,1,2;r19=0,1,2;r20=0,1,2;r21=0,1,2;r22=0,1,2,3,4;r23=0,1,2,3,4,5,6,7;r24=0,1,2,3,4,5,6,7;r25=0,1,2,3;r26=0,1,2;r27=0,1,2,3,4,5,6,7,8;r28=0,1,2,3;r29=0,1,2;r30=0,1,2,3,4,5,6,7;r31=0,1,2,3,4,5,6,7;r32=0,1,2,3,4,5;r33=0,1,2,3,4,5;r34=0,1,2,3,4,5",9.700624516,5065.58,3,0.996032,match
ablation_r0_p06,ablation,"r0=1,2,0,3;r1=0,1,2,3;r2=0,1,2;r3=0,1,2;r4=0,1,2;r5=0,1,2;r6=0,1,2,3;r7=0,1,2;r8=0,1,2;r9=0,1,2;r10=0,1,2,3;r11=0,1,2,3;r12=0,1,2;r13=0,1,2,3,4,5;r14=0,1,2,3,4;r15=0,1,2;r16=0,1,2,3,4;r17=0,1,2;r18=0,1,2;r19=0,1,2;r20=0,1,2;r21=0,1,2;r22=0,1,2,3,4;r23=0,1,2,3,4,5,6,7;r24=0,1,2,3,4,5,6,7;r25=0,1,2,3;r26=0,1,2;r27=0,1,2,3,4,5,6,7,8;r28=0,1,2,3;r29=0,1,2;r30=0,1,2,3,4,5,6,7;r31=0,1,2,3,4,5,6,7;r32=0,1,2,3,4,5;r33=0,1,2,3,4,5;r34=0,1,2,3,4,5",10.117938721,5117.00,3,1.038881,match
ablation_r0_p07,ablation,"r0=1,2,3,0;r1=0,1,2,3;r2=0,1,2;r3=0,1,2;r4=0,1,2;r5=0,1,2;r6=0,1,2,3;r7=0,1,2;r8=0,1,2;r9=0,1,2;r10=0,1,2,3;r11=0,1,2,3;r12=0,1,2;r13=0,1,2,3,4,5;r14=0,1,2,3,4;r15=0,1,2;r16=0,1,2,3,4;r17=0,1,2;r18=0,1,2;r19=0,1,2;r20=0,1,2;r21=0,1,2;r22=0,1,2,3,4;r23=0,1,2,3,4,5,6,7;r24=0,1,2,3,4,5,6,7;r25=0,1,2,3;r26=0,1,2;r27=0,1,2,3,4,5,6,7,8;r28=0,1,2,3;r29=0,1,2;r30=0,1,2,3,4,5,6,7;r31=0,1,2,3,4,5,6,7;r32=0,1,2,3,4,5;r33=0,1,2,3,4,5;r34=0,1,2,3,4,5",9.952745339,5127.90,3,1.021920,match
ablation_r0_p08,ablation,"r0=1,3,0,2;r1=0,1,2,3;r2=0,1,2;r3=0,1,2;r4=0,1,2;r5=0,1,2;r6=0,1,2,3;r7=0,1,2;r8=0,1,2;r9=0,1,2;r10=0,1,2,3;r11=0,1,2,3;r12=0,1,2;r13=0,1,2,3,4,5;r14=0,1,2,3,4;r15=0,1,2;r16=0,1,2,3,4;r17=0,1,2;r18=0,1,2;r19=0,1,2;r20=0,1,2;r21=0,1,2;r22=0,1,2,3,4;r23=0,1,2,3,4,5,6,7;r24=0,1,2,3,4,5,6,7;r25=0,1,2,3;r26=0,1,2;r27=0,1,2,3,4,5,6,7,8;r28=0,1,2,3;r29=0,1,2;r30=0,1,2,3,4,5,6,7;r31=0,1,2,3,4,5,6,7;r32=0,1,2,3,4,5;r33=0,1,2,3,4,5;r34=0,1,2,3,4,5",9.870413765,5191.94,3,1.013466,match
ablation_r0_p09,ablation,"r0=1,3,2,0;r1=0,1,2,3;r2=0,1,2;r3=0,1,2;r4=0,1,2;r5=0,1,2;r6=0,1,2,3;r7=0,1,2;r8=0,1,2;r9=0,1,2;r10=0,1,2,3;r11=0,1,2,3;r12=0,1,2;r13=0,1,2,3,4,5;r14=0,1,2,3,4;r15=0,1,2;r16=0,1,2,3,4;r17=0,1,2;r18=0,1,2;r19=0,1,2;r20=0,1,2;r21=0,1,2;r22=0,1,2,3,4;r23=0,1,2,3,4,5,6,7;r24=0,1,2,3,4,5,6,7;r25=0,1,2,3;r26=0,1,2;r27=0,1,2,3,4,5,6,7,8;r28=0,1,2,3;r29=0,1,2;r30=0,1,2,3,4,5,6,7;r31=0,1,2,3,4,5,6,7;r32=0,1,2,3,4,5;r33=0,1,2,3,4,5;r34=0,1,2,3,4,5",9.977407098,5157.12,3,1.024452,match
ablation_r0_p10,ablation,"r0=2,3,0,1;r1=0,1,2,3;r2=0,1,2;r3=0,1,2;r4=0,1,2;r5=0,1,2;r6=0,1,2,3;r7=0,1,2;r8=0,1,2;r9=0,1,2;r10=0,1,2,3;r11=0,1,2,3;r12=0,1,2;r13=0,1,2,3,4,5;r14=0,1,2,3,4;r15=0,1,2;r16=0,1,2,3,4;r17=0,1,2;r18=0,1,2;r19=0,1,2;r20=0,1,2;r21=0,1,2;r22=0,1,2,3,4;r23=0,1,2,3,4,5,6,7;r24=0,1,2,3,4,5,6,7;r25=0,1,2,3;r26=0,1,2;r27=0,1,2,3,4,5,6,7,8;r28=0,1,2,3;r29=0,1,2;r30=0,1,2,3,4,5,6,7;r31=0,1,2,3,4,5,6,7;r32=0,1,2,3,4,5;r33=0,1,2,3,4,5;r34=0,1,2,3,4,5",9.953151960,5189.04,3,1.021961,match
ablation_r0_p11,ablation,"r0=2,3,1,0;r1=0,1,2,3;r2=0,1,2;r3=0,1,2;r4=0,1,2;r5=0,1,2;r6=0,1,2,3;r7=0,1,2;r8=0,1,2;r9=0,1,2;r10=0,1,2,3;r11=0,1,2,3;r12=0,1,2;r13=0,1,2,3,4,5;r14=0,1,2,3,4;r15=0,1,2;r16=0,1,2,3,4;r17=0,1,2;r18=0,1,2;r19=0,1,2;r20=0,1,2;r21=0,1,2;r22=0,1,2,3,4;r23=0,1,2,3,4,5,6,7;r24=0,1,2,3,4,5,6,7;r25=0,1,2,3;r26=0,1,2;r27=0,1,2,3,4,5,6,7,8;r28=0,1,2,3;r29=0,1,2;r30=0,1,2,3,4,5,6,7;r31=0,1,2,3,4,5,6,7;r32=0,1,2,3,4,5;r33=0,1,2,3,4,5;r34=0,1,2,3,4,5",9.898800688,5124.71,3,1.016381,match
ablation_r1_p01,ablation,"r0=0,1,2,3;r1=0,1,3,2;r2=0,1,2;r3=0,1,2;r4=0,1,2;r5=0,1,2;r6=0,1,2,3;r7=0,1,2;r8=0,1,2;r9=0,1,2;r10=0,1,2,3;r11=0,1,2,3;r12=0,1,2;r13=0,1,2,3,4,5;r14=0,1,2,3,4;r15=0,1,2;r16=0,1,2,3,4;r17=0,1,2;r18=0,1,2;r19=0,1,2;r20=0,1,2;r21=0,1,2;r22=0,1,2,3,4;r23=0,1,2,3,4,5,6,7;r24=0,1,2,3,4,5,6,7;r25=0,1,2,3;r26=0,1,2;r27=0,1,2,3,4,5,6,7,8;r28=0,1,2,3;r29=0,1,2;r30=0,1,2,3,4,5,6,7;r31=0,1,2,3,4,5,6,7;r32=0,1,2,3,4,5;r33=0,1,2,3,4,5;r34=0,1,2,3,4,5",9.752454510,5056.70,3,1.001354,match
ablation_r1_p02,ablation,"r0=0,1,2,3;r1=0,2,1,3;r2=0,1,2;r3=0,1,2;r4=0,1,2;r5=0,1,2;r6=0,1,2,3;r7=0,1,2;r8=0,1,2;r9=0,1,2;r10=0,1,2,3;r11=0,1,2,3;r12=0,1,2;r13=0,1,2,3,4,5;r14=0,1,2,3,4;r15=0,1,2;r16=0,1,2,3,4;r17=0,1,2;r18=0,1,2;r19=0,1,2;r20=0,1,2;r21=0,1,2;r22=0,1,2,3,4;r23=0,1,2,3,4,5,6,7;r24=0,1,2,3,4,5,6,7;r25=0,1,2,3;r26=0,1,2;r27=0,1,2,3,4,5,6,7,8;r28=0,1,2,3;r29=0,1,2;r30=0,1,2,3,4,5,6,7;r31=0,1,2,3,4,5,6,7;r32=0,1,2,3,4,5;r33=0,1,2,3,4,5;r34=0,1,2,3,4,5",10.062385472,5050.30,3,1.033177,match
ablation_r1_p03,ablation,"r0=0,1,2,3;r1=0,2,3,1;r2=0,1,2;r3=0,1,2;r4=0,1,2;r5=0,1,2;r6=0,1,2,3;r7=0,1,2;r8=0,1,2;r9=0,1,2;r10=0,1,2,3;r11=0,1,2,3;r12=0,1,2;r13=0,1,2,3,4,5;r14=0,1,2,3,4;r15=0,1,2;r16=0,1,2,3,4;r17=0,1,2;r18=0,1,2;r19=0,1,2;r20=0,1,2;r21=0,1,2;r22=0,1,2,3,4;r23=0,1,2,3,4,5,6,7;r24=0,1,2,3,4,5,6,7;r25=0,1,2,3;r26=0,1,2;r27=0,1,2,3,4,5,6,7,8;r28=0,1,2,3;r29=0,1,2;r30=0,1,2,3,4,5,6,7;r31=0,1,2,3,4,5,6,7;r32=0,1,2,3,4,5;r33=0,1,2,3,4,5;r34=0,1,2,3,4,5",10.076982586,5035.12,3,1.034676,match
ablation_r1_p04,ablation,"r0=0,1,2,3;r1=0,3,1,2;r2=0,1,2;r3=0,1,2;r4=0,1,2;r5=0,1,2;r6=0,1,2,3;r7=0,1,2;r8=0,1,2;r9=0,1,2;r10=0,1,2,3;r11=0,1,2,3;r12=0,1,2;r13=0,1,2,3,4,5;r14=0,1,2,3,4;r15=0,1,2;r16=0,1,2,3,4;r17=0,1,2;r18=0,1,2;r19=0,1,2;r20=0,1,2;r21=0,1,2;r22=0,1,2,3,4;r23=0,1,2,3,4,5,6,7;r24=0,1,2,3,4,5,6,7;r25=0,1,2,3;r26=0,1,2;r27=0,1,2,3,4,5,6,7,8;r28=0,1,2,3;r29=0,1,2;r30=0,1,2,3,4,5,6,7;r31=0,1,2,3,4,5,6,7;r32=0,1,2,3,4,5;r33=0,1,2,3,4,5;r34=0,1,2,3,4,5",9.741927987,5081.53,3,1.000273,match
ablation_r1_p05,ablation,"r0=0,1,2,3;r1=0,3,2,1;r2=0,1,2;r3=0,1,2;r4=0,1,2;r5=0,1,2;r6=0,1,2,3;r7=0,1,2;r8=0,1,2;r9=0,1,2;r10=0,1,2,3;r11=0,1,2,3;r12=0,1,2;r13=0,1,2,3,4,5;r14=0,1,2,3,4;r15=0,1,2;r16=0,1,2,3,4;r17=0,1,2;r18=0,1,2;r19=0,1,2;r20=0,1,2;r21=0,1,2;r22=0,1,2,3,4;r23=0,1,2,3,4,5,6,7;r24=0,1,2,3,4,5,6,7;r25=0,1,2,3;r26=0,1,2;r27=0,1,2,3,4,5,6,7,8;r28=0,1,2,3;r29=0,1,2;r30=0,1,2,3,4,5,6,7;r31=0,1,2,3,4,5,6,7;r32=0,1,2,3,4,5;r33=0,1,2,3,4,5;r34=0,1,2,3,4,5",9.970283868,5105.85,3,1.023720,match
ablation_r1_p06,ablation,"r0=0,1,2,3;r1=1,2,0,3;r2=0,1,2;r3=0,1,2;r4=0,1,2;r5=0,1,2;r6=0,1,2,3;r7=0,1,2;r8=0,1,2;r9=0,1,2;r10=0,1,2,3;r11=0,1,2,3;r12=0,1,2;r13=0,1,2,3,4,5;r14=0,1,2,3,4;r15=0,1,2;r16=0,1,2,3,4;r17=0,1,2;r18=0,1,2;r19=0,1,2;r20=0,1,2;r21=0,1,2;r22=0,1,2,3,4;r23=0,1,2,3,4,5,6,7;r24=0,1,2,3,4,5,6,7;r25=0,1,2,3;r26=0,1,2;r27=0,1,2,3,4,5,6,7,8;r28=0,1,2,3;r29=0,1,2;r30=0,1,2,3,4,5,6,7;r31=0,1,2,3,4,5,6,7;r32=0,1,2,3,4,5;r33=0,1,2,3,4,5;r34=0,1,2,3,4,5",10.042945570,5192.54,3,1.031181,match
ablation_r1_p07,ablation,"r0=0,1,2,3;r1=1,2,3,0;r2=0,1,2;r3=0,1,2;r4=0,1,2;r5=0,1,2;r6=0,1,2,3;r7=0,1,2;r8=0,1,2;r9=0,1,2;r10=0,1,2,3;r11=0,1,2,3;r12=0,1,2;r13=0,1,2,3,4,5;r14=0,1,2,3,4;r15=0,1,2;r16=0,1,2,3,4;r17=0,1,2;r18=0,1,2;r19=0,1,2;r20=0,1,2;r21=0,1,2;r22=0,1,2,3,4;r23=0,1,2,3,4,5,6,7;r24=0,1,2,3,4,5,6,7;r25=0,1,2,3;r26=0,1,2;r27=0,1,2,3,4,5,6,7,8;r28=0,1,2,3;r29=0,1,2;r30=0,1,2,3,4,5,6,7;r31=0,1,2,3,4,5,6,7;r32=0,1,2,3,4,5;r33=0,1,2,3,4,5;r34=0,1,2,3,4,5",10.163500879,5143.46,3,1.043559,match
ablation_r1_p08,ablation,"r0=0,1,2,3;r1=1,3,0,2;r2=0,1,2;r3=0,1,2;r4=0,1,2;r5=0,1,2;r6=0,1,2,3;r7=0,1,2;r8=0,1,2;r9=0,1,2;r10=0,1,2,3;r11=0,1,2,3;r12=0,1,2;r13=0,1,2,3,4,5;r14=0,1,2,3,4;r15=0,1,2;r16=0,1,2,3,4;r17=0,1,2;r18=0,1,2;r19=0,1,2;r20=0,1,2;r21=0,1,2;r22=0,1,2,3,4;r23=0,1,2,3,4,5,6,7;r24=0,1,2,3,4,5,6,7;r25=0,1,2,3;r26=0,1,2;r27=0,1,2,3,4,5,6,7,8;r28=0,1,2,3;r29=0,1,2;r30=0,1,2,3,4,5,6,7;r31=0,1,2,3,4,5,6,7;r32=0,1,2,3,4,5;r33=0,1,2,3,4,5;r34=0,1,2,3,4,5",9.782043624,5095.72,3,1.004392,match
ablation_r1_p09,ablation,"r0=0,1,2,3;r1=1,3,2,0;r2=0,1,2;r3=0,1,2;r4=0,1,2;r5=0,1,2;r6=0,1,2,3;r7=0,1,2;r8=0,1,2;r9=0,1,2;r10=0,1,2,3;r11=0,1,2,3;r12=0,1,2;r13=0,1,2,3,4,5;r14=0,1,2,3,4;r15=0,1,2;r16=0,1,2,3,4;r17=0,1,2;r18=0,1,2;r19=0,1,2;r20=0,1,2;r21=0,1,2;r22=0,1,2,3,4;r23=0,1,2,3,4,5,6,7;r24=0,1,2,3,4,5,6,7;r25=0,1,2,3;r26=0,1,2;r27=0,1,2,3,4,5,6,7,8;r28=0,1,2,3;r29=0,1,2;r30=0,1,2,3,4,5,6,7;r31=0,1,2,3,4,5,6,7;r32=0,1,2,3,4,5;r33=0,1,2,3,4,5;r34=0,1,2,3,4,5",9.731859594,5168.23,3,0.999240,match
ablation_r1_p10,ablation,"r0=0,1,2,3;r1=2,3,0,1;r2=0,1,2;r3=0,1,2;r4=0,1,2;r5=0,1,2;r6=0,1,2,3;r7=0,1,2;r8=0,1,2;r9=0,1,2;r10=0,1,2,3;r11=0,1,2,3;r12=0,1,2;r13=0,1,2,3,4,5;r14=0,1,2,3,4;r15=0,1,2;r16=0,1,2,3,4;r17=0,1,2;r18=0,1,2;r19=0,1,2;r20=0,1,2;r21=0,1,2;r22=0,1,2,3,4;r23=0,1,2,3,4,5,6,7;r24=0,1,2,3,4,5,6,7;r25=0,1,2,3;r26=0,1,2;r27=0,1,2,3,4,5,6,7,8;r28=0,1,2,3;r29=0,1,2;r30=0,1,2,3,4,5,6,7;r31=0,1,2,3,4,5,6,7;r32=0,1,2,3,4,5;r33=0,1,2,3,4,5;r34=0,1,2,3,4,5",9.800226907,5172.69,3,1.006259,match
ablation_r1_p11,ablation,"r0=0,1,2,3;r1=2,3,1,0;r2=0,1,2;r3=0,1,2;r4=0,1,2;r5=0,1,2;r6=0,1,2,3;r7=0,1,2;r8=0,1,2;r9=0,1,2;r10=0,1,2,3;r11=0,1,2,3;r12=0,1,2;r13=0,1,2,3,4,5;r14=0,1,2,3,4;r15=0,1,2;r16=0,1,2,3,4;r17=0,1,2;r18=0,1,2;r19=0,1,2;r20=0,1,2;r21=0,1,2;r22=0,1,2,3,4;r23=0,1,2,3,4,5,6,7;r24=0,1,2,3,4,5,6,7;r25=0,1,2,3;r26=0,1,2;r27=0,1,2,3,4,5,6,7,8;r28=0,1,2,3;r29=0,1,2;r30=0,1,2,3,4,5,6,7;r31=0,1,2,3,4,5,6,7;r32=0,1,2,3,4,5;r33=0,1,2,3,4,5;r34=0,1,2,3,4,5",9.921211479,5121.37,3,1.018682,match
ablation_r2_p01,ablation,"r0=0,1,2,3;r1=0,1,2,3;r2=0,2,1;r3=0,1,2;r4=0,1,2;r5=0,1,2;r6=0,1,2,3;r7=0,1,2;r8=0,1,2;r9=0,1,2;r10=0,1,2,3;r11=0,1,2,3;r12=0,1,2;r13=0,1,2,3,4,5;r14=0,1,2,3,4;r15=0,1,2;r16=0,1,2,3,4;r17=0,1,2;r18=0,1,2;r19=0,1,2;r20=0,1,2;r21=0,1,2;r22=0,1,2,3,4;r23=0,1,2,3,4,5,6,7;r24=0,1,2,3,4,5,6,7;r25=0,1,2,3;r26=0,1,2;r27=0,1,2,3,4,5,6,7,8;r28=0,1,2,3;r29=0,1,2;r30=0,1,2,3,4,5,6,7;r31=0,1,2,3,4,5,6,7;r32=0,1,2,3,4,5;r33=0,1,2,3,4,5;r34=0,1,2,3,4,5",10.190648614,5119.59,3,1.046347,match
ablation_r2_p02,ablation,"r0=0,1,2,3;r1=0,1,2,3;r2=1,2,0;r3=0,1,2;r4=0,1,2;r5=0,1,2;r6=0,1,2,3;r7=0,1,2;r8=0,1,2;r9=0,1,2;r10=0,1,2,3;r11=0,1,2,3;r12=0,1,2;r13=0,1,2,3,4,5;r14=0,1,2,3,4;r15=0,1,2;r16=0,1,2,3,4;r17=0,1,2;r18=0,1,2;r19=0,1,2;r20=0,1,2;r21=0,1,2;r22=0,1,2,3,4;r23=0,1,2,3,4,5,6,7;r24=0,1,2,3,4,5,6,7;r25=0,1,2,3;r26=0,1,2;r27=0,1,2,3,4,5,6,7,8;r28=0,1,2,3;r29=0,1,2;r30=0,1,2,3,4,5,6,7;r31=0,1,2,3,4,5,6,7;r32=0,1,2,3,4,5;r33=0,1,2,3,4,5;r34=0,1,2,3,4,5",9.878777719,5131.80,3,1.014325,match
ablation_r3_p01,ablation,"r0=0,1,2,3;r1=0,1,2,3;r2=0,1,2;r3=0,2,1;r4=0,1,2;r5=0,1,2;r6=0,1,2,3;r7=0,1,2;r8=0,1,2;r9=0,1,2;r10=0,1,2,3;r11=0,1,2,3;r12=0,1,2;r13=0,1,2,3,4,5;r14=0,1,2,3,4;r15=0,1,2;r16=0,1,2,3,4;r17=0,1,2;r18=0,1,2;r19=0,1,2;r20=0,1,2;r21=0,1,2;r22=0,1,2,3,4;r23=0,1,2,3,4,5,6,7;r24=0,1,2,3,4,5,6,7;r25=0,1,2,3;r26=0,1,2;r27=0,1,2,3,4,5,6,7,8;r28=0,1,2,3;r29=0,1,2;r30=0,1,2,3,4,5,6,7;r31=0,1,2,3,4,5,6,7;r32=0,1,2,3,4,5;r33=0,1,2,3,4,5;r34=0,1,2,3,4,5",9.934410630,5151.90,3,1.020037,match
ablation_r3_p02,ablation,"r0=0,1,2,3;r1=0,1,2,3;r2=0,1,2;r3=1,2,0;r4=0,1,2;r5=0,1,2;r6=0,1,2,3;r7=0,1,2;r8=0,1,2;r9=0,1,2;r10=0,1,2,3;r11=0,1,2,3;r12=0,1,2;r13=0,1,2,3,4,5;r14=0,1,2,3,4;r15=0,1,2;r16=0,1,2,3,4;r17=0,1,2;r18=0,1,2;r19=0,1,2;r20=0,1,2;r21=0,1,2;r22=0,1,2,3,4;r23=0,1,2,3,4,5,6,7;r24=0,1,2,3,4,5,6,7;r25=0,1,2,3;r26=0,1,2;r27=0,1,2,3,4,5,6,7,8;r28=0,1,2,3;r29=0,1,2;r30=0,1,2,3,4,5,6,7;r31=0,1,2,3,4,5,6,7;r32=0,1,2,3,4,5;r33=0,1,2,3,4,5;r34=0,1,2,3,4,5",10.043577738,5142.68,3,1.031246,match
ablation_r4_p01,ablation,"r0=0,1,2,3;r1=0,1,2,3;r2=0,1,2;r3=0,1,2;r4=0,2,1;r5=0,1,2;r6=0,1,2,3;r7=0,1,2;r8=0,1,2;r9=0,1,2;r10=0,1,2,3;r11=0,1,2,3;r12=0,1,2;r13=0,1,2,3,4,5;r14=0,1,2,3,4;r15=0,1,2;r16=0,1,2,3,4;r17=0,1,2;r18=0,1,2;r19=0,1,2;r20=0,1,2;r21=0,1,2;r22=0,1,2,3,4;r23=0,1,2,3,4,5,6,7;r24=0,1,2,3,4,5,6,7;r25=0,1,2,3;r26=0,1,2;r27=0,1,2,3,4,5,6,7,8;r28=0,1,2,3;r29=0,1,2;r30=0,1,2,3,4,5,6,7;r31=0,1,2,3,4,5,6,7;r32=0,1,2,3,4,5;r33=0,1,2,3,4,5;r34=0,1,2,3,4,5",10.081843813,5142.52,3,1.035175,match
ablation_r4_p02,ablation,"r0=0,1,2,3;r1=0,1,2,3;r2=0,1,2;r3=0,1,2;r4=1,2,0;r5=0,1,2;r6=0,1,2,3;r7=0,1,2;r8=0,1,2;r9=0,1,2;r10=0,1,2,3;r11=0,1,2,3;r12=0,1,2;r13=0,1,2,3,4,5;r14=0,1,2,3,4;r15=0,1,2;r16=0,1,2,3,4;r17=0,1,2;r18=0,1,2;r19=0,1,2;r20=0,1,2;r21=0,1,2;r22=0,1,2,3,4;r23=0,1,2,3,4,5,6,7;r24=0,1,2,3,4,5,6,7;r25=0,1,2,3;r26=0,1,2;r27=0,1,2,3,4,5,6,7,8;r28=0,1,2,3;r29=0,1,2;r30=0,1,2,3,4,5,6,7;r31=0,1,2,3,4,5,6,7;r32=0,1,2,3,4,5;r33=0,1,2,3,4,5;r34=0,1,2,3,4,5",10.048395822,5150.43,3,1.031741,match
ablation_r5_p01,ablation,"r0=0,1,2,3;r1=0,1,2,3;r2=0,1,2;r3=0,1,2;r4=0,1,2;r5=0,2,1;r6=0,1,2,3;r7=0,1,2;r8=0,1,2;r9=0,1,2;r10=0,1,2,3;r11=0,1,2,3;r12=0,1,2;r13=0,1,2,3,4,5;r14=0,1,2,3,4;r15=0,1,2;r16=0,1,2,3,4;r17=0,1,2;r18=0,1,2;r19=0,1,2;r20=0,1,2;r21=0,1,2;r22=0,1,2,3,4;r23=0,1,2,3,4,5,6,7;r24=0,1,2,3,4,5,6,7;r25=0,1,2,3;r26=0,1,2;r27=0,1,2,3,4,5,6,7,8;r28=0,1,2,3;r29=0,1,2;r30=0,1,2,3,4,5,6,7;r31=0,1,2,3,4,5,6,7;r32=0,1,2,3,4,5;r33=0,1,2,3,4,5;r34=0,1,2,3,4,5",10.284011040,5129.58,3,1.055933,match
ablation_r5_p02,ablation,"r0=0,1,2,3;r1=0,1,2,3;r2=0,1,2;r3=0,1,2;r4=0,1,2;r5=1,2,0;r6=0,1,2,3;r7=0,1,2;r8=0,1,2;r9=0,1,2;r10=0,1,2,3;r11=0,1,2,3;r12=0,1,2;r13=0,1,2,3,4,5;r14=0,1,2,3,4;r15=0,1,2;r16=0,1,2,3,4;r17=0,1,2;r18=0,1,2;r19=0,1,2;r20=0,1,2;r21=0,1,2;r22=0,1,2,3,4;r23=0,1,2,3,4,5,6,7;r24=0,1,2,3,4,5,6,7;r25=0,1,2,3;r26=0,1,2;r27=0,1,2,3,4,5,6,7,8;r28=0,1,2,3;r29=0,1,2;r30=0,1,2,3,4,5,6,7;r31=0,1,2,3,4,5,6,7;r32=0,1,2,3,4,5;r33=0,1,2,3,4,5;r34=0,1,2,3,4,5",9.673590172,5096.57,3,0.993257,match
ablation_r6_p01,ablation,"r0=0,1,2,3;r1=0,1,2,3;r2=0,1,2;r3=0,1,2;r4=0,1,2;r5=0,1,2;r6=0,1,3,2;r7=0,1,2;r8=0,1,2;r9=0,1,2;r10=0,1,2,3;r11=0,1,2,3;r12=0,1,2;r13=0,1,2,3,4,5;r14=0,1,2,3,4;r15=0,1,2;r16=0,1,2,3,4;r17=0,1,2;r18=0,1,2;r19=0,1,2;r20=0,1,2;r21=0,1,2;r22=0,1,2,3,4;r23=0,1,2,3,4,5,6,7;r24=0,1,2,3,4,5,6,7;r25=0,1,2,3;r26=0,1,2;r27=0,1,2,3,4,5,6,7,8;r28=0,1,2,3;r29=0,1,2;r30=0,1,2,3,4,5,6,7;r31=0,1,2,3,4,5,6,7;r32=0,1,2,3,4,5;r33=0,1,2,3,4,5;r34=0,1,2,3,4,5",9.829338231,5083.97,3,1.009248,match
ablation_r6_p02,ablation,"r0=0,1,2,3;r1=0,1,2,3;r2=0,1,2;r3=0,1,2;r4=0,1,2;r5=0,1,2;r6=0,2,1,3;r7=0,1,2;r8=0,1,2;r9=0,1,2;r10=0,1,2,3;r11=0,1,2,3;r12=0,1,2;r13=0,1,2,3,4,5;r14=0,1,2,3,4;r15=0,1,2;r16=0,1,2,3,4;r17=0,1,2;r18=0,1,2;r19=0,1,2;r20=0,1,2;r21=0,1,2;r22=0,1,2,3,4;r23=0,1,2,3,4,5,6,7;r24=0,1,2,3,4,5,6,7;r25=0,1,2,3;r26=0,1,2;r27=0,1,2,3,4,5,6,7,8;r28=0,1,2,3;r29=0,1,2;r30=0,1,2,3,4,5,6,7;r31=0,1,2,3,4,5,6,7;r32=0,1,2,3,4,5;r33=0,1,2,3,4,5;r34=0,1,2,3,4,5",10.325459881,5127.77,3,1.060189,match
ablation_r6_p03,ablation,"r0=0,1,2,3;r1=0,1,2,3;r2=0,1,2;r3=0,1,2;r4=0,1,2;r5=0,1,2;r6=0,2,3,1;r7=0,1,2;r8=0,1,2;r9=0,1,2;r10=0,1,2,3;r11=0,1,2,3;r12=0,1,2;r13=0,1,2,3,4,5;r14=0,1,2,3,4;r15=0,1,2;r16=0,1,2,3,4;r17=0,1,2;r18=0,1,2;r19=0,1,2;r20=0,1,2;r21=0,1,2;r22=0,1,2,3,4;r23=0,1,2,3,4,5,6,7;r24=0,1,2,3,4,5,6,7;r25=0,1,2,3;r26=0,1,2;r27=0,1,2,3,4,5,6,7,8;r28=0,1,2,3;r29=0,1,2;r30=0,1,2,3,4,5,6,7;r31=0,1,2,3,4,5,6,7;r32=0,1,2,3,4,5;r33=0,1,2,3,4,5;r34=0,1,2,3,4,5",9.874094279,5157.81,3,1.013844,match
ablation_r6_p04,ablation,"r0=0,1,2,3;r1=0,1,2,3;r2=0,1,2;r3=0,1,2;r4=0,1,2;r5=0,1,2;r6=0,3,1,2;r7=0,1,2;r8=0,1,2;r9=0,1,2;r10=0,1,2,3;r11=0,1,2,3;r12=0,1,2;r13=0,1,2,3,4,5;r14=0,1,2,3,4;r15=0,1,2;r16=0,1,2,3,4;r17=0,1,2;r18=0,1,2;r19=0,1,2;r20=0,1,2;r21=0,1,2;r22=0,1,2,3,4;r23=0,1,2,3,4,5,6,7;r24=0,1,2,3,4,5,6,7;r25=0,1,2,3;r26=0,1,2;r27=0,1,2,3,4,5,6,7,8;r28=0,1,2,3;r29=0,1,2;r30=0,1,2,3,4,5,6,7;r31=0,1,2,3,4,5,6,7;r32=0,1,2,3,4,5;r33=0,1,2,3,4,5;r34=0,1,2,3,4,5",10.162276112,5097.95,3,1.043434,match
ablation_r6_p05,ablation,"r0=0,1,2,3;r1=0,1,2,3;r2=0,1,2;r3=0,1,2;r4=0,1,2;r5=0,1,2;r6=0,3,2,1;r7=0,1,2;r8=0,1,2;r9=0,1,2;r10=0,1,2,3;r11=0,1,2,3;r12=0,1,2;r13=0,1,2,3,4,5;r14=0,1,2,3,4;r15=0,1,2;r16=0,1,2,3,4;r17=0,1,2;r18=0,1,2;r19=0,1,2;r20=0,1,2;r21=0,1,2;r22=0,1,2,3,4;r23=0,1,2,3,4,5,6,7;r24=0,1,2,3,4,5,6,7;r25=0,1,2,3;r26=0,1,2;r27=0,1,2,3,4,5,6,7,8;r28=0,1,2,3;r29=0,1,2;r30=0,1,2,3,4,5,6,7;r31=0,1,2,3,4,5,6,7;r32=0,1,2,3,4,5;r33=0,1,2,3,4,5;r34=0,1,2,3,4,5",9.831161353,5212.19,3,1.009436,match
ablation_r6_p06,ablation,"r0=0,1,2,3;r1=0,1,2,3;r2=0,1,2;r3=0,1,2;r4=0,1,2;r5=0,1,2;r6=1,2,0,3;r7=0,1,2;r8=0,1,2;r9=0,1,2;r10=0,1,2,3;r11=0,1,2,3;r12=0,1,2;r13=0,1,2,3,4,5;r14=0,1,2,3,4;r15=0,1,2;r16=0,1,2,3,4;r17=0,1,2;r18=0,1,2;r19=0,1,2;r20=0,1,2;r21=0,1,2;r22=0,1,2,3,4;r23=0,1,2,3,4,5,6,7;r24=0,1,2,3,4,5,6,7;r25=0,1,2,3;r26=0,1,2;r27=0,1,2,3,4,5,6,7,8;r28=0,1,2,3;r29=0,1,2;r30=0,1,2,3,4,5,6,7;r31=0,1,2,3,4,5,6,7;r32=0,1,2,3,4,5;r33=0,1,2,3,4,5;r34=0,1,2,3,4,5",9.910089115,5193.82,3,1.017540,match
ablation_r6_p07,ablation,"r0=0,1,2,3;r1=0,1,2,3;r2=0,1,2;r3=0,1,2;r4=0,1,2;r5=0,1,2;r6=1,2,3,0;r7=0,1,2;r8=0,1,2;r9=0,1,2;r10=0,1,2,3;r11=0,1,2,3;r12=0,1,2;r13=0,1,2,3,4,5;r14=0,1,2,3,4;r15=0,1,2;r16=0,1,2,3,4;r17=0,1,2;r18=0,1,2;r19=0,1,2;r20=0,1,2;r21=0,1,2;r22=0,1,2,3,4;r23=0,1,2,3,4,5,6,7;r24=0,1,2,3,4,5,6,7;r25=0,1,2,3;r26=0,1,2;r27=0,1,2,3,4,5,6,7,8;r28=0,1,2,3;r29=0,1,2;r30=0,1,2,3,4,5,6,7;r31=0,1,2,3,4,5,6,7;r32=0,1,2,3,4,5;r33=0,1,2,3,4,5;r34=0,1,2,3,4,5",10.242013958,5097.88,3,1.051621,match
ablation_r6_p08,ablation,"r0=0,1,2,3;r1=0,1,2,3;r2=0,1,2;r3=0,1,2;r4=0,1,2;r5=0,1,2;r6=1,3,0,2;r7=0,1,2;r8=0,1,2;r9=0,1,2;r10=0,1,2,3;r11=0,1,2,3;r12=0,1,2;r13=0,1,2,3,4,5;r14=0,1,2,3,4;r15=0,1,2;r16=0,1,2,3,4;r17=0,1,2;r18=0,1,2;r19=0,1,2;r20=0,1,2;r21=0,1,2;r22=0,1,2,3,4;r23=0,1,2,3,4,5,6,7;r24=0,1,2,3,4,5,6,7;r25=0,1,2,3;r26=0,1,2;r27=0,1,2,3,4,5,6,7,8;r28=0,1,2,3;r29=0,1,2;r30=0,1,2,3,4,5,6,7;r31=0,1,2,3,4,5,6,7;r32=0,1,2,3,4,5;r33=0,1,2,3,4,5;r34=0,1,2,3,4,5",9.929365888,5088.69,3,1.019519,match
ablation_r6_p09,ablation,"r0=0,1,2,3;r1=0,1,2,3;r2=0,1,2;r3=0,1,2;r4=0,1,2;r5=0,1,2;r6=1,3,2,0;r7=0,1,2;r8=0,1,2;r9=0,1,2;r10=0,1,2,3;r11=0,1,2,3;r12=0,1,2;r13=0,1,2,3,4,5;r14=0,1,2,3,4;r15=0,1,2;r16=0,1,2,3,4;r17=0,1,2;r18=0,1,2;r19=0,1,2;r20=0,1,2;r21=0,1,2;r22=0,1,2,3,4;r23=0,1,2,3,4,5,6,7;r24=0,1,2,3,4,5,6,7;r25=0,1,2,3;r26=0,1,2;r27=0,1,2,3,4,5,6,7,8;r28=0,1,2,3;r29=0,1,2;r30=0,1,2,3,4,5,6,7;r31=0,1,2,3,4,5,6,7;r32=0,1,2,3,4,5;r33=0,1,2,3,4,5;r34=0,1,2,3,4,5",10.071760155,5194.30,3,1.034140,match
ablation_r6_p10,ablation,"r0=0,1,2,3;r1=0,1,2,3;r2=0,1,2;r3=0,1,2;r4=0,1,2;r5=0,1,2;r6=2,3,0,1;r7=0,1,2;r8=0,1,2;r9=0,1,2;r10=0,1,2,3;r11=0,1,2,3;r12=0,1,2;r13=0,1,2,3,4,5;r14=0,1,2,3,4;r15=0,1,2;r16=0,1,2,3,4;r17=0,1,2;r18=0,1,2;r19=0,1,2;r20=0,1,2;r21=0,1,2;r22=0,1,2,3,4;r23=0,1,2,3,4,5,6,7;r24=0,1,2,3,4,5,6,7;r25=0,1,2,3;r26=0,1,2;r27=0,1,2,3,4,5,6,7,8;r28=0,1,2,3;r29=0,1,2;r30=0,1,2,3,4,5,6,7;r31=0,1,2,3,4,5,6,7;r32=0,1,2,3,4,5;r33=0,1,2,3,4,5;r34=0,1,2,3,4,5",9.943464223,5199.51,3,1.020967,match
ablation_r6_p11,ablation,"r0=0,1,2,3;r1=0,1,2,3;r2=0,1,2;r3=0,1,2;r4=0,1,2;r5=0,1,2;r6=2,3,1,0;r7=0,1,2;r8=0,1,2;r9=0,1,2;r10=0,1,2,3;r11=0,1,2,3;r12=0,1,2;r13=0,1,2,3,4,5;r14=0,1,2,3,4;r15=0,1,2;r16=0,1,2,3,4;r17=0,1,2;r18=0,1,2;r19=0,1,2;r20=0,1,2;r21=0,1,2;r22=0,1,2,3,4;r23=0,1,2,3,4,5,6,7;r24=0,1,2,3,4,5,6,7;r25=0,1,2,3;r26=0,1,2;r27=0,1,2,3,4,5,6,7,8;r28=0,1,2,3;r29=0,1,2;r30=0,1,2,3,4,5,6,7;r31=0,1,2,3,4,5,6,7;r32=0,1,2,3,4,5;r33=0,1,2,3,4,5;r34=0,1,2,3,4,5",9.592557749,5049.34,3,0.984936,match
ablation_r7_p01,ablation,"r0=0,1,2,3;r1=0,1,2,3;r2=0,1,2;r3=0,1,2;r4=0,1,2;r5=0,1,2;r6=0,1,2,3;r7=0,2,1;r8=0,1,2;r9=0,1,2;r10=0,1,2,3;r11=0,1,2,3;r12=0,1,2;r13=0,1,2,3,4,5;r14=0,1,2,3,4;r15=0,1,2;r16=0,1,2,3,4;r17=0,1,2;r18=0,1,2;r19=0,1,2;r20=0,1,2;r21=0,1,2;r22=0,1,2,3,4;r23=0,1,2,3,4,5,6,7;r24=0,1,2,3,4,5,6,7;r25=0,1,2,3;r26=0,1,2;r27=0,1,2,3,4,5,6,7,8;r28=0,1,2,3;r29=0,1,2;r30=0,1,2,3,4,5,6,7;r31=0,1,2,3,4,5,6,7;r32=0,1,2,3,4,5;r33=0,1,2,3,4,5;r34=0,1,2,3,4,5",9.967375212,5095.64,3,1.023422,match
ablation_r7_p02,ablation,"r0=0,1,2,3;r1=0,1,2,3;r2=0,1,2;r3=0,1,2;r4=0,1,2;r5=0,1,2;r6=0,1,2,3;r7=1,2,0;r8=0,1,2;r9=0,1,2;r10=0,1,2,3;r11=0,1,2,3;r12=0,1,2;r13=0,1,2,3,4,5;r14=0,1,2,3,4;r15=0,1,2;r16=0,1,2,3,4;r17=0,1,2;r18=0,1,2;r19=0,1,2;r20=0,1,2;r21=0,1,2;r22=0,1,2,3,4;r23=0,1,2,3,4,5,6,7;r24=0,1,2,3,4,5,6,7;r25=0,1,2,3;r26=0,1,2;r27=0,1,2,3,4,5,6,7,8;r28=0,1,2,3;r29=0,1,2;r30=0,1,2,3,4,5,6,7;r31=0,1,2,3,4,5,6,7;r32=0,1,2,3,4,5;r33=0,1,2,3,4,5;r34=0,1,2,3,4,5",9.744293639,5210.70,3,1.000516,match
ablation_r8_p01,ablation,"r0=0,1,2,3;r1=0,1,2,3;r2=0,1,2;r3=0,1,2;r4=0,1,2;r5=0,1,2;r6=0,1,2,3;r7=0,1,2;r8=0,2,1;r9=0,1,2;r10=0,1,2,3;r11=0,1,2,3;r12=0,1,2;r13=0,1,2,3,4,5;r14=0,1,2,3,4;r15=0,1,2;r16=0,1,2,3,4;r17=0,1,2;r18=0,1,2;r19=0,1,2;r20=0,1,2;r21=0,1,2;r22=0,1,2,3,4;r23=0,1,2,3,4,5,6,7;r24=0,1,2,3,4,5,6,7;r25=0,1,2,3;r26=0,1,2;r27=0,1,2,3,4,5,6,7,8;r28=0,1,2,3;r29=0,1,2;r30=0,1,2,3,4,5,6,7;r31=0,1,2,3,4,5,6,7;r32=0,1,2,3,4,5;r33=0,1,2,3,4,5;r34=0,1,2,3,4,5",9.700562142,5157.70,3,0.996026,match
ablation_r8_p02,ablation,"r0=0,1,2,3;r1=0,1,2,3;r2=0,1,2;r3=0,1,2;r4=0,1,2;r5=0,1,2;r6=0,1,2,3;r7=0,1,2;r8=1,2,0;r9=0,1,2;r10=0,1,2,3;r11=0,1,2,3;r12=0,1,2;r13=0,1,2,3,4,5;r14=0,1,2,3,4;r15=0,1,2;r16=0,1,2,3,4;r17=0,1,2;r18=0,1,2;r19=0,1,2;r20=0,1,2;r21=0,1,2;r22=0,1,2,3,4;r23=0,1,2,3,4,5,6,7;r24=0,1,2,3,4,5,6,7;r25=0,1,2,3;r26=0,1,2;r27=0,1,2,3,4,5,6,7,8;r28=0,1,2,3;r29=0,1,2;r30=0,1,2,3,4,5,6,7;r31=0,1,2,3,4,5,6,7;r32=0,1,2,3,4,5;r33=0,1,2,3,4,5;r34=0,1,2,3,4,5",10.283621527,5169.97,3,1.055893,match
ablation_r9_p01,ablation,"r0=0,1,2,3;r1=0,1,2,3;r2=0,1,2;r3=0,1,2;r4=0,1,2;r5=0,1,2;r6=0,1,2,3;r7=0,1,2;r8=0,1,2;r9=0,2,1;r10=0,1,2,3;r11=0,1,2,3;r12=0,1,2;r13=0,1,2,3,4,5;r14=0,1,2,3,4;r15=0,1,2;r16=0,1,2,3,4;r17=0,1,2;r18=0,1,2;r19=0,1,2;r20=0,1,2;r21=0,1,2;r22=0,1,2,3,4;r23=0,1,2,3,4,5,6,7;r24=0,1,2,3,4,5,6,7;r25=0,1,2,3;r26=0,1,2;r27=0,1,2,3,4,5,6,7,8;r28=0,1,2,3;r29=0,1,2;r30=0,1,2,3,4,5,6,7;r31=0,1,2,3,4,5,6,7;r32=0,1,2,3,4,5;r33=0,1,2,3,4,5;r34=0,1,2,3,4,5",10.124400828,5157.79,3,1.039545,match
ablation_r9_p02,ablation,"r0=0,1,2,3;r1=0,1,2,3;r2=0,1,2;r3=0,1,2;r4=0,1,2;r5=0,1,2;r6=0,1,2,3;r7=0,1,2;r8=0,1,2;r9=1,2,0;r10=0,1,2,3;r11=0,1,2,3;r12=0,1,2;r13=0,1,2,3,4,5;r14=0,1,2,3,4;r15=0,1,2;r16=0,1,2,3,4;r17=0,1,2;r18=0,1,2;r19=0,1,2;r20=0,1,2;r21=0,1,2;r22=0,1,2,3,4;r23=0,1,2,3,4,5,6,7;r24=0,1,2,3,4,5,6,7;r25=0,1,2,3;r26=0,1,2;r27=0,1,2,3,4,5,6,7,8;r28=0,1,2,3;r29=0,1,2;r30=0,1,2,3,4,5,6,7;r31=0,1,2,3,4,5,6,7;r32=0,1,2,3,4,5;r33=0,1,2,3,4,5;r34=0,1,2,3,4,5",10.188923621,5118.89,3,1.046170,match
ablation_r10_p01,ablation,"r0=0,1,2,3;r1=0,1,2,3;r2=0,1,2;r3=0,1,2;r4=0,1,2;r5=0,1,2;r6=0,1,2,3;r7=0,1,2;r8=0,1,2;r9=0,1,2;r10=0,1,3,2;r11=0,1,2,3;r12=0,1,2;r13=0,1,2,3,4,5;r14=0,1,2,3,4;r15=0,1,2;r16=0,1,2,3,4;r17=0,1,2;r18=0,1,2;r19=0,1,2;r20=0,1,2;r21=0,1,2;r22=0,1,2,3,4;r23=0,1,2,3,4,5,6,7;r24=0,1,2,3,4,5,6,7;r25=0,1,2,3;r26=0,1,2;r27=0,1,2,3,4,5,6,7,8;r28=0,1,2,3;r29=0,1,2;r30=0,1,2,3,4,5,6,7;r31=0,1,2,3,4,5,6,7;r32=0,1,2,3,4,5;r33=0,1,2,3,4,5;r34=0,1,2,3,4,5",10.074012769,5053.50,3,1.034371,match
ablation_r10_p02,ablation,"r0=0,1,2,3;r1=0,1,2,3;r2=0,1,2;r3=0,1,2;r4=0,1,2;r5=0,1,2;r6=0,1,2,3;r7=0,1,2;r8=0,1,2;r9=0,1,2;r10=1,2,0,3;r11=0,1,2,3;r12=0,1,2;r13=0,1,2,3,4,5;r14=0,1,2,3,4;r15=0,1,2;r16=0,1,2,3,4;r17=0,1,2;r18=0,1,2;r19=0,1,2;r20=0,1,2;r21=0,1,2;r22=0,1,2,3,4;r23=0,1,2,3,4,5,6,7;r24=0,1,2,3,4,5,6,7;r25=0,1,2,3;r26=0,1,2;r27=0,1,2,3,4,5,6,7,8;r28=0,1,2,3;r29=0,1,2;r30=0,1,2,3,4,5,6,7;r31=0,1,2,3,4,5,6,7;r32=0,1,2,3,4,5;r33=0,1,2,3,4,5;r34=0,1,2,3,4,5",9.721451376,5076.76,3,0.998171,match
ablation_r10_p03,ablation,"r0=0,1,2,3;r1=0,1,2,3;r2=0,1,2;r3=0,1,2;r4=0,1,2;r5=0,1,2;r6=0,1,2,3;r7=0,1,2;r8=0,1,2;r9=0,1,2;r10=1,2,3,0;r11=0,1,2,3;r12=0,1,2;r13=0,1,2,3,4,5;r14=0,1,2,3,4;r15=0,1,2;r16=0,1,2,3,4;r17=0,1,2;r18=0,1,2;r19=0,1,2;r20=0,1,2;r21=0,1,2;r22=0,1,2,3,4;r23=0,1,2,3,4,5,6,7;r24=0,1,2,3,4,5,6,7;r25=0,1,2,3;r26=0,1,2;r27=0,1,2,3,4,5,6,7,8;r28=0,1,2,3;r29=0,1,2;r30=0,1,2,3,4,5,6,7;r31=0,1,2,3,4,5,6,7;r32=0,1,2,3,4,5;r33=0,1,2,3,4,5;r34=0,1,2,3,4,5",9.648868651,5107.28,3,0.990718,match
ablation_r10_p04,ablation,"r0=0,1,2,3;r1=0,1,2,3;r2=0,1,2;r3=0,1,2;r4=0,1,2;r5=0,1,2;r6=0,1,2,3;r7=0,1,2;r8=0,1,2;r9=0,1,2;r10=1,3,0,2;r11=0,1,2,3;r12=0,1,2;r13=0,1,2,3,4,5;r14=0,1,2,3,4;r15=0,1,2;r16=0,1,2,3,4;r17=0,1,2;r18=0,1,2;r19=0,1,2;r20=0,1,2;r21=0,1,2;r22=0,1,2,3,4;r23=0,1,2,3,4,5,6,7;r24=0,1,2,3,4,5,6,7;r25=0,1,2,3;r26=0,1,2;r27=0,1,2,3,4,5,6,7,8;r28=0,1,2,3;r29=0,1,2;r30=0,1,2,3,4,5,6,7;r31=0,1,2,3,4,5,6,7;r32=0,1,2,3,4,5;r33=0,1,2,3,4,5;r34=0,1,2,3,4,5",9.735074402,5151.36,3,0.999570,match
ablation_r10_p05,ablation,"r0=0,1,2,3;r1=0,1,2,3;r2=0,1,2;r3=0,1,2;r4=0,1,2;r5=0,1,2;r6=0,1,2,3;r7=0,1,2;r8=0,1,2;r9=0,1,2;r10=1,3,2,0;r11=0,1,2,3;r12=0,1,2;r13=0,1,2,3,4,5;r14=0,1,2,3,4;r15=0,1,2;r16=0,1,2,3,4;r17=0,1,2;r18=0,1,2;r19=0,1,2;r20=0,1,2;r21=0,1,2;r22=0,1,2,3,4;r23=0,1,2,3,4,5,6,7;r24=0,1,2,3,4,5,6,7;r25=0,1,2,3;r26=0,1,2;r27=0,1,2,3,4,5,6,7,8;r28=0,1,2,3;r29=0,1,2;r30=0,1,2,3,4,5,6,7;r31=0,1,2,3,4,5,6,7;r32=0,1,2,3,4,5;r33=0,1,2,3,4,5;r34=0,1,2,3,4,5",9.627377357,5125.16,3,0.988512,match
ablation_r10_p06,ablation,"r0=0,1,2,3;r1=0,1,2,3;r2=0,1,2;r3=0,1,2;r4=0,1,2;r5=0,1,2;r6=0,1,2,3;r7=0,1,2;r8=0,1,2;r9=0,1,2;r10=2,3,1,0;r11=0,1,2,3;r12=0,1,2;r13=0,1,2,3,4,5;r14=0,1,2,3,4;r15=0,1,2;r16=0,1,2,3,4;r17=0,1,2;r18=0,1,2;r19=0,1,2;r20=0,1,2;r21=0,1,2;r22=0,1,2,3,4;r23=0,1,2,3,4,5,6,7;r24=0,1,2,3,4,5,6,7;r25=0,1,2,3;r26=0,1,2;r27=0,1,2,3,4,5,6,7,8;r28=0,1,2,3;r29=0,1,2;r30=0,1,2,3,4,5,6,7;r31=0,1,2,3,4,5,6,7;r32=0,1,2,3,4,5;r33=0,1,2,3,4,5;r34=0,1,2,3,4,5",9.517123150,5095.13,3,0.977191,match
ablation_r11_p01,ablation,"r0=0,1,2,3;r1=0,1,2,3;r2=0,1,2;r3=0,1,2;r4=0,1,2;r5=0,1,2;r6=0,1,2,3;r7=0,1,2;r8=0,1,2;r9=0,1,2;r10=0,1,2,3;r11=0,1,3,2;r12=0,1,2;r13=0,1,2,3,4,5;r14=0,1,2,3,4;r15=0,1,2;r16=0,1,2,3,4;r17=0,1,2;r18=0,1,2;r19=0,1,2;r20=0,1,2;r21=0,1,2;r22=0,1,2,3,4;r23=0,1,2,3,4,5,6,7;r24=0,1,2,3,4,5,6,7;r25=0,1,2,3;r26=0,1,2;r27=0,1,2,3,4,5,6,7,8;r28=0,1,2,3;r29=0,1,2;r30=0,1,2,3,4,5,6,7;r31=0,1,2,3,4,5,6,7;r32=0,1,2,3,4,5;r33=0,1,2,3,4,5;r34=0,1,2,3,4,5",9.820539344,5145.34,3,1.008345,match
ablation_r11_p02,ablation,"r0=0,1,2,3;r1=0,1,2,3;r2=0,1,2;r3=0,1,2;r4=0,1,2;r5=0,1,2;r6=0,1,2,3;r7=0,1,2;r8=0,1,2;r9=0,1,2;r10=0,1,2,3;r11=1,2,0,3;r12=0,1,2;r13=0,1,2,3,4,5;r14=0,1,2,3,4;r15=0,1,2;r16=0,1,2,3,4;r17=0,1,2;r18=0,1,2;r19=0,1,2;r20=0,1,2;r21=0,1,2;r22=0,1,2,3,4;r23=0,1,2,3,4,5,6,7;r24=0,1,2,3,4,5,6,7;r25=0,1,2,3;r26=0,1,2;r27=0,1,2,3,4,5,6,7,8;r28=0,1,2,3;r29=0,1,2;r30=0,1,2,3,4,5,6,7;r31=0,1,2,3,4,5,6,7;r32=0,1,2,3,4,5;r33=0,1,2,3,4,5;r34=0,1,2,3,4,5",10.132875777,5176.76,3,1.040415,match
ablation_r11_p03,ablation,"r0=0,1,2,3;r1=0,1,2,3;r2=0,1,2;r3=0,1,2;r4=0,1,2;r5=0,1,2;r6=0,1,2,3;r7=0,1,2;r8=0,1,2;r9=0,1,2;r10=0,1,2,3;r11=1,2,3,0;r12=0,1,2;r13=0,1,2,3,4,5;r14=0,1,2,3,4;r15=0,1,2;r16=0,1,2,3,4;r17=0,1,2;r18=0,1,2;r19=0,1,2;r20=0,1,2;r21=0,1,2;r22=0,1,2,3,4;r23=0,1,2,3,4,5,6,7;r24=0,1,2,3,4,5,6,7;r25=0,1,2,3;r26=0,1,2;r27=0,1,2,3,4,5,6,7,8;r28=0,1,2,3;r29=0,1,2;r30=0,1,2,3,4,5,6,7;r31=0,1,2,3,4,5,6,7;r32=0,1,2,3,4,5;r33=0,1,2,3,4,5;r34=0,1,2,3,4,5",9.717714270,5169.43,3,0.997787,match
ablation_r11_p04,ablation,"r0=0,1,2,3;r1=0,1,2,3;r2=0,1,2;r3=0,1,2;r4=0,1,2;r5=0,1,2;r6=0,1,2,3;r7=0,1,2;r8=0,1,2;r9=0,1,2;r10=0,1,2,3;r11=1,3,0,2;r12=0,1,2;r13=0,1,2,3,4,5;r14=0,1,2,3,4;r15=0,1,2;r16=0,1,2,3,4;r17=0,1,2;r18=0,1,2;r19=0,1,2;r20=0,1,2;r21=0,1,2;r22=0,1,2,3,4;r23=0,1,2,3,4,5,6,7;r24=0,1,2,3,4,5,6,7;r25=0,1,2,3;r26=0,1,2;r27=0,1,2,3,4,5,6,7,8;r28=0,1,2,3;r29=0,1,2;r30=0,1,2,3,4,5,6,7;r31=0,1,2,3,4,5,6,7;r32=0,1,2,3,4,5;r33=0,1,2,3,4,5;r34=0,1,2,3,4,5",9.842742104,5072.07,3,1.010625,match
ablation_r11_p05,ablation,"r0=0,1,2,3;r1=0,1,2,3;r2=0,1,2;r3=0,1,2;r4=0,1,2;r5=0,1,2;r6=0,1,2,3;r7=0,1,2;r8=0,1,2;r9=0,1,2;r10=0,1,2,3;r11=1,3,2,0;r12=0,1,2;r13=0,1,2,3,4,5;r14=0,1,2,3,4;r15=0,1,2;r16=0,1,2,3,4;r17=0,1,2;r18=0,1,2;r19=0,1,2;r20=0,1,2;r21=0,1,2;r22=0,1,2,3,4;r23=0,1,2,3,4,5,6,7;r24=0,1,2,3,4,5,6,7;r25=0,1,2,3;r26=0,1,2;r27=0,1,2,3,4,5,6,7,8;r28=0,1,2,3;r29=0,1,2;r30=0,1,2,3,4,5,6,7;r31=0,1,2,3,4,5,6,7;r32=0,1,2,3,4,5;r33=0,1,2,3,4,5;r34=0,1,2,3,4,5",9.770441587,5037.58,3,1.003201,match
ablation_r11_p06,ablation,"r0=0,1,2,3;r1=0,1,2,3;r2=0,1,2;r3=0,1,2;r4=0,1,2;r5=0,1,2;r6=0,1,2,3;r7=0,1,2;r8=0,1,2;r9=0,1,2;r10=0,1,2,3;r11=2,3,1,0;r12=0,1,2;r13=0,1,2,3,4,5;r14=0,1,2,3,4;r15=0,1,2;r16=0,1,2,3,4;r17=0,1,2;r18=0,1,2;r19=0,1,2;r20=0,1,2;r21=0,1,2;r22=0,1,2,3,4;r23=0,1,2,3,4,5,6,7;r24=0,1,2,3,4,5,6,7;r25=0,1,2,3;r26=0,1,2;r27=0,1,2,3,4,5,6,7,8;r28=0,1,2,3;r29=0,1,2;r30=0,1,2,3,4,5,6,7;r31=0,1,2,3,4,5,6,7;r32=0,1,2,3,4,5;r33=0,1,2,3,4,5;r34=0,1,2,3,4,5",9.882333675,5097.41,3,1.014690,match
ablation_r12_p01,ablation,"r0=0,1,2,3;r1=0,1,2,3;r2=0,1,2;r3=0,1,2;r4=0,1,2;r5=0,1,2;r6=0,1,2,3;r7=0,1,2;r8=0,1,2;r9=0,1,2;r10=0,1,2,3;r11=0,1,2,3;r12=0,2,1;r13=0,1,2,3,4,5;r14=0,1,2,3,4;r15=0,1,2;r16=0,1,2,3,4;r17=0,1,2;r18=0,1,2;r19=0,1,2;r20=0,1,2;r21=0,1,2;r22=0,1,2,3,4;r23=0,1,2,3,4,5,6,7;r24=0,1,2,3,4,5,6,7;r25=0,1,2,3;r26=0,1,2;r27=0,1,2,3,4,5,6,7,8;r28=0,1,2,3;r29=0,1,2;r30=0,1,2,3,4,5,6,7;r31=0,1,2,3,4,5,6,7;r32=0,1,2,3,4,5;r33=0,1,2,3,4,5;r34=0,1,2,3,4,5",10.085338028,5148.73,3,1.035534,match
ablation_r12_p02,ablation,"r0=0,1,2,3;r1=0,1,2,3;r2=0,1,2;r3=0,1,2;r4=0,1,2;r5=0,1,2;r6=0,1,2,3;r7=0,1,2;r8=0,1,2;r9=0,1,2;r10=0,1,2,3;r11=0,1,2,3;r12=1,2,0;r13=0,1,2,3,4,5;r14=0,1,2,3,4;r15=0,1,2;r16=0,1,2,3,4;r17=0,1,2;r18=0,1,2;r19=0,1,2;r20=0,1,2;r21=0,1,2;r22=0,1,2,3,4;r23=0,1,2,3,4,5,6,7;r24=0,1,2,3,4,5,6,7;r25=0,1,2,3;r26=0,1,2;r27=0,1,2,3,4,5,6,7,8;r28=0,1,2,3;r29=0,1,2;r30=0,1,2,3,4,5,6,7;r31=0,1,2,3,4,5,6,7;r32=0,1,2,3,4,5;r33=0,1,2,3,4,5;r34=0,1,2,3,4,5",9.761666221,5086.88,3,1.002300,match
ablation_r13_p01,ablation,"r0=0,1,2,3;r1=0,1,2,3;r2=0,1,2;r3=0,1,2;r4=0,1,2;r5=0,1,2;r6=0,1,2,3;r7=0,1,2;r8=0,1,2;r9=0,1,2;r10=0,1,2,3;r11=0,1,2,3;r12=0,1,2;r13=3,4,2,5,1,0;r14=0,1,2,3,4;r15=0,1,2;r16=0,1,2,3,4;r17=0,1,2;r18=0,1,2;r19=0,1,2;r20=0,1,2;r21=0,1,2;r22=0,1,2,3,4;r23=0,1,2,3,4,5,6,7;r24=0,1,2,3,4,5,6,7;r25=0,1,2,3;r26=0,1,2;r27=0,1,2,3,4,5,6,7,8;r28=0,1,2,3;r29=0,1,2;r30=0,1,2,3,4,5,6,7;r31=0,1,2,3,4,5,6,7;r32=0,1,2,3,4,5;r33=0,1,2,3,4,5;r34=0,1,2,3,4,5",9.923528515,5094.07,3,1.018920,match
ablation_r13_p02,ablation,"r0=0,1,2,3;r1=0,1,2,3;r2=0,1,2;r3=0,1,2;r4=0,1,2;r5=0,1,2;r6=0,1,2,3;r7=0,1,2;r8=0,1,2;r9=0,1,2;r10=0,1,2,3;r11=0,1,2,3;r12=0,1,2;r13=1,2,0,5,4,3;r14=0,1,2,3,4;r15=0,1,2;r16=0,1,2,3,4;r17=0,1,2;r18=0,1,2;r19=0,1,2;r20=0,1,2;r21=0,1,2;r22=0,1,2,3,4;r23=0,1,2,3,4,5,6,7;r24=0,1,2,3,4,5,6,7;r25=0,1,2,3;r26=0,1,2;r27=0,1,2,3,4,5,6,7,8;r28=0,1,2,3;r29=0,1,2;r30=0,1,2,3,4,5,6,7;r31=0,1,2,3,4,5,6,7;r32=0,1,2,3,4,5;r33=0,1,2,3,4,5;r34=0,1,2,3,4,5",10.091511516,5104.03,3,1.036168,match
ablation_r13_p03,ablation,"r0=0,1,2,3;r1=0,1,2,3;r2=0,1,2;r3=0,1,2;r4=0,1,2;r5=0,1,2;r6=0,1,2,3;r7=0,1,2;r8=0,1,2;r9=0,1,2;r10=0,1,2,3;r11=0,1,2,3;r12=0,1,2;r13=0,1,3,2,5,4;r14=0,1,2,3,4;r15=0,1,2;r16=0,1,2,3,4;r17=0,1,2;r18=0,1,2;r19=0,1,2;r20=0,1,2;r21=0,1,2;r22=0,1,2,3,4;r23=0,1,2,3,4,5,6,7;r24=0,1,2,3,4,5,6,7;r25=0,1,2,3;r26=0,1,2;r27=0,1,2,3,4,5,6,7,8;r28=0,1,2,3;r29=0,1,2;r30=0,1,2,3,4,5,6,7;r31=0,1,2,3,4,5,6,7;r32=0,1,2,3,4,5;r33=0,1,2,3,4,5;r34=0,1,2,3,4,5",9.737697722,5072.91,3,0.999839,match
ablation_r13_p04,ablation,"r0=0,1,2,3;r1=0,1,2,3;r2=0,1,2;r3=0,1,2;r4=0,1,2;r5=0,1,2;r6=0,1,2,3;r7=0,1,2;r8=0,1,2;r9=0,1,2;r10=0,1,2,3;r11=0,1,2,3;r12=0,1,2;r13=4,5,3,1,2,0;r14=0,1,2,3,4;r15=0,1,2;r16=0,1,2,3,4;r17=0,1,2;r18=0,1,2;r19=0,1,2;r20=0,1,2;r21=0,1,2;r22=0,1,2,3,4;r23=0,1,2,3,4,5,6,7;r24=0,1,2,3,4,5,6,7;r25=0,1,2,3;r26=0,1,2;r27=0,1,2,3,4,5,6,7,8;r28=0,1,2,3;r29=0,1,2;r30=0,1,2,3,4,5,6,7;r31=0,1,2,3,4,5,6,7;r32=0,1,2,3,4,5;r33=0,1,2,3,4,5;r34=0,1,2,3,4,5",10.139095107,5038.85,3,1.041053,match
ablation_r13_p05,ablation,"r0=0,1,2,3;r1=0,1,2,3;r2=0,1,2;r3=0,1,2;r4=0,1,2;r5=0,1,2;r6=0,1,2,3;r7=0,1,2;r8=0,1,2;r9=0,1,2;r10=0,1,2,3;r11=0,1,2,3;r12=0,1,2;r13=1,3,5,4,2,0;r14=0,1,2,3,4;r15=0,1,2;r16=0,1,2,3,4;r17=0,1,2;r18=0,1,2;r19=0,1,2;r20=0,1,2;r21=0,1,2;r22=0,1,2,3,4;r23=0,1,2,3,4,5,6,7;r24=0,1,2,3,4,5,6,7;r25=0,1,2,3;r26=0,1,2;r27=0,1,2,3,4,5,6,7,8;r28=0,1,2,3;r29=0,1,2;r30=0,1,2,3,4,5,6,7;r31=0,1,2,3,4,5,6,7;r32=0,1,2,3,4,5;r33=0,1,2,3,4,5;r34=0,1,2,3,4,5",9.989246118,5151.16,3,1.025667,match
ablation_r13_p06,ablation,"r0=0,1,2,3;r1=0,1,2,3;r2=0,1,2;r3=0,1,2;r4=0,1,2;r5=0,1,2;r6=0,1,2,3;r7=0,1,2;r8=0,1,2;r9=0,1,2;r10=0,1,2,3;r11=0,1,2,3;r12=0,1,2;r13=1,3,4,2,5,0;r14=0,1,2,3,4;r15=0,1,2;r16=0,1,2,3,4;r17=0,1,2;r18=0,1,2;r19=0,1,2;r20=0,1,2;r21=0,1,2;r22=0,1,2,3,4;r23=0,1,2,3,4,5,6,7;r24=0,1,2,3,4,5,6,7;r25=0,1,2,3;r26=0,1,2;r27=0,1,2,3,4,5,6,7,8;r28=0,1,2,3;r29=0,1,2;r30=0,1,2,3,4,5,6,7;r31=0,1,2,3,4,5,6,7;r32=0,1,2,3,4,5;r33=0,1,2,3,4,5;r34=0,1,2,3,4,5",10.065599580,5071.30,3,1.033507,match
ablation_r13_p07,ablation,"r0=0,1,2,3;r1=0,1,2,3;r2=0,1,2;r3=0,1,2;r4=0,1,2;r5=0,1,2;r6=0,1,2,3;r7=0,1,2;r8=0,1,2;r9=0,1,2;r10=0,1,2,3;r11=0,1,2,3;r12=0,1,2;r13=1,3,2,5,0,4;r14=0,1,2,3,4;r15=0,1,2;r16=0,1,2,3,4;r17=0,1,2;r18=0,1,2;r19=0,1,2;r20=0,1,2;r21=0,1,2;r22=0,1,2,3,4;r23=0,1,2,3,4,5,6,7;r24=0,1,2,3,4,5,6,7;r25=0,1,2,3;r26=0,1,2;r27=0,1,2,3,4,5,6,7,8;r28=0,1,2,3;r29=0,1,2;r30=0,1,2,3,4,5,6,7;r31=0,1,2,3,4,5,6,7;r32=0,1,2,3,4,5;r33=0,1,2,3,4,5;r34=0,1,2,3,4,5",9.976516576,5182.73,3,1.024360,match
ablation_r13_p08,ablation,"r0=0,1,2,3;r1=0,1,2,3;r2=0,1,2;r3=0,1,2;r4=0,1,2;r5=0,1,2;r6=0,1,2,3;r7=0,1,2;r8=0,1,2;r9=0,1,2;r10=0,1,2,3;r11=0,1,2,3;r12=0,1,2;r13=1,2,4,0,3,5;r14=0,1,2,3,4;r15=0,1,2;r16=0,1,2,3,4;r17=0,1,2;r18=0,1,2;r19=0,1,2;r20=0,1,2;r21=0,1,2;r22=0,1,2,3,4;r23=0,1,2,3,4,5,6,7;r24=0,1,2,3,4,5,6,7;r25=0,1,2,3;r26=0,1,2;r27=0,1,2,3,4,5,6,7,8;r28=0,1,2,3;r29=0,1,2;r30=0,1,2,3,4,5,6,7;r31=0,1,2,3,4,5,6,7;r32=0,1,2,3,4,5;r33=0,1,2,3,4,5;r34=0,1,2,3,4,5",9.939361412,5155.73,3,1.020545,match
ablation_r13_p09,ablation,"r0=0,1,2,3;r1=0,1,2,3;r2=0,1,2;r3=0,1,2;r4=0,1,2;r5=0,1,2;r6=0,1,2,3;r7=0,1,2;r8=0,1,2;r9=0,1,2;r10=0,1,2,3;r11=0,1,2,3;r12=0,1,2;r13=4,5,3,1,0,2;r14=0,1,2,3,4;r15=0,1,2;r16=0,1,2,3,4;r17=0,1,2;r18=0,1,2;r19=0,1,2;r20=0,1,2;r21=0,1,2;r22=0,1,2,3,4;r23=0,1,2,3,4,5,6,7;r24=0,1,2,3,4,5,6,7;r25=0,1,2,3;r26=0,1,2;r27=0,1,2,3,4,5,6,7,8;r28=0,1,2,3;r29=0,1,2;r30=0,1,2,3,4,5,6,7;r31=0,1,2,3,4,5,6,7;r32=0,1,2,3,4,5;r33=0,1,2,3,4,5;r34=0,1,2,3,4,5",10.182508724,5191.47,3,1.045511,match
ablation_r13_p10,ablation,"r0=0,1,2,3;r1=0,1,2,3;r2=0,1,2;r3=0,1,2;r4=0,1,2;r5=0,1,2;r6=0,1,2,3;r7=0,1,2;r8=0,1,2;r9=0,1,2;r10=0,1,2,3;r11=0,1,2,3;r12=0,1,2;r13=1,2,0,4,5,3;r14=0,1,2,3,4;r15=0,1,2;r16=0,1,2,3,4;r17=0,1,2;r18=0,1,2;r19=0,1,2;r20=0,1,2;r21=0,1,2;r22=0,1,2,3,4;r23=0,1,2,3,4,5,6,7;r24=0,1,2,3,4,5,6,7;r25=0,1,2,3;r26=0,1,2;r27=0,1,2,3,4,5,6,7,8;r28=0,1,2,3;r29=0,1,2;r30=0,1,2,3,4,5,6,7;r31=0,1,2,3,4,5,6,7;r32=0,1,2,3,4,5;r33=0,1,2,3,4,5;r34=0,1,2,3,4,5",9.677612635,5161.07,3,0.993670,match
ablation_r13_p11,ablation,"r0=0,1,2,3;r1=0,1,2,3;r2=0,1,2;r3=0,1,2;r4=0,1,2;r5=0,1,2;r6=0,1,2,3;r7=0,1,2;r8=0,1,2;r9=0,1,2;r10=0,1,2,3;r11=0,1,2,3;r12=0,1,2;r13=3,5,2,1,0,4;r14=0,1,2,3,4;r15=0,1,2;r16=0,1,2,3,4;r17=0,1,2;r18=0,1,2;r19=0,1,2;r20=0,1,2;r21=0,1,2;r22=0,1,2,3,4;r23=0,1,2,3,4,5,6,7;r24=0,1,2,3,4,5,6,7;r25=0,1,2,3;r26=0,1,2;r27=0,1,2,3,4,5,6,7,8;r28=0,1,2,3;r29=0,1,2;r30=0,1,2,3,4,5,6,7;r31=0,1,2,3,4,5,6,7;r32=0,1,2,3,4,5;r33=0,1,2,3,4,5;r34=0,1,2,3,4,5",10.026342549,5144.73,3,1.029476,match
ablation_r13_p12,ablation,"r0=0,1,2,3;r1=0,1,2,3;r2=0,1,2;r3=0,1,2;r4=0,1,2;r5=0,1,2;r6=0,1,2,3;r7=0,1,2;r8=0,1,2;r9=0,1,2;r10=0,1,2,3;r11=0,1,2,3;r12=0,1,2;r13=2,4,3,5,1,0;r14=0,1,2,3,4;r15=0,1,2;r16=0,1,2,3,4;r17=0,1,2;r18=0,1,2;r19=0,1,2;r20=0,1,2;r21=0,1,2;r22=0,1,2,3,4;r23=0,1,2,3,4,5,6,7;r24=0,1,2,3,4,5,6,7;r25=0,1,2,3;r26=0,1,2;r27=0,1,2,3,4,5,6,7,8;r28=0,1,2,3;r29=0,1,2;r30=0,1,2,3,4,5,6,7;r31=0,1,2,3,4,5,6,7;r32=0,1,2,3,4,5;r33=0,1,2,3,4,5;r34=0,1,2,3,4,5",9.704966110,5102.06,3,0.996478,match
ablation_r14_p01,ablation,"r0=0,1,2,3;r1=0,1,2,3;r2=0,1,2;r3=0,1,2;r4=0,1,2;r5=0,1,2;r6=0,1,2,3;r7=0,1,2;r8=0,1,2;r9=0,1,2;r10=0,1,2,3;r11=0,1,2,3;r12=0,1,2;r13=0,1,2,3,4,5;r14=0,1,3,4,2;r15=0,1,2;r16=0,1,2,3,4;r17=0,1,2;r18=0,1,2;r19=0,1,2;r20=0,1,2;r21=0,1,2;r22=0,1,2,3,4;r23=0,1,2,3,4,5,6,7;r24=0,1,2,3,4,5,6,7;r25=0,1,2,3;r26=0,1,2;r27=0,1,2,3,4,5,6,7,8;r28=0,1,2,3;r29=0,1,2;r30=0,1,2,3,4,5,6,7;r31=0,1,2,3,4,5,6,7;r32=0,1,2,3,4,5;r33=0,1,2,3,4,5;r34=0,1,2,3,4,5",10.583188146,5132.78,3,1.086652,match
ablation_r14_p02,ablation,"r0=0,1,2,3;r1=0,1,2,3;r2=0,1,2;r3=0,1,2;r4=0,1,2;r5=0,1,2;r6=0,1,2,3;r7=0,1,2;r8=0,1,2;r9=0,1,2;r10=0,1,2,3;r11=0,1,2,3;r12=0,1,2;r13=0,1,2,3,4,5;r14=0,4,1,3,2;r15=0,1,2;r16=0,1,2,3,4;r17=0,1,2;r18=0,1,2;r19=0,1,2;r20=0,1,2;r21=0,1,2;r22=0,1,2,3,4;r23=0,1,2,3,4,5,6,7;r24=0,1,2,3,4,5,6,7;r25=0,1,2,3;r26=0,1,2;r27=0,1,2,3,4,5,6,7,8;r28=0,1,2,3;r29=0,1,2;r30=0,1,2,3,4,5,6,7;r31=0,1,2,3,4,5,6,7;r32=0,1,2,3,4,5;r33=0,1,2,3,4,5;r34=0,1,2,3,4,5",10.056795767,5148.11,3,1.032603,match
ablation_r14_p03,ablation,"r0=0,1,2,3;r1=0,1,2,3;r2=0,1,2;r3=0,1,2;r4=0,1,2;r5=0,1,2;r6=0,1,2,3;r7=0,1,2;r8=0,1,2;r9=0,1,2;r10=0,1,2,3;r11=0,1,2,3;r12=0,1,2;r13=0,1,2,3,4,5;r14=0,3,2,1,4;r15=0,1,2;r16=0,1,2,3,4;r17=0,1,2;r18=0,1,2;r19=0,1,2;r20=0,1,2;r21=0,1,2;r22=0,1,2,3,4;r23=0,1,2,3,4,5,6,7;r24=0,1,2,3,4,5,6,7;r25=0,1,2,3;r26=0,1,2;r27=0,1,2,3,4,5,6,7,8;r28=0,1,2,3;r29=0,1,2;r30=0,1,2,3,4,5,6,7;r31=0,1,2,3,4,5,6,7;r32=0,1,2,3,4,5;r33=0,1,2,3,4,5;r34=0,1,2,3,4,5",9.811467707,5073.97,3,1.007414,match
ablation_r14_p04,ablation,"r0=0,1,2,3;r1=0,1,2,3;r2=0,1,2;r3=0,1,2;r4=0,1,2;r5=0,1,2;r6=0,1,2,3;r7=0,1,2;r8=0,1,2;r9=0,1,2;r10=0,1,2,3;r11=0,1,2,3;r12=0,1,2;r13=0,1,2,3,4,5;r14=0,1,3,2,4;r15=0,1,2;r16=0,1,2,3,4;r17=0,1,2;r18=0,1,2;r19=0,1,2;r20=0,1,2;r21=0,1,2;r22=0,1,2,3,4;r23=0,1,2,3,4,5,6,7;r24=0,1,2,3,4,5,6,7;r25=0,1,2,3;r26=0,1,2;r27=0,1,2,3,4,5,6,7,8;r28=0,1,2,3;r29=0,1,2;r30=0,1,2,3,4,5,6,7;r31=0,1,2,3,4,5,6,7;r32=0,1,2,3,4,5;r33=0,1,2,3,4,5;r34=0,1,2,3,4,5",10.144161487,5162.21,3,1.041574,match
ablation_r14_p05,ablation,"r0=0,1,2,3;r1=0,1,2,3;r2=0,1,2;r3=0,1,2;r4=0,1,2;r5=0,1,2;r6=0,1,2,3;r7=0,1,2;r8=0,1,2;r9=0,1,2;r10=0,1,2,3;r11=0,1,2,3;r12=0,1,2;r13=0,1,2,3,4,5;r14=0,1,2,4,3;r15=0,1,2;r16=0,1,2,3,4;r17=0,1,2;r18=0,1,2;r19=0,1,2;r20=0,1,2;r21=0,1,2;r22=0,1,2,3,4;r23=0,1,2,3,4,5,6,7;r24=0,1,2,3,4,5,6,7;r25=0,1,2,3;r26=0,1,2;r27=0,1,2,3,4,5,6,7,8;r28=0,1,2,3;r29=0,1,2;r30=0,1,2,3,4,5,6,7;r31=0,1,2,3,4,5,6,7;r32=0,1,2,3,4,5;r33=0,1,2,3,4,5;r34=0,1,2,3,4,5",9.996766369,5146.41,3,1.026439,match
ablation_r14_p06,ablation,"r0=0,1,2,3;r1=0,1,2,3;r2=0,1,2;r3=0,1,2;r4=0,1,2;r5=0,1,2;r6=0,1,2,3;r7=0,1,2;r8=0,1,2;r9=0,1,2;r10=0,1,2,3;r11=0,1,2,3;r12=0,1,2;r13=0,1,2,3,4,5;r14=2,4,0,3,1;r15=0,1,2;r16=0,1,2,3,4;r17=0,1,2;r18=0,1,2;r19=0,1,2;r20=0,1,2;r21=0,1,2;r22=0,1,2,3,4;r23=0,1,2,3,4,5,6,7;r24=0,1,2,3,4,5,6,7;r25=0,1,2,3;r26=0,1,2;r27=0,1,2,3,4,5,6,7,8;r28=0,1,2,3;r29=0,1,2;r30=0,1,2,3,4,5,6,7;r31=0,1,2,3,4,5,6,7;r32=0,1,2,3,4,5;r33=0,1,2,3,4,5;r34=0,1,2,3,4,5",9.746096409,5094.79,3,1.000701,match
ablation_r14_p07,ablation,"r0=0,1,2,3;r1=0,1,2,3;r2=0,1,2;r3=0,1,2;r4=0,1,2;r5=0,1,2;r6=0,1,2,3;r7=0,1,2;r8=0,1,2;r9=0,1,2;r10=0,1,2,3;r11=0,1,2,3;r12=0,1,2;r13=0,1,2,3,4,5;r14=0,2,1,4,3;r15=0,1,2;r16=0,1,2,3,4;r17=0,1,2;r18=0,1,2;r19=0,1,2;r20=0,1,2;r21=0,1,2;r22=0,1,2,3,4;r23=0,1,2,3,4,5,6,7;r24=0,1,2,3,4,5,6,7;r25=0,1,2,3;r26=0,1,2;r27=0,1,2,3,4,5,6,7,8;r28=0,1,2,3;r29=0,1,2;r30=0,1,2,3,4,5,6,7;r31=0,1,2,3,4,5,6,7;r32=0,1,2,3,4,5;r33=0,1,2,3,4,5;r34=0,1,2,3,4,5",9.779401962,5122.38,3,1.004121,match
ablation_r14_p08,ablation,"r0=0,1,2,3;r1=0,1,2,3;r2=0,1,2;r3=0,1,2;r4=0,1,2;r5=0,1,2;r6=0,1,2,3;r7=0,1,2;r8=0,1,2;r9=0,1,2;r10=0,1,2,3;r11=0,1,2,3;r12=0,1,2;r13=0,1,2,3,4,5;r14=0,2,3,1,4;r15=0,1,2;r16=0,1,2,3,4;r17=0,1,2;r18=0,1,2;r19=0,1,2;r20=0,1,2;r21=0,1,2;r22=0,1,2,3,4;r23=0,1,2,3,4,5,6,7;r24=0,1,2,3,4,5,6,7;r25=0,1,2,3;r26=0,1,2;r27=0,1,2,3,4,5,6,7,8;r28=0,1,2,3;r29=0,1,2;r30=0,1,2,3,4,5,6,7;r31=0,1,2,3,4,5,6,7;r32=0,1,2,3,4,5;r33=0,1,2,3,4,5;r34=0,1,2,3,4,5",9.893706812,5056.76,3,1.015858,match
ablation_r14_p09,ablation,"r0=0,1,2,3;r1=0,1,2,3;r2=0,1,2;r3=0,1,2;r4=0,1,2;r5=0,1,2;r6=0,1,2,3;r7=0,1,2;r8=0,1,2;r9=0,1,2;r10=0,1,2,3;r11=0,1,2,3;r12=0,1,2;r13=0,1,2,3,4,5;r14=0,3,4,2,1;r15=0,1,2;r16=0,1,2,3,4;r17=0,1,2;r18=0,1,2;r19=0,1,2;r20=0,1,2;r21=0,1,2;r22=0,1,2,3,4;r23=0,1,2,3,4,5,6,7;r24=0,1,2,3,4,5,6,7;r25=0,1,2,3;r26=0,1,2;r27=0,1,2,3,4,5,6,7,8;r28=0,1,2,3;r29=0,1,2;r30=0,1,2,3,4,5,6,7;r31=0,1,2,3,4,5,6,7;r32=0,1,2,3,4,5;r33=0,1,2,3,4,5;r34=0,1,2,3,4,5",10.038374474,5100.09,3,1.030712,match
ablation_r14_p10,ablation,"r0=0,1,2,3;r1=0,1,2,3;r2=0,1,2;r3=0,1,2;r4=0,1,2;r5=0,1,2;r6=0,1,2,3;r7=0,1,2;r8=0,1,2;r9=0,1,2;r10=0,1,2,3;r11=0,1,2,3;r12=0,1,2;r13=0,1,2,3,4,5;r14=0,4,3,2,1;r15=0,1,2;r16=0,1,2,3,4;r17=0,1,2;r18=0,1,2;r19=0,1,2;r20=0,1,2;r21=0,1,2;r22=0,1,2,3,4;r23=0,1,2,3,4,5,6,7;r24=0,1,2,3,4,5,6,7;r25=0,1,2,3;r26=0,1,2;r27=0,1,2,3,4,5,6,7,8;r28=0,1,2,3;r29=0,1,2;r30=0,1,2,3,4,5,6,7;r31=0,1,2,3,4,5,6,7;r32=0,1,2,3,4,5;r33=0,1,2,3,4,5;r34=0,1,2,3,4,5",10.049701472,5159.15,3,1.031875,match
ablation_r14_p11,ablation,"r0=0,1,2,3;r1=0,1,2,3;r2=0,1,2;r3=0,1,2;r4=0,1,2;r5=0,1,2;r6=0,1,2,3;r7=0,1,2;r8=0,1,2;r9=0,1,2;r10=0,1,2,3;r11=0,1,2,3;r12=0,1,2;r13=0,1,2,3,4,5;r14=0,4,2,3,1;r15=0,1,2;r16=0,1,2,3,4;r17=0,1,2;r18=0,1,2;r19=0,1,2;r20=0,1,2;r21=0,1,2;r22=0,1,2,3,4;r23=0,1,2,3,4,5,6,7;r24=0,1,2,3,4,5,6,7;r25=0,1,2,3;r26=0,1,2;r27=0,1,2,3,4,5,6,7,8;r28=0,1,2,3;r29=0,1,2;r30=0,1,2,3,4,5,6,7;r31=0,1,2,3,4,5,6,7;r32=0,1,2,3,4,5;r33=0,1,2,3,4,5;r34=0,1,2,3,4,5",10.118846351,5115.08,3,1.038974,match
ablation_r14_p12,ablation,"r0=0,1,2,3;r1=0,1,2,3;r2=0,1,2;r3=0,1,2;r4=0,1,2;r5=0,1,2;r6=0,1,2,3;r7=0,1,2;r8=0,1,2;r9=0,1,2;r10=0,1,2,3;r11=0,1,2,3;r12=0,1,2;r13=0,1,2,3,4,5;r14=1,3,0,4,2;r15=0,1,2;r16=0,1,2,3,4;r17=0,1,2;r18=0,1,2;r19=0,1,2;r20=0,1,2;r21=0,1,2;r22=0,1,2,3,4;r23=0,1,2,3,4,5,6,7;r24=0,1,2,3,4,5,6,7;r25=0,1,2,3;r26=0,1,2;r27=0,1,2,3,4,5,6,7,8;r28=0,1,2,3;r29=0,1,2;r30=0,1,2,3,4,5,6,7;r31=0,1,2,3,4,5,6,7;r32=0,1,2,3,4,5;r33=0,1,2,3,4,5;r34=0,1,2,3,4,5",10.808324127,5110.50,3,1.109768,match
ablation_r15_p01,ablation,"r0=0,1,2,3;r1=0,1,2,3;r2=0,1,2;r3=0,1,2;r4=0,1,2;r5=0,1,2;r6=0,1,2,3;r7=0,1,2;r8=0,1,2;r9=0,1,2;r10=0,1,2,3;r11=0,1,2,3;r12=0,1,2;r13=0,1,2,3,4,5;r14=0,1,2,3,4;r15=1,2,0;r16=0,1,2,3,4;r17=0,1,2;r18=0,1,2;r19=0,1,2;r20=0,1,2;r21=0,1,2;r22=0,1,2,3,4;r23=0,1,2,3,4,5,6,7;r24=0,1,2,3,4,5,6,7;r25=0,1,2,3;r26=0,1,2;r27=0,1,2,3,4,5,6,7,8;r28=0,1,2,3;r29=0,1,2;r30=0,1,2,3,4,5,6,7;r31=0,1,2,3,4,5,6,7;r32=0,1,2,3,4,5;r33=0,1,2,3,4,5;r34=0,1,2,3,4,5",9.926191066,5096.69,3,1.019193,match
ablation_r16_p01,ablation,"r0=0,1,2,3;r1=0,1,2,3;r2=0,1,2;r3=0,1,2;r4=0,1,2;r5=0,1,2;r6=0,1,2,3;r7=0,1,2;r8=0,1,2;r9=0,1,2;r10=0,1,2,3;r11=0,1,2,3;r12=0,1,2;r13=0,1,2,3,4,5;r14=0,1,2,3,4;r15=0,1,2;r16=1,3,2,0,4;r17=0,1,2;r18=0,1,2;r19=0,1,2;r20=0,1,2;r21=0,1,2;r22=0,1,2,3,4;r23=0,1,2,3,4,5,6,7;r24=0,1,2,3,4,5,6,7;r25=0,1,2,3;r26=0,1,2;r27=0,1,2,3,4,5,6,7,8;r28=0,1,2,3;r29=0,1,2;r30=0,1,2,3,4,5,6,7;r31=0,1,2,3,4,5,6,7;r32=0,1,2,3,4,5;r33=0,1,2,3,4,5;r34=0,1,2,3,4,5",10.048074408,5174.59,3,1.031708,match
ablation_r16_p02,ablation,"r0=0,1,2,3;r1=0,1,2,3;r2=0,1,2;r3=0,1,2;r4=0,1,2;r5=0,1,2;r6=0,1,2,3;r7=0,1,2;r8=0,1,2;r9=0,1,2;r10=0,1,2,3;r11=0,1,2,3;r12=0,1,2;r13=0,1,2,3,4,5;r14=0,1,2,3,4;r15=0,1,2;r16=3,4,1,0,2;r17=0,1,2;r18=0,1,2;r19=0,1,2;r20=0,1,2;r21=0,1,2;r22=0,1,2,3,4;r23=0,1,2,3,4,5,6,7;r24=0,1,2,3,4,5,6,7;r25=0,1,2,3;r26=0,1,2;r27=0,1,2,3,4,5,6,7,8;r28=0,1,2,3;r29=0,1,2;r30=0,1,2,3,4,5,6,7;r31=0,1,2,3,4,5,6,7;r32=0,1,2,3,4,5;r33=0,1,2,3,4,5;r34=0,1,2,3,4,5",10.237171400,5181.66,3,1.051124,match
ablation_r16_p03,ablation,"r0=0,1,2,3;r1=0,1,2,3;r2=0,1,2;r3=0,1,2;r4=0,1,2;r5=0,1,2;r6=0,1,2,3;r7=0,1,2;r8=0,1,2;r9=0,1,2;r10=0,1,2,3;r11=0,1,2,3;r12=0,1,2;r13=0,1,2,3,4,5;r14=0,1,2,3,4;r15=0,1,2;r16=1,3,4,0,2;r17=0,1,2;r18=0,1,2;r19=0,1,2;r20=0,1,2;r21=0,1,2;r22=0,1,2,3,4;r23=0,1,2,3,4,5,6,7;r24=0,1,2,3,4,5,6,7;r25=0,1,2,3;r26=0,1,2;r27=0,1,2,3,4,5,6,7,8;r28=0,1,2,3;r29=0,1,2;r30=0,1,2,3,4,5,6,7;r31=0,1,2,3,4,5,6,7;r32=0,1,2,3,4,5;r33=0,1,2,3,4,5;r34=0,1,2,3,4,5",9.818413497,5117.09,3,1.008127,match
ablation_r16_p04,ablation,"r0=0,1,2,3;r1=0,1,2,3;r2=0,1,2;r3=0,1,2;r4=0,1,2;r5=0,1,2;r6=0,1,2,3;r7=0,1,2;r8=0,1,2;r9=0,1,2;r10=0,1,2,3;r11=0,1,2,3;r12=0,1,2;r13=0,1,2,3,4,5;r14=0,1,2,3,4;r15=0,1,2;r16=1,2,3,4,0;r17=0,1,2;r18=0,1,2;r19=0,1,2;r20=0,1,2;r21=0,1,2;r22=0,1,2,3,4;r23=0,1,2,3,4,5,6,7;r24=0,1,2,3,4,5,6,7;r25=0,1,2,3;r26=0,1,2;r27=0,1,2,3,4,5,6,7,8;r28=0,1,2,3;r29=0,1,2;r30=0,1,2,3,4,5,6,7;r31=0,1,2,3,4,5,6,7;r32=0,1,2,3,4,5;r33=0,1,2,3,4,5;r34=0,1,2,3,4,5",10.046414743,5205.00,3,1.031537,match
ablation_r16_p05,ablation,"r0=0,1,2,3;r1=0,1,2,3;r2=0,1,2;r3=0,1,2;r4=0,1,2;r5=0,1,2;r6=0,1,2,3;r7=0,1,2;r8=0,1,2;r9=0,1,2;r10=0,1,2,3;r11=0,1,2,3;r12=0,1,2;r13=0,1,2,3,4,5;r14=0,1,2,3,4;r15=0,1,2;r16=2,3,1,4,0;r17=0,1,2;r18=0,1,2;r19=0,1,2;r20=0,1,2;r21=0,1,2;r22=0,1,2,3,4;r23=0,1,2,3,4,5,6,7;r24=0,1,2,3,4,5,6,7;r25=0,1,2,3;r26=0,1,2;r27=0,1,2,3,4,5,6,7,8;r28=0,1,2,3;r29=0,1,2;r30=0,1,2,3,4,5,6,7;r31=0,1,2,3,4,5,6,7;r32=0,1,2,3,4,5;r33=0,1,2,3,4,5;r34=0,1,2,3,4,5",9.822504572,5182.43,3,1.008547,match
ablation_r16_p06,ablation,"r0=0,1,2,3;r1=0,1,2,3;r2=0,1,2;r3=0,1,2;r4=0,1,2;r5=0,1,2;r6=0,1,2,3;r7=0,1,2;r8=0,1,2;r9=0,1,2;r10=0,1,2,3;r11=0,1,2,3;r12=0,1,2;r13=0,1,2,3,4,5;r14=0,1,2,3,4;r15=0,1,2;r16=0,1,3,2,4;r17=0,1,2;r18=0,1,2;r19=0,1,2;r20=0,1,2;r21=0,1,2;r22=0,1,2,3,4;r23=0,1,2,3,4,5,6,7;r24=0,1,2,3,4,5,6,7;r25=0,1,2,3;r26=0,1,2;r27=0,1,2,3,4,5,6,7,8;r28=0,1,2,3;r29=0,1,2;r30=0,1,2,3,4,5,6,7;r31=0,1,2,3,4,5,6,7;r32=0,1,2,3,4,5;r33=0,1,2,3,4,5;r34=0,1,2,3,4,5",9.619273216,5058.53,3,0.987680,match
ablation_r16_p07,ablation,"r0=0,1,2,3;r1=0,1,2,3;r2=0,1,2;r3=0,1,2;r4=0,1,2;r5=0,1,2;r6=0,1,2,3;r7=0,1,2;r8=0,1,2;r9=0,1,2;r10=0,1,2,3;r11=0,1,2,3;r12=0,1,2;r13=0,1,2,3,4,5;r14=0,1,2,3,4;r15=0,1,2;r16=1,2,0,3,4;r17=0,1,2;r18=0,1,2;r19=0,1,2;r20=0,1,2;r21=0,1,2;r22=0,1,2,3,4;r23=0,1,2,3,4,5,6,7;r24=0,1,2,3,4,5,6,7;r25=0,1,2,3;r26=0,1,2;r27=0,1,2,3,4,5,6,7,8;r28=0,1,2,3;r29=0,1,2;r30=0,1,2,3,4,5,6,7;r31=0,1,2,3,4,5,6,7;r32=0,1,2,3,4,5;r33=0,1,2,3,4,5;r34=0,1,2,3,4,5",10.084734995,5186.58,3,1.035472,match
ablation_r16_p08,ablation,"r0=0,1,2,3;r1=0,1,2,3;r2=0,1,2;r3=0,1,2;r4=0,1,2;r5=0,1,2;r6=0,1,2,3;r7=0,1,2;r8=0,1,2;r9=0,1,2;r10=0,1,2,3;r11=0,1,2,3;r12=0,1,2;r13=0,1,2,3,4,5;r14=0,1,2,3,4;r15=0,1,2;r16=1,3,0,4,2;r17=0,1,2;r18=0,1,2;r19=0,1,2;r20=0,1,2;r21=0,1,2;r22=0,1,2,3,4;r23=0,1,2,3,4,5,6,7;r24=0,1,2,3,4,5,6,7;r25=0,1,2,3;r26=0,1,2;r27=0,1,2,3,4,5,6,7,8;r28=0,1,2,3;r29=0,1,2;r30=0,1,2,3,4,5,6,7;r31=0,1,2,3,4,5,6,7;r32=0,1,2,3,4,5;r33=0,1,2,3,4,5;r34=0,1,2,3,4,5",9.763586300,5150.65,3,1.002497,match
ablation_r16_p09,ablation,"r0=0,1,2,3;r1=0,1,2,3;r2=0,1,2;r3=0,1,2;r4=0,1,2;r5=0,1,2;r6=0,1,2,3;r7=0,1,2;r8=0,1,2;r9=0,1,2;r10=0,1,2,3;r11=0,1,2,3;r12=0,1,2;r13=0,1,2,3,4,5;r14=0,1,2,3,4;r15=0,1,2;r16=1,3,0,2,4;r17=0,1,2;r18=0,1,2;r19=0,1,2;r20=0,1,2;r21=0,1,2;r22=0,1,2,3,4;r23=0,1,2,3,4,5,6,7;r24=0,1,2,3,4,5,6,7;r25=0,1,2,3;r26=0,1,2;r27=0,1,2,3,4,5,6,7,8;r28=0,1,2,3;r29=0,1,2;r30=0,1,2,3,4,5,6,7;r31=0,1,2,3,4,5,6,7;r32=0,1,2,3,4,5;r33=0,1,2,3,4,5;r34=0,1,2,3,4,5",10.036099115,5051.12,3,1.030478,match
ablation_r16_p10,ablation,"r0=0,1,2,3;r1=0,1,2,3;r2=0,1,2;r3=0,1,2;r4=0,1,2;r5=0,1,2;r6=0,1,2,3;r7=0,1,2;r8=0,1,2;r9=0,1,2;r10=0,1,2,3;r11=0,1,2,3;r12=0,1,2;r13=0,1,2,3,4,5;r14=0,1,2,3,4;r15=0,1,2;r16=2,3,4,1,0;r17=0,1,2;r18=0,1,2;r19=0,1,2;r20=0,1,2;r21=0,1,2;r22=0,1,2,3,4;r23=0,1,2,3,4,5,6,7;r24=0,1,2,3,4,5,6,7;r25=0,1,2,3;r26=0,1,2;r27=0,1,2,3,4,5,6,7,8;r28=0,1,2,3;r29=0,1,2;r30=0,1,2,3,4,5,6,7;r31=0,1,2,3,4,5,6,7;r32=0,1,2,3,4,5;r33=0,1,2,3,4,5;r34=0,1,2,3,4,5",9.711813736,5131.57,3,0.997181,match
ablation_r16_p11,ablation,"r0=0,1,2,3;r1=0,1,2,3;r2=0,1,2;r3=0,1,2;r4=0,1,2;r5=0,1,2;r6=0,1,2,3;r7=0,1,2;r8=0,1,2;r9=0,1,2;r10=0,1,2,3;r11=0,1,2,3;r12=0,1,2;r13=0,1,2,3,4,5;r14=0,1,2,3,4;r15=0,1,2;r16=0,1,3,4,2;r17=0,1,2;r18=0,1,2;r19=0,1,2;r20=0,1,2;r21=0,1,2;r22=0,1,2,3,4;r23=0,1,2,3,4,5,6,7;r24=0,1,2,3,4,5,6,7;r25=0,1,2,3;r26=0,1,2;r27=0,1,2,3,4,5,6,7,8;r28=0,1,2,3;r29=0,1,2;r30=0,1,2,3,4,5,6,7;r31=0,1,2,3,4,5,6,7;r32=0,1,2,3,4,5;r33=0,1,2,3,4,5;r34=0,1,2,3,4,5",10.091552690,5104.46,3,1.036172,match
ablation_r16_p12,ablation,"r0=0,1,2,3;r1=0,1,2,3;r2=0,1,2;r3=0,1,2;r4=0,1,2;r5=0,1,2;r6=0,1,2,3;r7=0,1,2;r8=0,1,2;r9=0,1,2;r10=0,1,2,3;r11=0,1,2,3;r12=0,1,2;r13=0,1,2,3,4,5;r14=0,1,2,3,4;r15=0,1,2;r16=3,4,1,2,0;r17=0,1,2;r18=0,1,2;r19=0,1,2;r20=0,1,2;r21=0,1,2;r22=0,1,2,3,4;r23=0,1,2,3,4,5,6,7;r24=0,1,2,3,4,5,6,7;r25=0,1,2,3;r26=0,1,2;r27=0,1,2,3,4,5,6,7,8;r28=0,1,2,3;r29=0,1,2;r30=0,1,2,3,4,5,6,7;r31=0,1,2,3,4,5,6,7;r32=0,1,2,3,4,5;r33=0,1,2,3,4,5;r34=0,1,2,3,4,5",9.759921143,5144.91,3,1.002121,match
ablation_r17_p01,ablation,"r0=0,1,2,3;r1=0,1,2,3;r2=0,1,2;r3=0,1,2;r4=0,1,2;r5=0,1,2;r6=0,1,2,3;r7=0,1,2;r8=0,1,2;r9=0,1,2;r10=0,1,2,3;r11=0,1,2,3;r12=0,1,2;r13=0,1,2,3,4,5;r14=0,1,2,3,4;r15=0,1,2;r16=0,1,2,3,4;r17=1,2,0;r18=0,1,2;r19=0,1,2;r20=0,1,2;r21=0,1,2;r22=0,1,2,3,4;r23=0,1,2,3,4,5,6,7;r24=0,1,2,3,4,5,6,7;r25=0,1,2,3;r26=0,1,2;r27=0,1,2,3,4,5,6,7,8;r28=0,1,2,3;r29=0,1,2;r30=0,1,2,3,4,5,6,7;r31=0,1,2,3,4,5,6,7;r32=0,1,2,3,4,5;r33=0,1,2,3,4,5;r34=0,1,2,3,4,5",10.079197200,5061.35,3,1.034903,match
ablation_r18_p01,ablation,"r0=0,1,2,3;r1=0,1,2,3;r2=0,1,2;r3=0,1,2;r4=0,1,2;r5=0,1,2;r6=0,1,2,3;r7=0,1,2;r8=0,1,2;r9=0,1,2;r10=0,1,2,3;r11=0,1,2,3;r12=0,1,2;r13=0,1,2,3,4,5;r14=0,1,2,3,4;r15=0,1,2;r16=0,1,2,3,4;r17=0,1,2;r18=1,2,0;r19=0,1,2;r20=0,1,2;r21=0,1,2;r22=0,1,2,3,4;r23=0,1,2,3,4,5,6,7;r24=0,1,2,3,4,5,6,7;r25=0,1,2,3;r26=0,1,2;r27=0,1,2,3,4,5,6,7,8;r28=0,1,2,3;r29=0,1,2;r30=0,1,2,3,4,5,6,7;r31=0,1,2,3,4,5,6,7;r32=0,1,2,3,4,5;r33=0,1,2,3,4,5;r34=0,1,2,3,4,5",9.897210015,5078.11,3,1.016217,match
ablation_r19_p01,ablation,"r0=0,1,2,3;r1=0,1,2,3;r2=0,1,2;r3=0,1,2;r4=0,1,2;r5=0,1,2;r6=0,1,2,3;r7=0,1,2;r8=0,1,2;r9=0,1,2;r10=0,1,2,3;r11=0,1,2,3;r12=0,1,2;r13=0,1,2,3,4,5;r14=0,1,2,3,4;r15=0,1,2;r16=0,1,2,3,4;r17=0,1,2;r18=0,1,2;r19=0,2,1;r20=0,1,2;r21=0,1,2;r22=0,1,2,3,4;r23=0,1,2,3,4,5,6,7;r24=0,1,2,3,4,5,6,7;r25=0,1,2,3;r26=0,1,2;r27=0,1,2,3,4,5,6,7,8;r28=0,1,2,3;r29=0,1,2;r30=0,1,2,3,4,5,6,7;r31=0,1,2,3,4,5,6,7;r32=0,1,2,3,4,5;r33=0,1,2,3,4,5;r34=0,1,2,3,4,5",10.169510325,5084.86,3,1.044176,match
ablation_r19_p02,ablation,"r0=0,1,2,3;r1=0,1,2,3;r2=0,1,2;r3=0,1,2;r4=0,1,2;r5=0,1,2;r6=0,1,2,3;r7=0,1,2;r8=0,1,2;r9=0,1,2;r10=0,1,2,3;r11=0,1,2,3;r12=0,1,2;r13=0,1,2,3,4,5;r14=0,1,2,3,4;r15=0,1,2;r16=0,1,2,3,4;r17=0,1,2;r18=0,1,2;r19=1,2,0;r20=0,1,2;r21=0,1,2;r22=0,1,2,3,4;r23=0,1,2,3,4,5,6,7;r24=0,1,2,3,4,5,6,7;r25=0,1,2,3;r26=0,1,2;r27=0,1,2,3,4,5,6,7,8;r28=0,1,2,3;r29=0,1,2;r30=0,1,2,3,4,5,6,7;r31=0,1,2,3,4,5,6,7;r32=0,1,2,3,4,5;r33=0,1,2,3,4,5;r34=0,1,2,3,4,5",N/A,N/A,0,N/A,FAIL
ablation_r20_p01,ablation,"r0=0,1,2,3;r1=0,1,2,3;r2=0,1,2;r3=0,1,2;r4=0,1,2;r5=0,1,2;r6=0,1,2,3;r7=0,1,2;r8=0,1,2;r9=0,1,2;r10=0,1,2,3;r11=0,1,2,3;r12=0,1,2;r13=0,1,2,3,4,5;r14=0,1,2,3,4;r15=0,1,2;r16=0,1,2,3,4;r17=0,1,2;r18=0,1,2;r19=0,1,2;r20=0,2,1;r21=0,1,2;r22=0,1,2,3,4;r23=0,1,2,3,4,5,6,7;r24=0,1,2,3,4,5,6,7;r25=0,1,2,3;r26=0,1,2;r27=0,1,2,3,4,5,6,7,8;r28=0,1,2,3;r29=0,1,2;r30=0,1,2,3,4,5,6,7;r31=0,1,2,3,4,5,6,7;r32=0,1,2,3,4,5;r33=0,1,2,3,4,5;r34=0,1,2,3,4,5",10.366739237,5284.45,3,1.064427,match
ablation_r21_p01,ablation,"r0=0,1,2,3;r1=0,1,2,3;r2=0,1,2;r3=0,1,2;r4=0,1,2;r5=0,1,2;r6=0,1,2,3;r7=0,1,2;r8=0,1,2;r9=0,1,2;r10=0,1,2,3;r11=0,1,2,3;r12=0,1,2;r13=0,1,2,3,4,5;r14=0,1,2,3,4;r15=0,1,2;r16=0,1,2,3,4;r17=0,1,2;r18=0,1,2;r19=0,1,2;r20=0,1,2;r21=1,2,0;r22=0,1,2,3,4;r23=0,1,2,3,4,5,6,7;r24=0,1,2,3,4,5,6,7;r25=0,1,2,3;r26=0,1,2;r27=0,1,2,3,4,5,6,7,8;r28=0,1,2,3;r29=0,1,2;r30=0,1,2,3,4,5,6,7;r31=0,1,2,3,4,5,6,7;r32=0,1,2,3,4,5;r33=0,1,2,3,4,5;r34=0,1,2,3,4,5",9.906587091,5201.24,3,1.017180,match
ablation_r22_p01,ablation,"r0=0,1,2,3;r1=0,1,2,3;r2=0,1,2;r3=0,1,2;r4=0,1,2;r5=0,1,2;r6=0,1,2,3;r7=0,1,2;r8=0,1,2;r9=0,1,2;r10=0,1,2,3;r11=0,1,2,3;r12=0,1,2;r13=0,1,2,3,4,5;r14=0,1,2,3,4;r15=0,1,2;r16=0,1,2,3,4;r17=0,1,2;r18=0,1,2;r19=0,1,2;r20=0,1,2;r21=0,1,2;r22=1,4,0,3,2;r23=0,1,2,3,4,5,6,7;r24=0,1,2,3,4,5,6,7;r25=0,1,2,3;r26=0,1,2;r27=0,1,2,3,4,5,6,7,8;r28=0,1,2,3;r29=0,1,2;r30=0,1,2,3,4,5,6,7;r31=0,1,2,3,4,5,6,7;r32=0,1,2,3,4,5;r33=0,1,2,3,4,5;r34=0,1,2,3,4,5",9.478337198,4122.41,3,0.973209,match
ablation_r22_p02,ablation,"r0=0,1,2,3;r1=0,1,2,3;r2=0,1,2;r3=0,1,2;r4=0,1,2;r5=0,1,2;r6=0,1,2,3;r7=0,1,2;r8=0,1,2;r9=0,1,2;r10=0,1,2,3;r11=0,1,2,3;r12=0,1,2;r13=0,1,2,3,4,5;r14=0,1,2,3,4;r15=0,1,2;r16=0,1,2,3,4;r17=0,1,2;r18=0,1,2;r19=0,1,2;r20=0,1,2;r21=0,1,2;r22=1,2,0,3,4;r23=0,1,2,3,4,5,6,7;r24=0,1,2,3,4,5,6,7;r25=0,1,2,3;r26=0,1,2;r27=0,1,2,3,4,5,6,7,8;r28=0,1,2,3;r29=0,1,2;r30=0,1,2,3,4,5,6,7;r31=0,1,2,3,4,5,6,7;r32=0,1,2,3,4,5;r33=0,1,2,3,4,5;r34=0,1,2,3,4,5",10.236333208,5112.42,3,1.051038,match
ablation_r22_p03,ablation,"r0=0,1,2,3;r1=0,1,2,3;r2=0,1,2;r3=0,1,2;r4=0,1,2;r5=0,1,2;r6=0,1,2,3;r7=0,1,2;r8=0,1,2;r9=0,1,2;r10=0,1,2,3;r11=0,1,2,3;r12=0,1,2;r13=0,1,2,3,4,5;r14=0,1,2,3,4;r15=0,1,2;r16=0,1,2,3,4;r17=0,1,2;r18=0,1,2;r19=0,1,2;r20=0,1,2;r21=0,1,2;r22=0,1,4,3,2;r23=0,1,2,3,4,5,6,7;r24=0,1,2,3,4,5,6,7;r25=0,1,2,3;r26=0,1,2;r27=0,1,2,3,4,5,6,7,8;r28=0,1,2,3;r29=0,1,2;r30=0,1,2,3,4,5,6,7;r31=0,1,2,3,4,5,6,7;r32=0,1,2,3,4,5;r33=0,1,2,3,4,5;r34=0,1,2,3,4,5",9.172379614,4246.64,3,0.941794,match
ablation_r22_p04,ablation,"r0=0,1,2,3;r1=0,1,2,3;r2=0,1,2;r3=0,1,2;r4=0,1,2;r5=0,1,2;r6=0,1,2,3;r7=0,1,2;r8=0,1,2;r9=0,1,2;r10=0,1,2,3;r11=0,1,2,3;r12=0,1,2;r13=0,1,2,3,4,5;r14=0,1,2,3,4;r15=0,1,2;r16=0,1,2,3,4;r17=0,1,2;r18=0,1,2;r19=0,1,2;r20=0,1,2;r21=0,1,2;r22=1,4,2,3,0;r23=0,1,2,3,4,5,6,7;r24=0,1,2,3,4,5,6,7;r25=0,1,2,3;r26=0,1,2;r27=0,1,2,3,4,5,6,7,8;r28=0,1,2,3;r29=0,1,2;r30=0,1,2,3,4,5,6,7;r31=0,1,2,3,4,5,6,7;r32=0,1,2,3,4,5;r33=0,1,2,3,4,5;r34=0,1,2,3,4,5",17.409197687,4270.18,3,1.787527,match
ablation_r22_p05,ablation,"r0=0,1,2,3;r1=0,1,2,3;r2=0,1,2;r3=0,1,2;r4=0,1,2;r5=0,1,2;r6=0,1,2,3;r7=0,1,2;r8=0,1,2;r9=0,1,2;r10=0,1,2,3;r11=0,1,2,3;r12=0,1,2;r13=0,1,2,3,4,5;r14=0,1,2,3,4;r15=0,1,2;r16=0,1,2,3,4;r17=0,1,2;r18=0,1,2;r19=0,1,2;r20=0,1,2;r21=0,1,2;r22=3,4,1,2,0;r23=0,1,2,3,4,5,6,7;r24=0,1,2,3,4,5,6,7;r25=0,1,2,3;r26=0,1,2;r27=0,1,2,3,4,5,6,7,8;r28=0,1,2,3;r29=0,1,2;r30=0,1,2,3,4,5,6,7;r31=0,1,2,3,4,5,6,7;r32=0,1,2,3,4,5;r33=0,1,2,3,4,5;r34=0,1,2,3,4,5",10.146340025,4858.24,3,1.041797,match
ablation_r22_p06,ablation,"r0=0,1,2,3;r1=0,1,2,3;r2=0,1,2;r3=0,1,2;r4=0,1,2;r5=0,1,2;r6=0,1,2,3;r7=0,1,2;r8=0,1,2;r9=0,1,2;r10=0,1,2,3;r11=0,1,2,3;r12=0,1,2;r13=0,1,2,3,4,5;r14=0,1,2,3,4;r15=0,1,2;r16=0,1,2,3,4;r17=0,1,2;r18=0,1,2;r19=0,1,2;r20=0,1,2;r21=0,1,2;r22=1,4,2,0,3;r23=0,1,2,3,4,5,6,7;r24=0,1,2,3,4,5,6,7;r25=0,1,2,3;r26=0,1,2;r27=0,1,2,3,4,5,6,7,8;r28=0,1,2,3;r29=0,1,2;r30=0,1,2,3,4,5,6,7;r31=0,1,2,3,4,5,6,7;r32=0,1,2,3,4,5;r33=0,1,2,3,4,5;r34=0,1,2,3,4,5",17.364486323,4241.79,3,1.782936,match
ablation_r22_p07,ablation,"r0=0,1,2,3;r1=0,1,2,3;r2=0,1,2;r3=0,1,2;r4=0,1,2;r5=0,1,2;r6=0,1,2,3;r7=0,1,2;r8=0,1,2;r9=0,1,2;r10=0,1,2,3;r11=0,1,2,3;r12=0,1,2;r13=0,1,2,3,4,5;r14=0,1,2,3,4;r15=0,1,2;r16=0,1,2,3,4;r17=0,1,2;r18=0,1,2;r19=0,1,2;r20=0,1,2;r21=0,1,2;r22=1,4,3,0,2;r23=0,1,2,3,4,5,6,7;r24=0,1,2,3,4,5,6,7;r25=0,1,2,3;r26=0,1,2;r27=0,1,2,3,4,5,6,7,8;r28=0,1,2,3;r29=0,1,2;r30=0,1,2,3,4,5,6,7;r31=0,1,2,3,4,5,6,7;r32=0,1,2,3,4,5;r33=0,1,2,3,4,5;r34=0,1,2,3,4,5",9.576719997,4121.23,3,0.983310,match
ablation_r22_p08,ablation,"r0=0,1,2,3;r1=0,1,2,3;r2=0,1,2;r3=0,1,2;r4=0,1,2;r5=0,1,2;r6=0,1,2,3;r7=0,1,2;r8=0,1,2;r9=0,1,2;r10=0,1,2,3;r11=0,1,2,3;r12=0,1,2;r13=0,1,2,3,4,5;r14=0,1,2,3,4;r15=0,1,2;r16=0,1,2,3,4;r17=0,1,2;r18=0,1,2;r19=0,1,2;r20=0,1,2;r21=0,1,2;r22=1,2,3,0,4;r23=0,1,2,3,4,5,6,7;r24=0,1,2,3,4,5,6,7;r25=0,1,2,3;r26=0,1,2;r27=0,1,2,3,4,5,6,7,8;r28=0,1,2,3;r29=0,1,2;r30=0,1,2,3,4,5,6,7;r31=0,1,2,3,4,5,6,7;r32=0,1,2,3,4,5;r33=0,1,2,3,4,5;r34=0,1,2,3,4,5",9.915021314,5081.11,3,1.018046,match
ablation_r22_p09,ablation,"r0=0,1,2,3;r1=0,1,2,3;r2=0,1,2;r3=0,1,2;r4=0,1,2;r5=0,1,2;r6=0,1,2,3;r7=0,1,2;r8=0,1,2;r9=0,1,2;r10=0,1,2,3;r11=0,1,2,3;r12=0,1,2;r13=0,1,2,3,4,5;r14=0,1,2,3,4;r15=0,1,2;r16=0,1,2,3,4;r17=0,1,2;r18=0,1,2;r19=0,1,2;r20=0,1,2;r21=0,1,2;r22=1,4,0,2,3;r23=0,1,2,3,4,5,6,7;r24=0,1,2,3,4,5,6,7;r25=0,1,2,3;r26=0,1,2;r27=0,1,2,3,4,5,6,7,8;r28=0,1,2,3;r29=0,1,2;r30=0,1,2,3,4,5,6,7;r31=0,1,2,3,4,5,6,7;r32=0,1,2,3,4,5;r33=0,1,2,3,4,5;r34=0,1,2,3,4,5",17.112887945,4250.00,3,1.757103,match
ablation_r22_p10,ablation,"r0=0,1,2,3;r1=0,1,2,3;r2=0,1,2;r3=0,1,2;r4=0,1,2;r5=0,1,2;r6=0,1,2,3;r7=0,1,2;r8=0,1,2;r9=0,1,2;r10=0,1,2,3;r11=0,1,2,3;r12=0,1,2;r13=0,1,2,3,4,5;r14=0,1,2,3,4;r15=0,1,2;r16=0,1,2,3,4;r17=0,1,2;r18=0,1,2;r19=0,1,2;r20=0,1,2;r21=0,1,2;r22=1,2,0,4,3;r23=0,1,2,3,4,5,6,7;r24=0,1,2,3,4,5,6,7;r25=0,1,2,3;r26=0,1,2;r27=0,1,2,3,4,5,6,7,8;r28=0,1,2,3;r29=0,1,2;r30=0,1,2,3,4,5,6,7;r31=0,1,2,3,4,5,6,7;r32=0,1,2,3,4,5;r33=0,1,2,3,4,5;r34=0,1,2,3,4,5",12.431281423,4369.62,3,1.276409,match
ablation_r22_p11,ablation,"r0=0,1,2,3;r1=0,1,2,3;r2=0,1,2;r3=0,1,2;r4=0,1,2;r5=0,1,2;r6=0,1,2,3;r7=0,1,2;r8=0,1,2;r9=0,1,2;r10=0,1,2,3;r11=0,1,2,3;r12=0,1,2;r13=0,1,2,3,4,5;r14=0,1,2,3,4;r15=0,1,2;r16=0,1,2,3,4;r17=0,1,2;r18=0,1,2;r19=0,1,2;r20=0,1,2;r21=0,1,2;r22=0,1,2,4,3;r23=0,1,2,3,4,5,6,7;r24=0,1,2,3,4,5,6,7;r25=0,1,2,3;r26=0,1,2;r27=0,1,2,3,4,5,6,7,8;r28=0,1,2,3;r29=0,1,2;r30=0,1,2,3,4,5,6,7;r31=0,1,2,3,4,5,6,7;r32=0,1,2,3,4,5;r33=0,1,2,3,4,5;r34=0,1,2,3,4,5",12.435632650,4259.33,3,1.276855,match
ablation_r22_p12,ablation,"r0=0,1,2,3;r1=0,1,2,3;r2=0,1,2;r3=0,1,2;r4=0,1,2;r5=0,1,2;r6=0,1,2,3;r7=0,1,2;r8=0,1,2;r9=0,1,2;r10=0,1,2,3;r11=0,1,2,3;r12=0,1,2;r13=0,1,2,3,4,5;r14=0,1,2,3,4;r15=0,1,2;r16=0,1,2,3,4;r17=0,1,2;r18=0,1,2;r19=0,1,2;r20=0,1,2;r21=0,1,2;r22=1,2,4,0,3;r23=0,1,2,3,4,5,6,7;r24=0,1,2,3,4,5,6,7;r25=0,1,2,3;r26=0,1,2;r27=0,1,2,3,4,5,6,7,8;r28=0,1,2,3;r29=0,1,2;r30=0,1,2,3,4,5,6,7;r31=0,1,2,3,4,5,6,7;r32=0,1,2,3,4,5;r33=0,1,2,3,4,5;r34=0,1,2,3,4,5",12.277983511,4275.72,3,1.260668,match
ablation_r23_p01,ablation,"r0=0,1,2,3;r1=0,1,2,3;r2=0,1,2;r3=0,1,2;r4=0,1,2;r5=0,1,2;r6=0,1,2,3;r7=0,1,2;r8=0,1,2;r9=0,1,2;r10=0,1,2,3;r11=0,1,2,3;r12=0,1,2;r13=0,1,2,3,4,5;r14=0,1,2,3,4;r15=0,1,2;r16=0,1,2,3,4;r17=0,1,2;r18=0,1,2;r19=0,1,2;r20=0,1,2;r21=0,1,2;r22=0,1,2,3,4;r23=2,5,6,1,7,0,4,3;r24=0,1,2,3,4,5,6,7;r25=0,1,2,3;r26=0,1,2;r27=0,1,2,3,4,5,6,7,8;r28=0,1,2,3;r29=0,1,2;r30=0,1,2,3,4,5,6,7;r31=0,1,2,3,4,5,6,7;r32=0,1,2,3,4,5;r33=0,1,2,3,4,5;r34=0,1,2,3,4,5",35.736822258,22592.02,3,3.669355,match
ablation_r23_p02,ablation,"r0=0,1,2,3;r1=0,1,2,3;r2=0,1,2;r3=0,1,2;r4=0,1,2;r5=0,1,2;r6=0,1,2,3;r7=0,1,2;r8=0,1,2;r9=0,1,2;r10=0,1,2,3;r11=0,1,2,3;r12=0,1,2;r13=0,1,2,3,4,5;r14=0,1,2,3,4;r15=0,1,2;r16=0,1,2,3,4;r17=0,1,2;r18=0,1,2;r19=0,1,2;r20=0,1,2;r21=0,1,2;r22=0,1,2,3,4;r23=1,2,3,4,5,7,0,6;r24=0,1,2,3,4,5,6,7;r25=0,1,2,3;r26=0,1,2;r27=0,1,2,3,4,5,6,7,8;r28=0,1,2,3;r29=0,1,2;r30=0,1,2,3,4,5,6,7;r31=0,1,2,3,4,5,6,7;r32=0,1,2,3,4,5;r33=0,1,2,3,4,5;r34=0,1,2,3,4,5",9.971974639,5098.47,3,1.023894,match
ablation_r23_p03,ablation,"r0=0,1,2,3;r1=0,1,2,3;r2=0,1,2;r3=0,1,2;r4=0,1,2;r5=0,1,2;r6=0,1,2,3;r7=0,1,2;r8=0,1,2;r9=0,1,2;r10=0,1,2,3;r11=0,1,2,3;r12=0,1,2;r13=0,1,2,3,4,5;r14=0,1,2,3,4;r15=0,1,2;r16=0,1,2,3,4;r17=0,1,2;r18=0,1,2;r19=0,1,2;r20=0,1,2;r21=0,1,2;r22=0,1,2,3,4;r23=1,3,4,2,0,7,5,6;r24=0,1,2,3,4,5,6,7;r25=0,1,2,3;r26=0,1,2;r27=0,1,2,3,4,5,6,7,8;r28=0,1,2,3;r29=0,1,2;r30=0,1,2,3,4,5,6,7;r31=0,1,2,3,4,5,6,7;r32=0,1,2,3,4,5;r33=0,1,2,3,4,5;r34=0,1,2,3,4,5",9.739546750,5165.44,3,1.000029,match
ablation_r23_p04,ablation,"r0=0,1,2,3;r1=0,1,2,3;r2=0,1,2;r3=0,1,2;r4=0,1,2;r5=0,1,2;r6=0,1,2,3;r7=0,1,2;r8=0,1,2;r9=0,1,2;r10=0,1,2,3;r11=0,1,2,3;r12=0,1,2;r13=0,1,2,3,4,5;r14=0,1,2,3,4;r15=0,1,2;r16=0,1,2,3,4;r17=0,1,2;r18=0,1,2;r19=0,1,2;r20=0,1,2;r21=0,1,2;r22=0,1,2,3,4;r23=1,2,0,5,3,4,7,6;r24=0,1,2,3,4,5,6,7;r25=0,1,2,3;r26=0,1,2;r27=0,1,2,3,4,5,6,7,8;r28=0,1,2,3;r29=0,1,2;r30=0,1,2,3,4,5,6,7;r31=0,1,2,3,4,5,6,7;r32=0,1,2,3,4,5;r33=0,1,2,3,4,5;r34=0,1,2,3,4,5",10.063209167,5195.46,3,1.033262,match
ablation_r23_p05,ablation,"r0=0,1,2,3;r1=0,1,2,3;r2=0,1,2;r3=0,1,2;r4=0,1,2;r5=0,1,2;r6=0,1,2,3;r7=0,1,2;r8=0,1,2;r9=0,1,2;r10=0,1,2,3;r11=0,1,2,3;r12=0,1,2;r13=0,1,2,3,4,5;r14=0,1,2,3,4;r15=0,1,2;r16=0,1,2,3,4;r17=0,1,2;r18=0,1,2;r19=0,1,2;r20=0,1,2;r21=0,1,2;r22=0,1,2,3,4;r23=2,5,6,7,1,3,4,0;r24=0,1,2,3,4,5,6,7;r25=0,1,2,3;r26=0,1,2;r27=0,1,2,3,4,5,6,7,8;r28=0,1,2,3;r29=0,1,2;r30=0,1,2,3,4,5,6,7;r31=0,1,2,3,4,5,6,7;r32=0,1,2,3,4,5;r33=0,1,2,3,4,5;r34=0,1,2,3,4,5",355.618483779,69954.82,3,36.513893,match
ablation_r23_p06,ablation,"r0=0,1,2,3;r1=0,1,2,3;r2=0,1,2;r3=0,1,2;r4=0,1,2;r5=0,1,2;r6=0,1,2,3;r7=0,1,2;r8=0,1,2;r9=0,1,2;r10=0,1,2,3;r11=0,1,2,3;r12=0,1,2;r13=0,1,2,3,4,5;r14=0,1,2,3,4;r15=0,1,2;r16=0,1,2,3,4;r17=0,1,2;r18=0,1,2;r19=0,1,2;r20=0,1,2;r21=0,1,2;r22=0,1,2,3,4;r23=1,3,2,0,5,6,7,4;r24=0,1,2,3,4,5,6,7;r25=0,1,2,3;r26=0,1,2;r27=0,1,2,3,4,5,6,7,8;r28=0,1,2,3;r29=0,1,2;r30=0,1,2,3,4,5,6,7;r31=0,1,2,3,4,5,6,7;r32=0,1,2,3,4,5;r33=0,1,2,3,4,5;r34=0,1,2,3,4,5",486.133542223,10860.29,3,49.914807,match
ablation_r23_p07,ablation,"r0=0,1,2,3;r1=0,1,2,3;r2=0,1,2;r3=0,1,2;r4=0,1,2;r5=0,1,2;r6=0,1,2,3;r7=0,1,2;r8=0,1,2;r9=0,1,2;r10=0,1,2,3;r11=0,1,2,3;r12=0,1,2;r13=0,1,2,3,4,5;r14=0,1,2,3,4;r15=0,1,2;r16=0,1,2,3,4;r17=0,1,2;r18=0,1,2;r19=0,1,2;r20=0,1,2;r21=0,1,2;r22=0,1,2,3,4;r23=5,6,7,2,4,1,0,3;r24=0,1,2,3,4,5,6,7;r25=0,1,2,3;r26=0,1,2;r27=0,1,2,3,4,5,6,7,8;r28=0,1,2,3;r29=0,1,2;r30=0,1,2,3,4,5,6,7;r31=0,1,2,3,4,5,6,7;r32=0,1,2,3,4,5;r33=0,1,2,3,4,5;r34=0,1,2,3,4,5",579.581985929,103899.11,3,59.509827,match
ablation_r23_p08,ablation,"r0=0,1,2,3;r1=0,1,2,3;r2=0,1,2;r3=0,1,2;r4=0,1,2;r5=0,1,2;r6=0,1,2,3;r7=0,1,2;r8=0,1,2;r9=0,1,2;r10=0,1,2,3;r11=0,1,2,3;r12=0,1,2;r13=0,1,2,3,4,5;r14=0,1,2,3,4;r15=0,1,2;r16=0,1,2,3,4;r17=0,1,2;r18=0,1,2;r19=0,1,2;r20=0,1,2;r21=0,1,2;r22=0,1,2,3,4;r23=3,4,1,7,2,6,5,0;r24=0,1,2,3,4,5,6,7;r25=0,1,2,3;r26=0,1,2;r27=0,1,2,3,4,5,6,7,8;r28=0,1,2,3;r29=0,1,2;r30=0,1,2,3,4,5,6,7;r31=0,1,2,3,4,5,6,7;r32=0,1,2,3,4,5;r33=0,1,2,3,4,5;r34=0,1,2,3,4,5",10.702946240,5869.64,3,1.098948,match
ablation_r23_p09,ablation,"r0=0,1,2,3;r1=0,1,2,3;r2=0,1,2;r3=0,1,2;r4=0,1,2;r5=0,1,2;r6=0,1,2,3;r7=0,1,2;r8=0,1,2;r9=0,1,2;r10=0,1,2,3;r11=0,1,2,3;r12=0,1,2;r13=0,1,2,3,4,5;r14=0,1,2,3,4;r15=0,1,2;r16=0,1,2,3,4;r17=0,1,2;r18=0,1,2;r19=0,1,2;r20=0,1,2;r21=0,1,2;r22=0,1,2,3,4;r23=3,4,1,7,2,0,5,6;r24=0,1,2,3,4,5,6,7;r25=0,1,2,3;r26=0,1,2;r27=0,1,2,3,4,5,6,7,8;r28=0,1,2,3;r29=0,1,2;r30=0,1,2,3,4,5,6,7;r31=0,1,2,3,4,5,6,7;r32=0,1,2,3,4,5;r33=0,1,2,3,4,5;r34=0,1,2,3,4,5",11.461952363,5861.27,3,1.176881,match
ablation_r23_p10,ablation,"r0=0,1,2,3;r1=0,1,2,3;r2=0,1,2;r3=0,1,2;r4=0,1,2;r5=0,1,2;r6=0,1,2,3;r7=0,1,2;r8=0,1,2;r9=0,1,2;r10=0,1,2,3;r11=0,1,2,3;r12=0,1,2;r13=0,1,2,3,4,5;r14=0,1,2,3,4;r15=0,1,2;r16=0,1,2,3,4;r17=0,1,2;r18=0,1,2;r19=0,1,2;r20=0,1,2;r21=0,1,2;r22=0,1,2,3,4;r23=6,7,5,2,1,4,3,0;r24=0,1,2,3,4,5,6,7;r25=0,1,2,3;r26=0,1,2;r27=0,1,2,3,4,5,6,7,8;r28=0,1,2,3;r29=0,1,2;r30=0,1,2,3,4,5,6,7;r31=0,1,2,3,4,5,6,7;r32=0,1,2,3,4,5;r33=0,1,2,3,4,5;r34=0,1,2,3,4,5",45.686142879,24385.27,3,4.690923,match
ablation_r23_p11,ablation,"r0=0,1,2,3;r1=0,1,2,3;r2=0,1,2;r3=0,1,2;r4=0,1,2;r5=0,1,2;r6=0,1,2,3;r7=0,1,2;r8=0,1,2;r9=0,1,2;r10=0,1,2,3;r11=0,1,2,3;r12=0,1,2;r13=0,1,2,3,4,5;r14=0,1,2,3,4;r15=0,1,2;r16=0,1,2,3,4;r17=0,1,2;r18=0,1,2;r19=0,1,2;r20=0,1,2;r21=0,1,2;r22=0,1,2,3,4;r23=6,7,4,3,5,2,1,0;r24=0,1,2,3,4,5,6,7;r25=0,1,2,3;r26=0,1,2;r27=0,1,2,3,4,5,6,7,8;r28=0,1,2,3;r29=0,1,2;r30=0,1,2,3,4,5,6,7;r31=0,1,2,3,4,5,6,7;r32=0,1,2,3,4,5;r33=0,1,2,3,4,5;r34=0,1,2,3,4,5",TIMEOUT,252223.26,0,N/A,TIMEOUT
ablation_r23_p12,ablation,"r0=0,1,2,3;r1=0,1,2,3;r2=0,1,2;r3=0,1,2;r4=0,1,2;r5=0,1,2;r6=0,1,2,3;r7=0,1,2;r8=0,1,2;r9=0,1,2;r10=0,1,2,3;r11=0,1,2,3;r12=0,1,2;r13=0,1,2,3,4,5;r14=0,1,2,3,4;r15=0,1,2;r16=0,1,2,3,4;r17=0,1,2;r18=0,1,2;r19=0,1,2;r20=0,1,2;r21=0,1,2;r22=0,1,2,3,4;r23=1,3,4,0,2,7,5,6;r24=0,1,2,3,4,5,6,7;r25=0,1,2,3;r26=0,1,2;r27=0,1,2,3,4,5,6,7,8;r28=0,1,2,3;r29=0,1,2;r30=0,1,2,3,4,5,6,7;r31=0,1,2,3,4,5,6,7;r32=0,1,2,3,4,5;r33=0,1,2,3,4,5;r34=0,1,2,3,4,5",10.676310843,5154.46,3,1.096213,match
ablation_r24_p01,ablation,"r0=0,1,2,3;r1=0,1,2,3;r2=0,1,2;r3=0,1,2;r4=0,1,2;r5=0,1,2;r6=0,1,2,3;r7=0,1,2;r8=0,1,2;r9=0,1,2;r10=0,1,2,3;r11=0,1,2,3;r12=0,1,2;r13=0,1,2,3,4,5;r14=0,1,2,3,4;r15=0,1,2;r16=0,1,2,3,4;r17=0,1,2;r18=0,1,2;r19=0,1,2;r20=0,1,2;r21=0,1,2;r22=0,1,2,3,4;r23=0,1,2,3,4,5,6,7;r24=2,5,1,6,3,4,7,0;r25=0,1,2,3;r26=0,1,2;r27=0,1,2,3,4,5,6,7,8;r28=0,1,2,3;r29=0,1,2;r30=0,1,2,3,4,5,6,7;r31=0,1,2,3,4,5,6,7;r32=0,1,2,3,4,5;r33=0,1,2,3,4,5;r34=0,1,2,3,4,5",9.762366752,5780.84,3,1.002372,match
ablation_r24_p02,ablation,"r0=0,1,2,3;r1=0,1,2,3;r2=0,1,2;r3=0,1,2;r4=0,1,2;r5=0,1,2;r6=0,1,2,3;r7=0,1,2;r8=0,1,2;r9=0,1,2;r10=0,1,2,3;r11=0,1,2,3;r12=0,1,2;r13=0,1,2,3,4,5;r14=0,1,2,3,4;r15=0,1,2;r16=0,1,2,3,4;r17=0,1,2;r18=0,1,2;r19=0,1,2;r20=0,1,2;r21=0,1,2;r22=0,1,2,3,4;r23=0,1,2,3,4,5,6,7;r24=1,2,4,5,7,0,6,3;r25=0,1,2,3;r26=0,1,2;r27=0,1,2,3,4,5,6,7,8;r28=0,1,2,3;r29=0,1,2;r30=0,1,2,3,4,5,6,7;r31=0,1,2,3,4,5,6,7;r32=0,1,2,3,4,5;r33=0,1,2,3,4,5;r34=0,1,2,3,4,5",11.875439104,5182.71,3,1.219336,match
ablation_r24_p03,ablation,"r0=0,1,2,3;r1=0,1,2,3;r2=0,1,2;r3=0,1,2;r4=0,1,2;r5=0,1,2;r6=0,1,2,3;r7=0,1,2;r8=0,1,2;r9=0,1,2;r10=0,1,2,3;r11=0,1,2,3;r12=0,1,2;r13=0,1,2,3,4,5;r14=0,1,2,3,4;r15=0,1,2;r16=0,1,2,3,4;r17=0,1,2;r18=0,1,2;r19=0,1,2;r20=0,1,2;r21=0,1,2;r22=0,1,2,3,4;r23=0,1,2,3,4,5,6,7;r24=4,7,1,0,2,6,5,3;r25=0,1,2,3;r26=0,1,2;r27=0,1,2,3,4,5,6,7,8;r28=0,1,2,3;r29=0,1,2;r30=0,1,2,3,4,5,6,7;r31=0,1,2,3,4,5,6,7;r32=0,1,2,3,4,5;r33=0,1,2,3,4,5;r34=0,1,2,3,4,5",18.162324704,7517.26,3,1.864856,match
ablation_r24_p04,ablation,"r0=0,1,2,3;r1=0,1,2,3;r2=0,1,2;r3=0,1,2;r4=0,1,2;r5=0,1,2;r6=0,1,2,3;r7=0,1,2;r8=0,1,2;r9=0,1,2;r10=0,1,2,3;r11=0,1,2,3;r12=0,1,2;r13=0,1,2,3,4,5;r14=0,1,2,3,4;r15=0,1,2;r16=0,1,2,3,4;r17=0,1,2;r18=0,1,2;r19=0,1,2;r20=0,1,2;r21=0,1,2;r22=0,1,2,3,4;r23=0,1,2,3,4,5,6,7;r24=1,2,0,3,5,6,4,7;r25=0,1,2,3;r26=0,1,2;r27=0,1,2,3,4,5,6,7,8;r28=0,1,2,3;r29=0,1,2;r30=0,1,2,3,4,5,6,7;r31=0,1,2,3,4,5,6,7;r32=0,1,2,3,4,5;r33=0,1,2,3,4,5;r34=0,1,2,3,4,5",10.616286852,5087.52,3,1.090050,match
ablation_r24_p05,ablation,"r0=0,1,2,3;r1=0,1,2,3;r2=0,1,2;r3=0,1,2;r4=0,1,2;r5=0,1,2;r6=0,1,2,3;r7=0,1,2;r8=0,1,2;r9=0,1,2;r10=0,1,2,3;r11=0,1,2,3;r12=0,1,2;r13=0,1,2,3,4,5;r14=0,1,2,3,4;r15=0,1,2;r16=0,1,2,3,4;r17=0,1,2;r18=0,1,2;r19=0,1,2;r20=0,1,2;r21=0,1,2;r22=0,1,2,3,4;r23=0,1,2,3,4,5,6,7;r24=0,1,4,2,5,6,7,3;r25=0,1,2,3;r26=0,1,2;r27=0,1,2,3,4,5,6,7,8;r28=0,1,2,3;r29=0,1,2;r30=0,1,2,3,4,5,6,7;r31=0,1,2,3,4,5,6,7;r32=0,1,2,3,4,5;r33=0,1,2,3,4,5;r34=0,1,2,3,4,5",8.741663023,5074.45,3,0.897569,match
ablation_r24_p06,ablation,"r0=0,1,2,3;r1=0,1,2,3;r2=0,1,2;r3=0,1,2;r4=0,1,2;r5=0,1,2;r6=0,1,2,3;r7=0,1,2;r8=0,1,2;r9=0,1,2;r10=0,1,2,3;r11=0,1,2,3;r12=0,1,2;r13=0,1,2,3,4,5;r14=0,1,2,3,4;r15=0,1,2;r16=0,1,2,3,4;r17=0,1,2;r18=0,1,2;r19=0,1,2;r20=0,1,2;r21=0,1,2;r22=0,1,2,3,4;r23=0,1,2,3,4,5,6,7;r24=3,5,2,1,0,4,7,6;r25=0,1,2,3;r26=0,1,2;r27=0,1,2,3,4,5,6,7,8;r28=0,1,2,3;r29=0,1,2;r30=0,1,2,3,4,5,6,7;r31=0,1,2,3,4,5,6,7;r32=0,1,2,3,4,5;r33=0,1,2,3,4,5;r34=0,1,2,3,4,5",TIMEOUT,43631.97,0,N/A,TIMEOUT
ablation_r24_p07,ablation,"r0=0,1,2,3;r1=0,1,2,3;r2=0,1,2;r3=0,1,2;r4=0,1,2;r5=0,1,2;r6=0,1,2,3;r7=0,1,2;r8=0,1,2;r9=0,1,2;r10=0,1,2,3;r11=0,1,2,3;r12=0,1,2;r13=0,1,2,3,4,5;r14=0,1,2,3,4;r15=0,1,2;r16=0,1,2,3,4;r17=0,1,2;r18=0,1,2;r19=0,1,2;r20=0,1,2;r21=0,1,2;r22=0,1,2,3,4;r23=0,1,2,3,4,5,6,7;r24=1,2,5,0,4,7,3,6;r25=0,1,2,3;r26=0,1,2;r27=0,1,2,3,4,5,6,7,8;r28=0,1,2,3;r29=0,1,2;r30=0,1,2,3,4,5,6,7;r31=0,1,2,3,4,5,6,7;r32=0,1,2,3,4,5;r33=0,1,2,3,4,5;r34=0,1,2,3,4,5",12.384550362,5169.96,3,1.271610,match
ablation_r24_p08,ablation,"r0=0,1,2,3;r1=0,1,2,3;r2=0,1,2;r3=0,1,2;r4=0,1,2;r5=0,1,2;r6=0,1,2,3;r7=0,1,2;r8=0,1,2;r9=0,1,2;r10=0,1,2,3;r11=0,1,2,3;r12=0,1,2;r13=0,1,2,3,4,5;r14=0,1,2,3,4;r15=0,1,2;r16=0,1,2,3,4;r17=0,1,2;r18=0,1,2;r19=0,1,2;r20=0,1,2;r21=0,1,2;r22=0,1,2,3,4;r23=0,1,2,3,4,5,6,7;r24=4,7,6,5,3,1,0,2;r25=0,1,2,3;r26=0,1,2;r27=0,1,2,3,4,5,6,7,8;r28=0,1,2,3;r29=0,1,2;r30=0,1,2,3,4,5,6,7;r31=0,1,2,3,4,5,6,7;r32=0,1,2,3,4,5;r33=0,1,2,3,4,5;r34=0,1,2,3,4,5",479.306228660,217955.64,3,49.213798,match
ablation_r24_p09,ablation,"r0=0,1,2,3;r1=0,1,2,3;r2=0,1,2;r3=0,1,2;r4=0,1,2;r5=0,1,2;r6=0,1,2,3;r7=0,1,2;r8=0,1,2;r9=0,1,2;r10=0,1,2,3;r11=0,1,2,3;r12=0,1,2;r13=0,1,2,3,4,5;r14=0,1,2,3,4;r15=0,1,2;r16=0,1,2,3,4;r17=0,1,2;r18=0,1,2;r19=0,1,2;r20=0,1,2;r21=0,1,2;r22=0,1,2,3,4;r23=0,1,2,3,4,5,6,7;r24=1,2,5,6,4,3,7,0;r25=0,1,2,3;r26=0,1,2;r27=0,1,2,3,4,5,6,7,8;r28=0,1,2,3;r29=0,1,2;r30=0,1,2,3,4,5,6,7;r31=0,1,2,3,4,5,6,7;r32=0,1,2,3,4,5;r33=0,1,2,3,4,5;r34=0,1,2,3,4,5",8.488917307,5166.80,3,0.871618,match
ablation_r24_p10,ablation,"r0=0,1,2,3;r1=0,1,2,3;r2=0,1,2;r3=0,1,2;r4=0,1,2;r5=0,1,2;r6=0,1,2,3;r7=0,1,2;r8=0,1,2;r9=0,1,2;r10=0,1,2,3;r11=0,1,2,3;r12=0,1,2;r13=0,1,2,3,4,5;r14=0,1,2,3,4;r15=0,1,2;r16=0,1,2,3,4;r17=0,1,2;r18=0,1,2;r19=0,1,2;r20=0,1,2;r21=0,1,2;r22=0,1,2,3,4;r23=0,1,2,3,4,5,6,7;r24=1,2,0,4,5,7,3,6;r25=0,1,2,3;r26=0,1,2;r27=0,1,2,3,4,5,6,7,8;r28=0,1,2,3;r29=0,1,2;r30=0,1,2,3,4,5,6,7;r31=0,1,2,3,4,5,6,7;r32=0,1,2,3,4,5;r33=0,1,2,3,4,5;r34=0,1,2,3,4,5",12.549583814,5207.57,3,1.288556,match
ablation_r24_p11,ablation,"r0=0,1,2,3;r1=0,1,2,3;r2=0,1,2;r3=0,1,2;r4=0,1,2;r5=0,1,2;r6=0,1,2,3;r7=0,1,2;r8=0,1,2;r9=0,1,2;r10=0,1,2,3;r11=0,1,2,3;r12=0,1,2;r13=0,1,2,3,4,5;r14=0,1,2,3,4;r15=0,1,2;r16=0,1,2,3,4;r17=0,1,2;r18=0,1,2;r19=0,1,2;r20=0,1,2;r21=0,1,2;r22=0,1,2,3,4;r23=0,1,2,3,4,5,6,7;r24=5,6,7,4,1,2,3,0;r25=0,1,2,3;r26=0,1,2;r27=0,1,2,3,4,5,6,7,8;r28=0,1,2,3;r29=0,1,2;r30=0,1,2,3,4,5,6,7;r31=0,1,2,3,4,5,6,7;r32=0,1,2,3,4,5;r33=0,1,2,3,4,5;r34=0,1,2,3,4,5",12.048647511,6825.95,3,1.237121,match
ablation_r24_p12,ablation,"r0=0,1,2,3;r1=0,1,2,3;r2=0,1,2;r3=0,1,2;r4=0,1,2;r5=0,1,2;r6=0,1,2,3;r7=0,1,2;r8=0,1,2;r9=0,1,2;r10=0,1,2,3;r11=0,1,2,3;r12=0,1,2;r13=0,1,2,3,4,5;r14=0,1,2,3,4;r15=0,1,2;r16=0,1,2,3,4;r17=0,1,2;r18=0,1,2;r19=0,1,2;r20=0,1,2;r21=0,1,2;r22=0,1,2,3,4;r23=0,1,2,3,4,5,6,7;r24=1,2,5,0,6,4,7,3;r25=0,1,2,3;r26=0,1,2;r27=0,1,2,3,4,5,6,7,8;r28=0,1,2,3;r29=0,1,2;r30=0,1,2,3,4,5,6,7;r31=0,1,2,3,4,5,6,7;r32=0,1,2,3,4,5;r33=0,1,2,3,4,5;r34=0,1,2,3,4,5",8.653151601,5186.11,3,0.888481,match
ablation_r25_p01,ablation,"r0=0,1,2,3;r1=0,1,2,3;r2=0,1,2;r3=0,1,2;r4=0,1,2;r5=0,1,2;r6=0,1,2,3;r7=0,1,2;r8=0,1,2;r9=0,1,2;r10=0,1,2,3;r11=0,1,2,3;r12=0,1,2;r13=0,1,2,3,4,5;r14=0,1,2,3,4;r15=0,1,2;r16=0,1,2,3,4;r17=0,1,2;r18=0,1,2;r19=0,1,2;r20=0,1,2;r21=0,1,2;r22=0,1,2,3,4;r23=0,1,2,3,4,5,6,7;r24=0,1,2,3,4,5,6,7;r25=0,1,3,2;r26=0,1,2;r27=0,1,2,3,4,5,6,7,8;r28=0,1,2,3;r29=0,1,2;r30=0,1,2,3,4,5,6,7;r31=0,1,2,3,4,5,6,7;r32=0,1,2,3,4,5;r33=0,1,2,3,4,5;r34=0,1,2,3,4,5",12.880864268,6171.35,3,1.322570,match
ablation_r25_p02,ablation,"r0=0,1,2,3;r1=0,1,2,3;r2=0,1,2;r3=0,1,2;r4=0,1,2;r5=0,1,2;r6=0,1,2,3;r7=0,1,2;r8=0,1,2;r9=0,1,2;r10=0,1,2,3;r11=0,1,2,3;r12=0,1,2;r13=0,1,2,3,4,5;r14=0,1,2,3,4;r15=0,1,2;r16=0,1,2,3,4;r17=0,1,2;r18=0,1,2;r19=0,1,2;r20=0,1,2;r21=0,1,2;r22=0,1,2,3,4;r23=0,1,2,3,4,5,6,7;r24=0,1,2,3,4,5,6,7;r25=1,2,0,3;r26=0,1,2;r27=0,1,2,3,4,5,6,7,8;r28=0,1,2,3;r29=0,1,2;r30=0,1,2,3,4,5,6,7;r31=0,1,2,3,4,5,6,7;r32=0,1,2,3,4,5;r33=0,1,2,3,4,5;r34=0,1,2,3,4,5",9.716233447,5154.14,3,0.997635,match
ablation_r25_p03,ablation,"r0=0,1,2,3;r1=0,1,2,3;r2=0,1,2;r3=0,1,2;r4=0,1,2;r5=0,1,2;r6=0,1,2,3;r7=0,1,2;r8=0,1,2;r9=0,1,2;r10=0,1,2,3;r11=0,1,2,3;r12=0,1,2;r13=0,1,2,3,4,5;r14=0,1,2,3,4;r15=0,1,2;r16=0,1,2,3,4;r17=0,1,2;r18=0,1,2;r19=0,1,2;r20=0,1,2;r21=0,1,2;r22=0,1,2,3,4;r23=0,1,2,3,4,5,6,7;r24=0,1,2,3,4,5,6,7;r25=1,2,3,0;r26=0,1,2;r27=0,1,2,3,4,5,6,7,8;r28=0,1,2,3;r29=0,1,2;r30=0,1,2,3,4,5,6,7;r31=0,1,2,3,4,5,6,7;r32=0,1,2,3,4,5;r33=0,1,2,3,4,5;r34=0,1,2,3,4,5",9.812561815,5135.40,3,1.007526,match
ablation_r25_p04,ablation,"r0=0,1,2,3;r1=0,1,2,3;r2=0,1,2;r3=0,1,2;r4=0,1,2;r5=0,1,2;r6=0,1,2,3;r7=0,1,2;r8=0,1,2;r9=0,1,2;r10=0,1,2,3;r11=0,1,2,3;r12=0,1,2;r13=0,1,2,3,4,5;r14=0,1,2,3,4;r15=0,1,2;r16=0,1,2,3,4;r17=0,1,2;r18=0,1,2;r19=0,1,2;r20=0,1,2;r21=0,1,2;r22=0,1,2,3,4;r23=0,1,2,3,4,5,6,7;r24=0,1,2,3,4,5,6,7;r25=1,3,0,2;r26=0,1,2;r27=0,1,2,3,4,5,6,7,8;r28=0,1,2,3;r29=0,1,2;r30=0,1,2,3,4,5,6,7;r31=0,1,2,3,4,5,6,7;r32=0,1,2,3,4,5;r33=0,1,2,3,4,5;r34=0,1,2,3,4,5",13.207456858,6146.83,3,1.356104,match
ablation_r25_p05,ablation,"r0=0,1,2,3;r1=0,1,2,3;r2=0,1,2;r3=0,1,2;r4=0,1,2;r5=0,1,2;r6=0,1,2,3;r7=0,1,2;r8=0,1,2;r9=0,1,2;r10=0,1,2,3;r11=0,1,2,3;r12=0,1,2;r13=0,1,2,3,4,5;r14=0,1,2,3,4;r15=0,1,2;r16=0,1,2,3,4;r17=0,1,2;r18=0,1,2;r19=0,1,2;r20=0,1,2;r21=0,1,2;r22=0,1,2,3,4;r23=0,1,2,3,4,5,6,7;r24=0,1,2,3,4,5,6,7;r25=1,3,2,0;r26=0,1,2;r27=0,1,2,3,4,5,6,7,8;r28=0,1,2,3;r29=0,1,2;r30=0,1,2,3,4,5,6,7;r31=0,1,2,3,4,5,6,7;r32=0,1,2,3,4,5;r33=0,1,2,3,4,5;r34=0,1,2,3,4,5",13.062561089,6148.31,3,1.341227,match
ablation_r25_p06,ablation,"r0=0,1,2,3;r1=0,1,2,3;r2=0,1,2;r3=0,1,2;r4=0,1,2;r5=0,1,2;r6=0,1,2,3;r7=0,1,2;r8=0,1,2;r9=0,1,2;r10=0,1,2,3;r11=0,1,2,3;r12=0,1,2;r13=0,1,2,3,4,5;r14=0,1,2,3,4;r15=0,1,2;r16=0,1,2,3,4;r17=0,1,2;r18=0,1,2;r19=0,1,2;r20=0,1,2;r21=0,1,2;r22=0,1,2,3,4;r23=0,1,2,3,4,5,6,7;r24=0,1,2,3,4,5,6,7;r25=2,3,1,0;r26=0,1,2;r27=0,1,2,3,4,5,6,7,8;r28=0,1,2,3;r29=0,1,2;r30=0,1,2,3,4,5,6,7;r31=0,1,2,3,4,5,6,7;r32=0,1,2,3,4,5;r33=0,1,2,3,4,5;r34=0,1,2,3,4,5",224.089590864,21907.13,3,23.008881,match
ablation_r26_p01,ablation,"r0=0,1,2,3;r1=0,1,2,3;r2=0,1,2;r3=0,1,2;r4=0,1,2;r5=0,1,2;r6=0,1,2,3;r7=0,1,2;r8=0,1,2;r9=0,1,2;r10=0,1,2,3;r11=0,1,2,3;r12=0,1,2;r13=0,1,2,3,4,5;r14=0,1,2,3,4;r15=0,1,2;r16=0,1,2,3,4;r17=0,1,2;r18=0,1,2;r19=0,1,2;r20=0,1,2;r21=0,1,2;r22=0,1,2,3,4;r23=0,1,2,3,4,5,6,7;r24=0,1,2,3,4,5,6,7;r25=0,1,2,3;r26=1,2,0;r27=0,1,2,3,4,5,6,7,8;r28=0,1,2,3;r29=0,1,2;r30=0,1,2,3,4,5,6,7;r31=0,1,2,3,4,5,6,7;r32=0,1,2,3,4,5;r33=0,1,2,3,4,5;r34=0,1,2,3,4,5",9.659721034,5136.88,3,0.991833,match
ablation_r27_p01,ablation,"r0=0,1,2,3;r1=0,1,2,3;r2=0,1,2;r3=0,1,2;r4=0,1,2;r5=0,1,2;r6=0,1,2,3;r7=0,1,2;r8=0,1,2;r9=0,1,2;r10=0,1,2,3;r11=0,1,2,3;r12=0,1,2;r13=0,1,2,3,4,5;r14=0,1,2,3,4;r15=0,1,2;r16=0,1,2,3,4;r17=0,1,2;r18=0,1,2;r19=0,1,2;r20=0,1,2;r21=0,1,2;r22=0,1,2,3,4;r23=0,1,2,3,4,5,6,7;r24=0,1,2,3,4,5,6,7;r25=0,1,2,3;r26=0,1,2;r27=1,5,2,7,3,8,6,4,0;r28=0,1,2,3;r29=0,1,2;r30=0,1,2,3,4,5,6,7;r31=0,1,2,3,4,5,6,7;r32=0,1,2,3,4,5;r33=0,1,2,3,4,5;r34=0,1,2,3,4,5",329.317920879,26606.54,3,33.813426,match
ablation_r27_p02,ablation,"r0=0,1,2,3;r1=0,1,2,3;r2=0,1,2;r3=0,1,2;r4=0,1,2;r5=0,1,2;r6=0,1,2,3;r7=0,1,2;r8=0,1,2;r9=0,1,2;r10=0,1,2,3;r11=0,1,2,3;r12=0,1,2;r13=0,1,2,3,4,5;r14=0,1,2,3,4;r15=0,1,2;r16=0,1,2,3,4;r17=0,1,2;r18=0,1,2;r19=0,1,2;r20=0,1,2;r21=0,1,2;r22=0,1,2,3,4;r23=0,1,2,3,4,5,6,7;r24=0,1,2,3,4,5,6,7;r25=0,1,2,3;r26=0,1,2;r27=3,4,2,7,8,5,1,0,6;r28=0,1,2,3;r29=0,1,2;r30=0,1,2,3,4,5,6,7;r31=0,1,2,3,4,5,6,7;r32=0,1,2,3,4,5;r33=0,1,2,3,4,5;r34=0,1,2,3,4,5",110.551508724,38443.44,3,11.351114,match
ablation_r27_p03,ablation,"r0=0,1,2,3;r1=0,1,2,3;r2=0,1,2;r3=0,1,2;r4=0,1,2;r5=0,1,2;r6=0,1,2,3;r7=0,1,2;r8=0,1,2;r9=0,1,2;r10=0,1,2,3;r11=0,1,2,3;r12=0,1,2;r13=0,1,2,3,4,5;r14=0,1,2,3,4;r15=0,1,2;r16=0,1,2,3,4;r17=0,1,2;r18=0,1,2;r19=0,1,2;r20=0,1,2;r21=0,1,2;r22=0,1,2,3,4;r23=0,1,2,3,4,5,6,7;r24=0,1,2,3,4,5,6,7;r25=0,1,2,3;r26=0,1,2;r27=2,5,3,7,1,0,4,8,6;r28=0,1,2,3;r29=0,1,2;r30=0,1,2,3,4,5,6,7;r31=0,1,2,3,4,5,6,7;r32=0,1,2,3,4,5;r33=0,1,2,3,4,5;r34=0,1,2,3,4,5",TIMEOUT,30005.75,0,N/A,TIMEOUT
ablation_r27_p04,ablation,"r0=0,1,2,3;r1=0,1,2,3;r2=0,1,2;r3=0,1,2;r4=0,1,2;r5=0,1,2;r6=0,1,2,3;r7=0,1,2;r8=0,1,2;r9=0,1,2;r10=0,1,2,3;r11=0,1,2,3;r12=0,1,2;r13=0,1,2,3,4,5;r14=0,1,2,3,4;r15=0,1,2;r16=0,1,2,3,4;r17=0,1,2;r18=0,1,2;r19=0,1,2;r20=0,1,2;r21=0,1,2;r22=0,1,2,3,4;r23=0,1,2,3,4,5,6,7;r24=0,1,2,3,4,5,6,7;r25=0,1,2,3;r26=0,1,2;r27=4,7,8,5,1,2,0,6,3;r28=0,1,2,3;r29=0,1,2;r30=0,1,2,3,4,5,6,7;r31=0,1,2,3,4,5,6,7;r32=0,1,2,3,4,5;r33=0,1,2,3,4,5;r34=0,1,2,3,4,5",118.249674072,35683.47,3,12.141540,match
ablation_r27_p05,ablation,"r0=0,1,2,3;r1=0,1,2,3;r2=0,1,2;r3=0,1,2;r4=0,1,2;r5=0,1,2;r6=0,1,2,3;r7=0,1,2;r8=0,1,2;r9=0,1,2;r10=0,1,2,3;r11=0,1,2,3;r12=0,1,2;r13=0,1,2,3,4,5;r14=0,1,2,3,4;r15=0,1,2;r16=0,1,2,3,4;r17=0,1,2;r18=0,1,2;r19=0,1,2;r20=0,1,2;r21=0,1,2;r22=0,1,2,3,4;r23=0,1,2,3,4,5,6,7;r24=0,1,2,3,4,5,6,7;r25=0,1,2,3;r26=0,1,2;r27=6,7,2,4,1,3,5,8,0;r28=0,1,2,3;r29=0,1,2;r30=0,1,2,3,4,5,6,7;r31=0,1,2,3,4,5,6,7;r32=0,1,2,3,4,5;r33=0,1,2,3,4,5;r34=0,1,2,3,4,5",48.891832556,21413.07,3,5.020074,match
ablation_r27_p06,ablation,"r0=0,1,2,3;r1=0,1,2,3;r2=0,1,2;r3=0,1,2;r4=0,1,2;r5=0,1,2;r6=0,1,2,3;r7=0,1,2;r8=0,1,2;r9=0,1,2;r10=0,1,2,3;r11=0,1,2,3;r12=0,1,2;r13=0,1,2,3,4,5;r14=0,1,2,3,4;r15=0,1,2;r16=0,1,2,3,4;r17=0,1,2;r18=0,1,2;r19=0,1,2;r20=0,1,2;r21=0,1,2;r22=0,1,2,3,4;r23=0,1,2,3,4,5,6,7;r24=0,1,2,3,4,5,6,7;r25=0,1,2,3;r26=0,1,2;r27=2,6,7,5,4,3,8,1,0;r28=0,1,2,3;r29=0,1,2;r30=0,1,2,3,4,5,6,7;r31=0,1,2,3,4,5,6,7;r32=0,1,2,3,4,5;r33=0,1,2,3,4,5;r34=0,1,2,3,4,5",48.545729519,22945.16,3,4.984537,match
ablation_r27_p07,ablation,"r0=0,1,2,3;r1=0,1,2,3;r2=0,1,2;r3=0,1,2;r4=0,1,2;r5=0,1,2;r6=0,1,2,3;r7=0,1,2;r8=0,1,2;r9=0,1,2;r10=0,1,2,3;r11=0,1,2,3;r12=0,1,2;r13=0,1,2,3,4,5;r14=0,1,2,3,4;r15=0,1,2;r16=0,1,2,3,4;r17=0,1,2;r18=0,1,2;r19=0,1,2;r20=0,1,2;r21=0,1,2;r22=0,1,2,3,4;r23=0,1,2,3,4,5,6,7;r24=0,1,2,3,4,5,6,7;r25=0,1,2,3;r26=0,1,2;r27=1,6,2,7,0,4,3,8,5;r28=0,1,2,3;r29=0,1,2;r30=0,1,2,3,4,5,6,7;r31=0,1,2,3,4,5,6,7;r32=0,1,2,3,4,5;r33=0,1,2,3,4,5;r34=0,1,2,3,4,5",49.075904740,23049.19,3,5.038974,match
ablation_r27_p08,ablation,"r0=0,1,2,3;r1=0,1,2,3;r2=0,1,2;r3=0,1,2;r4=0,1,2;r5=0,1,2;r6=0,1,2,3;r7=0,1,2;r8=0,1,2;r9=0,1,2;r10=0,1,2,3;r11=0,1,2,3;r12=0,1,2;r13=0,1,2,3,4,5;r14=0,1,2,3,4;r15=0,1,2;r16=0,1,2,3,4;r17=0,1,2;r18=0,1,2;r19=0,1,2;r20=0,1,2;r21=0,1,2;r22=0,1,2,3,4;r23=0,1,2,3,4,5,6,7;r24=0,1,2,3,4,5,6,7;r25=0,1,2,3;r26=0,1,2;r27=3,4,2,1,5,0,6,7,8;r28=0,1,2,3;r29=0,1,2;r30=0,1,2,3,4,5,6,7;r31=0,1,2,3,4,5,6,7;r32=0,1,2,3,4,5;r33=0,1,2,3,4,5;r34=0,1,2,3,4,5",10.396795522,5872.51,3,1.067513,match
ablation_r27_p09,ablation,"r0=0,1,2,3;r1=0,1,2,3;r2=0,1,2;r3=0,1,2;r4=0,1,2;r5=0,1,2;r6=0,1,2,3;r7=0,1,2;r8=0,1,2;r9=0,1,2;r10=0,1,2,3;r11=0,1,2,3;r12=0,1,2;r13=0,1,2,3,4,5;r14=0,1,2,3,4;r15=0,1,2;r16=0,1,2,3,4;r17=0,1,2;r18=0,1,2;r19=0,1,2;r20=0,1,2;r21=0,1,2;r22=0,1,2,3,4;r23=0,1,2,3,4,5,6,7;r24=0,1,2,3,4,5,6,7;r25=0,1,2,3;r26=0,1,2;r27=2,6,7,3,1,4,0,8,5;r28=0,1,2,3;r29=0,1,2;r30=0,1,2,3,4,5,6,7;r31=0,1,2,3,4,5,6,7;r32=0,1,2,3,4,5;r33=0,1,2,3,4,5;r34=0,1,2,3,4,5",346.571121845,35094.02,3,35.584935,match
ablation_r27_p10,ablation,"r0=0,1,2,3;r1=0,1,2,3;r2=0,1,2;r3=0,1,2;r4=0,1,2;r5=0,1,2;r6=0,1,2,3;r7=0,1,2;r8=0,1,2;r9=0,1,2;r10=0,1,2,3;r11=0,1,2,3;r12=0,1,2;r13=0,1,2,3,4,5;r14=0,1,2,3,4;r15=0,1,2;r16=0,1,2,3,4;r17=0,1,2;r18=0,1,2;r19=0,1,2;r20=0,1,2;r21=0,1,2;r22=0,1,2,3,4;r23=0,1,2,3,4,5,6,7;r24=0,1,2,3,4,5,6,7;r25=0,1,2,3;r26=0,1,2;r27=2,3,1,0,6,4,7,5,8;r28=0,1,2,3;r29=0,1,2;r30=0,1,2,3,4,5,6,7;r31=0,1,2,3,4,5,6,7;r32=0,1,2,3,4,5;r33=0,1,2,3,4,5;r34=0,1,2,3,4,5",10.853315552,5621.65,3,1.114388,match
ablation_r27_p11,ablation,"r0=0,1,2,3;r1=0,1,2,3;r2=0,1,2;r3=0,1,2;r4=0,1,2;r5=0,1,2;r6=0,1,2,3;r7=0,1,2;r8=0,1,2;r9=0,1,2;r10=0,1,2,3;r11=0,1,2,3;r12=0,1,2;r13=0,1,2,3,4,5;r14=0,1,2,3,4;r15=0,1,2;r16=0,1,2,3,4;r17=0,1,2;r18=0,1,2;r19=0,1,2;r20=0,1,2;r21=0,1,2;r22=0,1,2,3,4;r23=0,1,2,3,4,5,6,7;r24=0,1,2,3,4,5,6,7;r25=0,1,2,3;r26=0,1,2;r27=6,7,5,1,2,8,0,3,4;r28=0,1,2,3;r29=0,1,2;r30=0,1,2,3,4,5,6,7;r31=0,1,2,3,4,5,6,7;r32=0,1,2,3,4,5;r33=0,1,2,3,4,5;r34=0,1,2,3,4,5",348.521959186,33718.50,3,35.785242,match
ablation_r27_p12,ablation,"r0=0,1,2,3;r1=0,1,2,3;r2=0,1,2;r3=0,1,2;r4=0,1,2;r5=0,1,2;r6=0,1,2,3;r7=0,1,2;r8=0,1,2;r9=0,1,2;r10=0,1,2,3;r11=0,1,2,3;r12=0,1,2;r13=0,1,2,3,4,5;r14=0,1,2,3,4;r15=0,1,2;r16=0,1,2,3,4;r17=0,1,2;r18=0,1,2;r19=0,1,2;r20=0,1,2;r21=0,1,2;r22=0,1,2,3,4;r23=0,1,2,3,4,5,6,7;r24=0,1,2,3,4,5,6,7;r25=0,1,2,3;r26=0,1,2;r27=2,5,1,7,4,6,0,8,3;r28=0,1,2,3;r29=0,1,2;r30=0,1,2,3,4,5,6,7;r31=0,1,2,3,4,5,6,7;r32=0,1,2,3,4,5;r33=0,1,2,3,4,5;r34=0,1,2,3,4,5",22.189341898,13774.13,3,2.278338,match
ablation_r28_p01,ablation,"r0=0,1,2,3;r1=0,1,2,3;r2=0,1,2;r3=0,1,2;r4=0,1,2;r5=0,1,2;r6=0,1,2,3;r7=0,1,2;r8=0,1,2;r9=0,1,2;r10=0,1,2,3;r11=0,1,2,3;r12=0,1,2;r13=0,1,2,3,4,5;r14=0,1,2,3,4;r15=0,1,2;r16=0,1,2,3,4;r17=0,1,2;r18=0,1,2;r19=0,1,2;r20=0,1,2;r21=0,1,2;r22=0,1,2,3,4;r23=0,1,2,3,4,5,6,7;r24=0,1,2,3,4,5,6,7;r25=0,1,2,3;r26=0,1,2;r27=0,1,2,3,4,5,6,7,8;r28=0,1,3,2;r29=0,1,2;r30=0,1,2,3,4,5,6,7;r31=0,1,2,3,4,5,6,7;r32=0,1,2,3,4,5;r33=0,1,2,3,4,5;r34=0,1,2,3,4,5",9.728148893,5174.00,3,0.998859,match
ablation_r28_p02,ablation,"r0=0,1,2,3;r1=0,1,2,3;r2=0,1,2;r3=0,1,2;r4=0,1,2;r5=0,1,2;r6=0,1,2,3;r7=0,1,2;r8=0,1,2;r9=0,1,2;r10=0,1,2,3;r11=0,1,2,3;r12=0,1,2;r13=0,1,2,3,4,5;r14=0,1,2,3,4;r15=0,1,2;r16=0,1,2,3,4;r17=0,1,2;r18=0,1,2;r19=0,1,2;r20=0,1,2;r21=0,1,2;r22=0,1,2,3,4;r23=0,1,2,3,4,5,6,7;r24=0,1,2,3,4,5,6,7;r25=0,1,2,3;r26=0,1,2;r27=0,1,2,3,4,5,6,7,8;r28=1,2,0,3;r29=0,1,2;r30=0,1,2,3,4,5,6,7;r31=0,1,2,3,4,5,6,7;r32=0,1,2,3,4,5;r33=0,1,2,3,4,5;r34=0,1,2,3,4,5",10.007060502,5147.38,3,1.027496,match
ablation_r28_p03,ablation,"r0=0,1,2,3;r1=0,1,2,3;r2=0,1,2;r3=0,1,2;r4=0,1,2;r5=0,1,2;r6=0,1,2,3;r7=0,1,2;r8=0,1,2;r9=0,1,2;r10=0,1,2,3;r11=0,1,2,3;r12=0,1,2;r13=0,1,2,3,4,5;r14=0,1,2,3,4;r15=0,1,2;r16=0,1,2,3,4;r17=0,1,2;r18=0,1,2;r19=0,1,2;r20=0,1,2;r21=0,1,2;r22=0,1,2,3,4;r23=0,1,2,3,4,5,6,7;r24=0,1,2,3,4,5,6,7;r25=0,1,2,3;r26=0,1,2;r27=0,1,2,3,4,5,6,7,8;r28=1,2,3,0;r29=0,1,2;r30=0,1,2,3,4,5,6,7;r31=0,1,2,3,4,5,6,7;r32=0,1,2,3,4,5;r33=0,1,2,3,4,5;r34=0,1,2,3,4,5",9.742061772,5149.30,3,1.000287,match
ablation_r28_p04,ablation,"r0=0,1,2,3;r1=0,1,2,3;r2=0,1,2;r3=0,1,2;r4=0,1,2;r5=0,1,2;r6=0,1,2,3;r7=0,1,2;r8=0,1,2;r9=0,1,2;r10=0,1,2,3;r11=0,1,2,3;r12=0,1,2;r13=0,1,2,3,4,5;r14=0,1,2,3,4;r15=0,1,2;r16=0,1,2,3,4;r17=0,1,2;r18=0,1,2;r19=0,1,2;r20=0,1,2;r21=0,1,2;r22=0,1,2,3,4;r23=0,1,2,3,4,5,6,7;r24=0,1,2,3,4,5,6,7;r25=0,1,2,3;r26=0,1,2;r27=0,1,2,3,4,5,6,7,8;r28=1,3,0,2;r29=0,1,2;r30=0,1,2,3,4,5,6,7;r31=0,1,2,3,4,5,6,7;r32=0,1,2,3,4,5;r33=0,1,2,3,4,5;r34=0,1,2,3,4,5",9.656638791,5164.29,3,0.991516,match
ablation_r28_p05,ablation,"r0=0,1,2,3;r1=0,1,2,3;r2=0,1,2;r3=0,1,2;r4=0,1,2;r5=0,1,2;r6=0,1,2,3;r7=0,1,2;r8=0,1,2;r9=0,1,2;r10=0,1,2,3;r11=0,1,2,3;r12=0,1,2;r13=0,1,2,3,4,5;r14=0,1,2,3,4;r15=0,1,2;r16=0,1,2,3,4;r17=0,1,2;r18=0,1,2;r19=0,1,2;r20=0,1,2;r21=0,1,2;r22=0,1,2,3,4;r23=0,1,2,3,4,5,6,7;r24=0,1,2,3,4,5,6,7;r25=0,1,2,3;r26=0,1,2;r27=0,1,2,3,4,5,6,7,8;r28=1,3,2,0;r29=0,1,2;r30=0,1,2,3,4,5,6,7;r31=0,1,2,3,4,5,6,7;r32=0,1,2,3,4,5;r33=0,1,2,3,4,5;r34=0,1,2,3,4,5",9.599454058,5070.14,3,0.985645,match
ablation_r29_p01,ablation,"r0=0,1,2,3;r1=0,1,2,3;r2=0,1,2;r3=0,1,2;r4=0,1,2;r5=0,1,2;r6=0,1,2,3;r7=0,1,2;r8=0,1,2;r9=0,1,2;r10=0,1,2,3;r11=0,1,2,3;r12=0,1,2;r13=0,1,2,3,4,5;r14=0,1,2,3,4;r15=0,1,2;r16=0,1,2,3,4;r17=0,1,2;r18=0,1,2;r19=0,1,2;r20=0,1,2;r21=0,1,2;r22=0,1,2,3,4;r23=0,1,2,3,4,5,6,7;r24=0,1,2,3,4,5,6,7;r25=0,1,2,3;r26=0,1,2;r27=0,1,2,3,4,5,6,7,8;r28=0,1,2,3;r29=1,2,0;r30=0,1,2,3,4,5,6,7;r31=0,1,2,3,4,5,6,7;r32=0,1,2,3,4,5;r33=0,1,2,3,4,5;r34=0,1,2,3,4,5",9.963616188,5180.21,3,1.023036,match
ablation_r30_p01,ablation,"r0=0,1,2,3;r1=0,1,2,3;r2=0,1,2;r3=0,1,2;r4=0,1,2;r5=0,1,2;r6=0,1,2,3;r7=0,1,2;r8=0,1,2;r9=0,1,2;r10=0,1,2,3;r11=0,1,2,3;r12=0,1,2;r13=0,1,2,3,4,5;r14=0,1,2,3,4;r15=0,1,2;r16=0,1,2,3,4;r17=0,1,2;r18=0,1,2;r19=0,1,2;r20=0,1,2;r21=0,1,2;r22=0,1,2,3,4;r23=0,1,2,3,4,5,6,7;r24=0,1,2,3,4,5,6,7;r25=0,1,2,3;r26=0,1,2;r27=0,1,2,3,4,5,6,7,8;r28=0,1,2,3;r29=0,1,2;r30=1,2,5,3,4,0,7,6;r31=0,1,2,3,4,5,6,7;r32=0,1,2,3,4,5;r33=0,1,2,3,4,5;r34=0,1,2,3,4,5",9.632424970,5275.29,3,0.989030,match
ablation_r30_p02,ablation,"r0=0,1,2,3;r1=0,1,2,3;r2=0,1,2;r3=0,1,2;r4=0,1,2;r5=0,1,2;r6=0,1,2,3;r7=0,1,2;r8=0,1,2;r9=0,1,2;r10=0,1,2,3;r11=0,1,2,3;r12=0,1,2;r13=0,1,2,3,4,5;r14=0,1,2,3,4;r15=0,1,2;r16=0,1,2,3,4;r17=0,1,2;r18=0,1,2;r19=0,1,2;r20=0,1,2;r21=0,1,2;r22=0,1,2,3,4;r23=0,1,2,3,4,5,6,7;r24=0,1,2,3,4,5,6,7;r25=0,1,2,3;r26=0,1,2;r27=0,1,2,3,4,5,6,7,8;r28=0,1,2,3;r29=0,1,2;r30=6,7,5,2,3,4,1,0;r31=0,1,2,3,4,5,6,7;r32=0,1,2,3,4,5;r33=0,1,2,3,4,5;r34=0,1,2,3,4,5",344.970031721,33996.52,3,35.420540,match
ablation_r30_p03,ablation,"r0=0,1,2,3;r1=0,1,2,3;r2=0,1,2;r3=0,1,2;r4=0,1,2;r5=0,1,2;r6=0,1,2,3;r7=0,1,2;r8=0,1,2;r9=0,1,2;r10=0,1,2,3;r11=0,1,2,3;r12=0,1,2;r13=0,1,2,3,4,5;r14=0,1,2,3,4;r15=0,1,2;r16=0,1,2,3,4;r17=0,1,2;r18=0,1,2;r19=0,1,2;r20=0,1,2;r21=0,1,2;r22=0,1,2,3,4;r23=0,1,2,3,4,5,6,7;r24=0,1,2,3,4,5,6,7;r25=0,1,2,3;r26=0,1,2;r27=0,1,2,3,4,5,6,7,8;r28=0,1,2,3;r29=0,1,2;r30=1,6,0,7,4,2,5,3;r31=0,1,2,3,4,5,6,7;r32=0,1,2,3,4,5;r33=0,1,2,3,4,5;r34=0,1,2,3,4,5",59.688443582,25260.38,3,6.128639,match
ablation_r30_p04,ablation,"r0=0,1,2,3;r1=0,1,2,3;r2=0,1,2;r3=0,1,2;r4=0,1,2;r5=0,1,2;r6=0,1,2,3;r7=0,1,2;r8=0,1,2;r9=0,1,2;r10=0,1,2,3;r11=0,1,2,3;r12=0,1,2;r13=0,1,2,3,4,5;r14=0,1,2,3,4;r15=0,1,2;r16=0,1,2,3,4;r17=0,1,2;r18=0,1,2;r19=0,1,2;r20=0,1,2;r21=0,1,2;r22=0,1,2,3,4;r23=0,1,2,3,4,5,6,7;r24=0,1,2,3,4,5,6,7;r25=0,1,2,3;r26=0,1,2;r27=0,1,2,3,4,5,6,7,8;r28=0,1,2,3;r29=0,1,2;r30=5,7,4,1,3,6,0,2;r31=0,1,2,3,4,5,6,7;r32=0,1,2,3,4,5;r33=0,1,2,3,4,5;r34=0,1,2,3,4,5",TIMEOUT,249683.05,0,N/A,TIMEOUT
ablation_r30_p05,ablation,"r0=0,1,2,3;r1=0,1,2,3;r2=0,1,2;r3=0,1,2;r4=0,1,2;r5=0,1,2;r6=0,1,2,3;r7=0,1,2;r8=0,1,2;r9=0,1,2;r10=0,1,2,3;r11=0,1,2,3;r12=0,1,2;r13=0,1,2,3,4,5;r14=0,1,2,3,4;r15=0,1,2;r16=0,1,2,3,4;r17=0,1,2;r18=0,1,2;r19=0,1,2;r20=0,1,2;r21=0,1,2;r22=0,1,2,3,4;r23=0,1,2,3,4,5,6,7;r24=0,1,2,3,4,5,6,7;r25=0,1,2,3;r26=0,1,2;r27=0,1,2,3,4,5,6,7,8;r28=0,1,2,3;r29=0,1,2;r30=2,3,4,1,0,6,7,5;r31=0,1,2,3,4,5,6,7;r32=0,1,2,3,4,5;r33=0,1,2,3,4,5;r34=0,1,2,3,4,5",9.972369603,5365.51,3,1.023934,match
ablation_r30_p06,ablation,"r0=0,1,2,3;r1=0,1,2,3;r2=0,1,2;r3=0,1,2;r4=0,1,2;r5=0,1,2;r6=0,1,2,3;r7=0,1,2;r8=0,1,2;r9=0,1,2;r10=0,1,2,3;r11=0,1,2,3;r12=0,1,2;r13=0,1,2,3,4,5;r14=0,1,2,3,4;r15=0,1,2;r16=0,1,2,3,4;r17=0,1,2;r18=0,1,2;r19=0,1,2;r20=0,1,2;r21=0,1,2;r22=0,1,2,3,4;r23=0,1,2,3,4,5,6,7;r24=0,1,2,3,4,5,6,7;r25=0,1,2,3;r26=0,1,2;r27=0,1,2,3,4,5,6,7,8;r28=0,1,2,3;r29=0,1,2;r30=1,6,0,2,3,4,5,7;r31=0,1,2,3,4,5,6,7;r32=0,1,2,3,4,5;r33=0,1,2,3,4,5;r34=0,1,2,3,4,5",9.742639633,5319.20,3,1.000346,match
ablation_r30_p07,ablation,"r0=0,1,2,3;r1=0,1,2,3;r2=0,1,2;r3=0,1,2;r4=0,1,2;r5=0,1,2;r6=0,1,2,3;r7=0,1,2;r8=0,1,2;r9=0,1,2;r10=0,1,2,3;r11=0,1,2,3;r12=0,1,2;r13=0,1,2,3,4,5;r14=0,1,2,3,4;r15=0,1,2;r16=0,1,2,3,4;r17=0,1,2;r18=0,1,2;r19=0,1,2;r20=0,1,2;r21=0,1,2;r22=0,1,2,3,4;r23=0,1,2,3,4,5,6,7;r24=0,1,2,3,4,5,6,7;r25=0,1,2,3;r26=0,1,2;r27=0,1,2,3,4,5,6,7,8;r28=0,1,2,3;r29=0,1,2;r30=4,7,6,3,2,1,0,5;r31=0,1,2,3,4,5,6,7;r32=0,1,2,3,4,5;r33=0,1,2,3,4,5;r34=0,1,2,3,4,5",N/A,N/A,0,N/A,FAIL
ablation_r30_p08,ablation,"r0=0,1,2,3;r1=0,1,2,3;r2=0,1,2;r3=0,1,2;r4=0,1,2;r5=0,1,2;r6=0,1,2,3;r7=0,1,2;r8=0,1,2;r9=0,1,2;r10=0,1,2,3;r11=0,1,2,3;r12=0,1,2;r13=0,1,2,3,4,5;r14=0,1,2,3,4;r15=0,1,2;r16=0,1,2,3,4;r17=0,1,2;r18=0,1,2;r19=0,1,2;r20=0,1,2;r21=0,1,2;r22=0,1,2,3,4;r23=0,1,2,3,4,5,6,7;r24=0,1,2,3,4,5,6,7;r25=0,1,2,3;r26=0,1,2;r27=0,1,2,3,4,5,6,7,8;r28=0,1,2,3;r29=0,1,2;r30=2,6,3,7,4,1,5,0;r31=0,1,2,3,4,5,6,7;r32=0,1,2,3,4,5;r33=0,1,2,3,4,5;r34=0,1,2,3,4,5",TIMEOUT,27049.38,0,N/A,TIMEOUT
ablation_r30_p09,ablation,"r0=0,1,2,3;r1=0,1,2,3;r2=0,1,2;r3=0,1,2;r4=0,1,2;r5=0,1,2;r6=0,1,2,3;r7=0,1,2;r8=0,1,2;r9=0,1,2;r10=0,1,2,3;r11=0,1,2,3;r12=0,1,2;r13=0,1,2,3,4,5;r14=0,1,2,3,4;r15=0,1,2;r16=0,1,2,3,4;r17=0,1,2;r18=0,1,2;r19=0,1,2;r20=0,1,2;r21=0,1,2;r22=0,1,2,3,4;r23=0,1,2,3,4,5,6,7;r24=0,1,2,3,4,5,6,7;r25=0,1,2,3;r26=0,1,2;r27=0,1,2,3,4,5,6,7,8;r28=0,1,2,3;r29=0,1,2;r30=2,3,5,6,7,1,4,0;r31=0,1,2,3,4,5,6,7;r32=0,1,2,3,4,5;r33=0,1,2,3,4,5;r34=0,1,2,3,4,5",277.311619769,14344.74,3,28.473567,match
ablation_r30_p10,ablation,"r0=0,1,2,3;r1=0,1,2,3;r2=0,1,2;r3=0,1,2;r4=0,1,2;r5=0,1,2;r6=0,1,2,3;r7=0,1,2;r8=0,1,2;r9=0,1,2;r10=0,1,2,3;r11=0,1,2,3;r12=0,1,2;r13=0,1,2,3,4,5;r14=0,1,2,3,4;r15=0,1,2;r16=0,1,2,3,4;r17=0,1,2;r18=0,1,2;r19=0,1,2;r20=0,1,2;r21=0,1,2;r22=0,1,2,3,4;r23=0,1,2,3,4,5,6,7;r24=0,1,2,3,4,5,6,7;r25=0,1,2,3;r26=0,1,2;r27=0,1,2,3,4,5,6,7,8;r28=0,1,2,3;r29=0,1,2;r30=6,7,1,0,4,5,2,3;r31=0,1,2,3,4,5,6,7;r32=0,1,2,3,4,5;r33=0,1,2,3,4,5;r34=0,1,2,3,4,5",59.131185301,25376.84,3,6.071422,match
ablation_r30_p11,ablation,"r0=0,1,2,3;r1=0,1,2,3;r2=0,1,2;r3=0,1,2;r4=0,1,2;r5=0,1,2;r6=0,1,2,3;r7=0,1,2;r8=0,1,2;r9=0,1,2;r10=0,1,2,3;r11=0,1,2,3;r12=0,1,2;r13=0,1,2,3,4,5;r14=0,1,2,3,4;r15=0,1,2;r16=0,1,2,3,4;r17=0,1,2;r18=0,1,2;r19=0,1,2;r20=0,1,2;r21=0,1,2;r22=0,1,2,3,4;r23=0,1,2,3,4,5,6,7;r24=0,1,2,3,4,5,6,7;r25=0,1,2,3;r26=0,1,2;r27=0,1,2,3,4,5,6,7,8;r28=0,1,2,3;r29=0,1,2;r30=1,6,7,5,2,3,0,4;r31=0,1,2,3,4,5,6,7;r32=0,1,2,3,4,5;r33=0,1,2,3,4,5;r34=0,1,2,3,4,5",345.176306680,34238.97,3,35.441720,match
ablation_r30_p12,ablation,"r0=0,1,2,3;r1=0,1,2,3;r2=0,1,2;r3=0,1,2;r4=0,1,2;r5=0,1,2;r6=0,1,2,3;r7=0,1,2;r8=0,1,2;r9=0,1,2;r10=0,1,2,3;r11=0,1,2,3;r12=0,1,2;r13=0,1,2,3,4,5;r14=0,1,2,3,4;r15=0,1,2;r16=0,1,2,3,4;r17=0,1,2;r18=0,1,2;r19=0,1,2;r20=0,1,2;r21=0,1,2;r22=0,1,2,3,4;r23=0,1,2,3,4,5,6,7;r24=0,1,2,3,4,5,6,7;r25=0,1,2,3;r26=0,1,2;r27=0,1,2,3,4,5,6,7,8;r28=0,1,2,3;r29=0,1,2;r30=2,5,6,1,3,7,4,0;r31=0,1,2,3,4,5,6,7;r32=0,1,2,3,4,5;r33=0,1,2,3,4,5;r34=0,1,2,3,4,5",279.083625660,13787.66,3,28.655511,match
ablation_r31_p01,ablation,"r0=0,1,2,3;r1=0,1,2,3;r2=0,1,2;r3=0,1,2;r4=0,1,2;r5=0,1,2;r6=0,1,2,3;r7=0,1,2;r8=0,1,2;r9=0,1,2;r10=0,1,2,3;r11=0,1,2,3;r12=0,1,2;r13=0,1,2,3,4,5;r14=0,1,2,3,4;r15=0,1,2;r16=0,1,2,3,4;r17=0,1,2;r18=0,1,2;r19=0,1,2;r20=0,1,2;r21=0,1,2;r22=0,1,2,3,4;r23=0,1,2,3,4,5,6,7;r24=0,1,2,3,4,5,6,7;r25=0,1,2,3;r26=0,1,2;r27=0,1,2,3,4,5,6,7,8;r28=0,1,2,3;r29=0,1,2;r30=0,1,2,3,4,5,6,7;r31=1,2,3,5,4,6,0,7;r32=0,1,2,3,4,5;r33=0,1,2,3,4,5;r34=0,1,2,3,4,5",9.902586051,5381.79,3,1.016769,match
ablation_r31_p02,ablation,"r0=0,1,2,3;r1=0,1,2,3;r2=0,1,2;r3=0,1,2;r4=0,1,2;r5=0,1,2;r6=0,1,2,3;r7=0,1,2;r8=0,1,2;r9=0,1,2;r10=0,1,2,3;r11=0,1,2,3;r12=0,1,2;r13=0,1,2,3,4,5;r14=0,1,2,3,4;r15=0,1,2;r16=0,1,2,3,4;r17=0,1,2;r18=0,1,2;r19=0,1,2;r20=0,1,2;r21=0,1,2;r22=0,1,2,3,4;r23=0,1,2,3,4,5,6,7;r24=0,1,2,3,4,5,6,7;r25=0,1,2,3;r26=0,1,2;r27=0,1,2,3,4,5,6,7,8;r28=0,1,2,3;r29=0,1,2;r30=0,1,2,3,4,5,6,7;r31=2,3,1,4,5,7,6,0;r32=0,1,2,3,4,5;r33=0,1,2,3,4,5;r34=0,1,2,3,4,5",10.042351651,5282.60,3,1.031120,match
ablation_r31_p03,ablation,"r0=0,1,2,3;r1=0,1,2,3;r2=0,1,2;r3=0,1,2;r4=0,1,2;r5=0,1,2;r6=0,1,2,3;r7=0,1,2;r8=0,1,2;r9=0,1,2;r10=0,1,2,3;r11=0,1,2,3;r12=0,1,2;r13=0,1,2,3,4,5;r14=0,1,2,3,4;r15=0,1,2;r16=0,1,2,3,4;r17=0,1,2;r18=0,1,2;r19=0,1,2;r20=0,1,2;r21=0,1,2;r22=0,1,2,3,4;r23=0,1,2,3,4,5,6,7;r24=0,1,2,3,4,5,6,7;r25=0,1,2,3;r26=0,1,2;r27=0,1,2,3,4,5,6,7,8;r28=0,1,2,3;r29=0,1,2;r30=0,1,2,3,4,5,6,7;r31=1,2,0,3,4,6,5,7;r32=0,1,2,3,4,5;r33=0,1,2,3,4,5;r34=0,1,2,3,4,5",9.571492292,5265.86,3,0.982774,match
ablation_r31_p04,ablation,"r0=0,1,2,3;r1=0,1,2,3;r2=0,1,2;r3=0,1,2;r4=0,1,2;r5=0,1,2;r6=0,1,2,3;r7=0,1,2;r8=0,1,2;r9=0,1,2;r10=0,1,2,3;r11=0,1,2,3;r12=0,1,2;r13=0,1,2,3,4,5;r14=0,1,2,3,4;r15=0,1,2;r16=0,1,2,3,4;r17=0,1,2;r18=0,1,2;r19=0,1,2;r20=0,1,2;r21=0,1,2;r22=0,1,2,3,4;r23=0,1,2,3,4,5,6,7;r24=0,1,2,3,4,5,6,7;r25=0,1,2,3;r26=0,1,2;r27=0,1,2,3,4,5,6,7,8;r28=0,1,2,3;r29=0,1,2;r30=0,1,2,3,4,5,6,7;r31=2,5,3,4,7,1,0,6;r32=0,1,2,3,4,5;r33=0,1,2,3,4,5;r34=0,1,2,3,4,5",9.820020485,5263.03,3,1.008292,match
ablation_r31_p05,ablation,"r0=0,1,2,3;r1=0,1,2,3;r2=0,1,2;r3=0,1,2;r4=0,1,2;r5=0,1,2;r6=0,1,2,3;r7=0,1,2;r8=0,1,2;r9=0,1,2;r10=0,1,2,3;r11=0,1,2,3;r12=0,1,2;r13=0,1,2,3,4,5;r14=0,1,2,3,4;r15=0,1,2;r16=0,1,2,3,4;r17=0,1,2;r18=0,1,2;r19=0,1,2;r20=0,1,2;r21=0,1,2;r22=0,1,2,3,4;r23=0,1,2,3,4,5,6,7;r24=0,1,2,3,4,5,6,7;r25=0,1,2,3;r26=0,1,2;r27=0,1,2,3,4,5,6,7,8;r28=0,1,2,3;r29=0,1,2;r30=0,1,2,3,4,5,6,7;r31=2,6,7,4,3,5,1,0;r32=0,1,2,3,4,5;r33=0,1,2,3,4,5;r34=0,1,2,3,4,5",55.086221631,24214.11,3,5.656096,match
ablation_r31_p06,ablation,"r0=0,1,2,3;r1=0,1,2,3;r2=0,1,2;r3=0,1,2;r4=0,1,2;r5=0,1,2;r6=0,1,2,3;r7=0,1,2;r8=0,1,2;r9=0,1,2;r10=0,1,2,3;r11=0,1,2,3;r12=0,1,2;r13=0,1,2,3,4,5;r14=0,1,2,3,4;r15=0,1,2;r16=0,1,2,3,4;r17=0,1,2;r18=0,1,2;r19=0,1,2;r20=0,1,2;r21=0,1,2;r22=0,1,2,3,4;r23=0,1,2,3,4,5,6,7;r24=0,1,2,3,4,5,6,7;r25=0,1,2,3;r26=0,1,2;r27=0,1,2,3,4,5,6,7,8;r28=0,1,2,3;r29=0,1,2;r30=0,1,2,3,4,5,6,7;r31=2,3,5,6,1,0,7,4;r32=0,1,2,3,4,5;r33=0,1,2,3,4,5;r34=0,1,2,3,4,5",TIMEOUT,27626.53,0,N/A,TIMEOUT
ablation_r31_p07,ablation,"r0=0,1,2,3;r1=0,1,2,3;r2=0,1,2;r3=0,1,2;r4=0,1,2;r5=0,1,2;r6=0,1,2,3;r7=0,1,2;r8=0,1,2;r9=0,1,2;r10=0,1,2,3;r11=0,1,2,3;r12=0,1,2;r13=0,1,2,3,4,5;r14=0,1,2,3,4;r15=0,1,2;r16=0,1,2,3,4;r17=0,1,2;r18=0,1,2;r19=0,1,2;r20=0,1,2;r21=0,1,2;r22=0,1,2,3,4;r23=0,1,2,3,4,5,6,7;r24=0,1,2,3,4,5,6,7;r25=0,1,2,3;r26=0,1,2;r27=0,1,2,3,4,5,6,7,8;r28=0,1,2,3;r29=0,1,2;r30=0,1,2,3,4,5,6,7;r31=1,2,5,0,3,6,4,7;r32=0,1,2,3,4,5;r33=0,1,2,3,4,5;r34=0,1,2,3,4,5",10.443102178,5366.77,3,1.072268,match
ablation_r31_p08,ablation,"r0=0,1,2,3;r1=0,1,2,3;r2=0,1,2;r3=0,1,2;r4=0,1,2;r5=0,1,2;r6=0,1,2,3;r7=0,1,2;r8=0,1,2;r9=0,1,2;r10=0,1,2,3;r11=0,1,2,3;r12=0,1,2;r13=0,1,2,3,4,5;r14=0,1,2,3,4;r15=0,1,2;r16=0,1,2,3,4;r17=0,1,2;r18=0,1,2;r19=0,1,2;r20=0,1,2;r21=0,1,2;r22=0,1,2,3,4;r23=0,1,2,3,4,5,6,7;r24=0,1,2,3,4,5,6,7;r25=0,1,2,3;r26=0,1,2;r27=0,1,2,3,4,5,6,7,8;r28=0,1,2,3;r29=0,1,2;r30=0,1,2,3,4,5,6,7;r31=1,6,7,2,5,0,4,3;r32=0,1,2,3,4,5;r33=0,1,2,3,4,5;r34=0,1,2,3,4,5",51.575840041,22359.13,3,5.295660,match
ablation_r31_p09,ablation,"r0=0,1,2,3;r1=0,1,2,3;r2=0,1,2;r3=0,1,2;r4=0,1,2;r5=0,1,2;r6=0,1,2,3;r7=0,1,2;r8=0,1,2;r9=0,1,2;r10=0,1,2,3;r11=0,1,2,3;r12=0,1,2;r13=0,1,2,3,4,5;r14=0,1,2,3,4;r15=0,1,2;r16=0,1,2,3,4;r17=0,1,2;r18=0,1,2;r19=0,1,2;r20=0,1,2;r21=0,1,2;r22=0,1,2,3,4;r23=0,1,2,3,4,5,6,7;r24=0,1,2,3,4,5,6,7;r25=0,1,2,3;r26=0,1,2;r27=0,1,2,3,4,5,6,7,8;r28=0,1,2,3;r29=0,1,2;r30=0,1,2,3,4,5,6,7;r31=6,7,1,4,3,0,2,5;r32=0,1,2,3,4,5;r33=0,1,2,3,4,5;r34=0,1,2,3,4,5",TIMEOUT,251439.34,0,N/A,TIMEOUT
ablation_r31_p10,ablation,"r0=0,1,2,3;r1=0,1,2,3;r2=0,1,2;r3=0,1,2;r4=0,1,2;r5=0,1,2;r6=0,1,2,3;r7=0,1,2;r8=0,1,2;r9=0,1,2;r10=0,1,2,3;r11=0,1,2,3;r12=0,1,2;r13=0,1,2,3,4,5;r14=0,1,2,3,4;r15=0,1,2;r16=0,1,2,3,4;r17=0,1,2;r18=0,1,2;r19=0,1,2;r20=0,1,2;r21=0,1,2;r22=0,1,2,3,4;r23=0,1,2,3,4,5,6,7;r24=0,1,2,3,4,5,6,7;r25=0,1,2,3;r26=0,1,2;r27=0,1,2,3,4,5,6,7,8;r28=0,1,2,3;r29=0,1,2;r30=0,1,2,3,4,5,6,7;r31=2,5,3,4,1,7,6,0;r32=0,1,2,3,4,5;r33=0,1,2,3,4,5;r34=0,1,2,3,4,5",9.981277962,5304.29,3,1.024849,match
ablation_r31_p11,ablation,"r0=0,1,2,3;r1=0,1,2,3;r2=0,1,2;r3=0,1,2;r4=0,1,2;r5=0,1,2;r6=0,1,2,3;r7=0,1,2;r8=0,1,2;r9=0,1,2;r10=0,1,2,3;r11=0,1,2,3;r12=0,1,2;r13=0,1,2,3,4,5;r14=0,1,2,3,4;r15=0,1,2;r16=0,1,2,3,4;r17=0,1,2;r18=0,1,2;r19=0,1,2;r20=0,1,2;r21=0,1,2;r22=0,1,2,3,4;r23=0,1,2,3,4,5,6,7;r24=0,1,2,3,4,5,6,7;r25=0,1,2,3;r26=0,1,2;r27=0,1,2,3,4,5,6,7,8;r28=0,1,2,3;r29=0,1,2;r30=0,1,2,3,4,5,6,7;r31=1,6,7,4,0,2,5,3;r32=0,1,2,3,4,5;r33=0,1,2,3,4,5;r34=0,1,2,3,4,5",58.483161616,25249.62,3,6.004884,match
ablation_r31_p12,ablation,"r0=0,1,2,3;r1=0,1,2,3;r2=0,1,2;r3=0,1,2;r4=0,1,2;r5=0,1,2;r6=0,1,2,3;r7=0,1,2;r8=0,1,2;r9=0,1,2;r10=0,1,2,3;r11=0,1,2,3;r12=0,1,2;r13=0,1,2,3,4,5;r14=0,1,2,3,4;r15=0,1,2;r16=0,1,2,3,4;r17=0,1,2;r18=0,1,2;r19=0,1,2;r20=0,1,2;r21=0,1,2;r22=0,1,2,3,4;r23=0,1,2,3,4,5,6,7;r24=0,1,2,3,4,5,6,7;r25=0,1,2,3;r26=0,1,2;r27=0,1,2,3,4,5,6,7,8;r28=0,1,2,3;r29=0,1,2;r30=0,1,2,3,4,5,6,7;r31=5,7,1,0,6,2,4,3;r32=0,1,2,3,4,5;r33=0,1,2,3,4,5;r34=0,1,2,3,4,5",28.777320814,14797.18,3,2.954773,match
ablation_r32_p01,ablation,"r0=0,1,2,3;r1=0,1,2,3;r2=0,1,2;r3=0,1,2;r4=0,1,2;r5=0,1,2;r6=0,1,2,3;r7=0,1,2;r8=0,1,2;r9=0,1,2;r10=0,1,2,3;r11=0,1,2,3;r12=0,1,2;r13=0,1,2,3,4,5;r14=0,1,2,3,4;r15=0,1,2;r16=0,1,2,3,4;r17=0,1,2;r18=0,1,2;r19=0,1,2;r20=0,1,2;r21=0,1,2;r22=0,1,2,3,4;r23=0,1,2,3,4,5,6,7;r24=0,1,2,3,4,5,6,7;r25=0,1,2,3;r26=0,1,2;r27=0,1,2,3,4,5,6,7,8;r28=0,1,2,3;r29=0,1,2;r30=0,1,2,3,4,5,6,7;r31=0,1,2,3,4,5,6,7;r32=1,4,2,5,3,0;r33=0,1,2,3,4,5;r34=0,1,2,3,4,5",9.928600938,5215.23,3,1.019440,match
ablation_r32_p02,ablation,"r0=0,1,2,3;r1=0,1,2,3;r2=0,1,2;r3=0,1,2;r4=0,1,2;r5=0,1,2;r6=0,1,2,3;r7=0,1,2;r8=0,1,2;r9=0,1,2;r10=0,1,2,3;r11=0,1,2,3;r12=0,1,2;r13=0,1,2,3,4,5;r14=0,1,2,3,4;r15=0,1,2;r16=0,1,2,3,4;r17=0,1,2;r18=0,1,2;r19=0,1,2;r20=0,1,2;r21=0,1,2;r22=0,1,2,3,4;r23=0,1,2,3,4,5,6,7;r24=0,1,2,3,4,5,6,7;r25=0,1,2,3;r26=0,1,2;r27=0,1,2,3,4,5,6,7,8;r28=0,1,2,3;r29=0,1,2;r30=0,1,2,3,4,5,6,7;r31=0,1,2,3,4,5,6,7;r32=2,4,3,1,0,5;r33=0,1,2,3,4,5;r34=0,1,2,3,4,5",9.700954320,5196.24,3,0.996066,match
ablation_r32_p03,ablation,"r0=0,1,2,3;r1=0,1,2,3;r2=0,1,2;r3=0,1,2;r4=0,1,2;r5=0,1,2;r6=0,1,2,3;r7=0,1,2;r8=0,1,2;r9=0,1,2;r10=0,1,2,3;r11=0,1,2,3;r12=0,1,2;r13=0,1,2,3,4,5;r14=0,1,2,3,4;r15=0,1,2;r16=0,1,2,3,4;r17=0,1,2;r18=0,1,2;r19=0,1,2;r20=0,1,2;r21=0,1,2;r22=0,1,2,3,4;r23=0,1,2,3,4,5,6,7;r24=0,1,2,3,4,5,6,7;r25=0,1,2,3;r26=0,1,2;r27=0,1,2,3,4,5,6,7,8;r28=0,1,2,3;r29=0,1,2;r30=0,1,2,3,4,5,6,7;r31=0,1,2,3,4,5,6,7;r32=2,3,1,0,4,5;r33=0,1,2,3,4,5;r34=0,1,2,3,4,5",10.052073369,5168.50,3,1.032118,match
ablation_r32_p04,ablation,"r0=0,1,2,3;r1=0,1,2,3;r2=0,1,2;r3=0,1,2;r4=0,1,2;r5=0,1,2;r6=0,1,2,3;r7=0,1,2;r8=0,1,2;r9=0,1,2;r10=0,1,2,3;r11=0,1,2,3;r12=0,1,2;r13=0,1,2,3,4,5;r14=0,1,2,3,4;r15=0,1,2;r16=0,1,2,3,4;r17=0,1,2;r18=0,1,2;r19=0,1,2;r20=0,1,2;r21=0,1,2;r22=0,1,2,3,4;r23=0,1,2,3,4,5,6,7;r24=0,1,2,3,4,5,6,7;r25=0,1,2,3;r26=0,1,2;r27=0,1,2,3,4,5,6,7,8;r28=0,1,2,3;r29=0,1,2;r30=0,1,2,3,4,5,6,7;r31=0,1,2,3,4,5,6,7;r32=1,2,3,4,0,5;r33=0,1,2,3,4,5;r34=0,1,2,3,4,5",9.689740548,5247.10,3,0.994915,match
ablation_r32_p05,ablation,"r0=0,1,2,3;r1=0,1,2,3;r2=0,1,2;r3=0,1,2;r4=0,1,2;r5=0,1,2;r6=0,1,2,3;r7=0,1,2;r8=0,1,2;r9=0,1,2;r10=0,1,2,3;r11=0,1,2,3;r12=0,1,2;r13=0,1,2,3,4,5;r14=0,1,2,3,4;r15=0,1,2;r16=0,1,2,3,4;r17=0,1,2;r18=0,1,2;r19=0,1,2;r20=0,1,2;r21=0,1,2;r22=0,1,2,3,4;r23=0,1,2,3,4,5,6,7;r24=0,1,2,3,4,5,6,7;r25=0,1,2,3;r26=0,1,2;r27=0,1,2,3,4,5,6,7,8;r28=0,1,2,3;r29=0,1,2;r30=0,1,2,3,4,5,6,7;r31=0,1,2,3,4,5,6,7;r32=1,2,4,5,3,0;r33=0,1,2,3,4,5;r34=0,1,2,3,4,5",9.814877749,5262.73,3,1.007764,match
ablation_r32_p06,ablation,"r0=0,1,2,3;r1=0,1,2,3;r2=0,1,2;r3=0,1,2;r4=0,1,2;r5=0,1,2;r6=0,1,2,3;r7=0,1,2;r8=0,1,2;r9=0,1,2;r10=0,1,2,3;r11=0,1,2,3;r12=0,1,2;r13=0,1,2,3,4,5;r14=0,1,2,3,4;r15=0,1,2;r16=0,1,2,3,4;r17=0,1,2;r18=0,1,2;r19=0,1,2;r20=0,1,2;r21=0,1,2;r22=0,1,2,3,4;r23=0,1,2,3,4,5,6,7;r24=0,1,2,3,4,5,6,7;r25=0,1,2,3;r26=0,1,2;r27=0,1,2,3,4,5,6,7,8;r28=0,1,2,3;r29=0,1,2;r30=0,1,2,3,4,5,6,7;r31=0,1,2,3,4,5,6,7;r32=1,2,3,0,4,5;r33=0,1,2,3,4,5;r34=0,1,2,3,4,5",9.896167361,5191.14,3,1.016110,match
ablation_r32_p07,ablation,"r0=0,1,2,3;r1=0,1,2,3;r2=0,1,2;r3=0,1,2;r4=0,1,2;r5=0,1,2;r6=0,1,2,3;r7=0,1,2;r8=0,1,2;r9=0,1,2;r10=0,1,2,3;r11=0,1,2,3;r12=0,1,2;r13=0,1,2,3,4,5;r14=0,1,2,3,4;r15=0,1,2;r16=0,1,2,3,4;r17=0,1,2;r18=0,1,2;r19=0,1,2;r20=0,1,2;r21=0,1,2;r22=0,1,2,3,4;r23=0,1,2,3,4,5,6,7;r24=0,1,2,3,4,5,6,7;r25=0,1,2,3;r26=0,1,2;r27=0,1,2,3,4,5,6,7,8;r28=0,1,2,3;r29=0,1,2;r30=0,1,2,3,4,5,6,7;r31=0,1,2,3,4,5,6,7;r32=1,2,4,5,0,3;r33=0,1,2,3,4,5;r34=0,1,2,3,4,5",9.834119819,5190.66,3,1.009739,match
ablation_r32_p08,ablation,"r0=0,1,2,3;r1=0,1,2,3;r2=0,1,2;r3=0,1,2;r4=0,1,2;r5=0,1,2;r6=0,1,2,3;r7=0,1,2;r8=0,1,2;r9=0,1,2;r10=0,1,2,3;r11=0,1,2,3;r12=0,1,2;r13=0,1,2,3,4,5;r14=0,1,2,3,4;r15=0,1,2;r16=0,1,2,3,4;r17=0,1,2;r18=0,1,2;r19=0,1,2;r20=0,1,2;r21=0,1,2;r22=0,1,2,3,4;r23=0,1,2,3,4,5,6,7;r24=0,1,2,3,4,5,6,7;r25=0,1,2,3;r26=0,1,2;r27=0,1,2,3,4,5,6,7,8;r28=0,1,2,3;r29=0,1,2;r30=0,1,2,3,4,5,6,7;r31=0,1,2,3,4,5,6,7;r32=2,4,1,0,3,5;r33=0,1,2,3,4,5;r34=0,1,2,3,4,5",9.720804638,5113.52,3,0.998105,match
ablation_r32_p09,ablation,"r0=0,1,2,3;r1=0,1,2,3;r2=0,1,2;r3=0,1,2;r4=0,1,2;r5=0,1,2;r6=0,1,2,3;r7=0,1,2;r8=0,1,2;r9=0,1,2;r10=0,1,2,3;r11=0,1,2,3;r12=0,1,2;r13=0,1,2,3,4,5;r14=0,1,2,3,4;r15=0,1,2;r16=0,1,2,3,4;r17=0,1,2;r18=0,1,2;r19=0,1,2;r20=0,1,2;r21=0,1,2;r22=0,1,2,3,4;r23=0,1,2,3,4,5,6,7;r24=0,1,2,3,4,5,6,7;r25=0,1,2,3;r26=0,1,2;r27=0,1,2,3,4,5,6,7,8;r28=0,1,2,3;r29=0,1,2;r30=0,1,2,3,4,5,6,7;r31=0,1,2,3,4,5,6,7;r32=2,3,4,5,1,0;r33=0,1,2,3,4,5;r34=0,1,2,3,4,5",10.112092299,5152.92,3,1.038281,match
ablation_r32_p10,ablation,"r0=0,1,2,3;r1=0,1,2,3;r2=0,1,2;r3=0,1,2;r4=0,1,2;r5=0,1,2;r6=0,1,2,3;r7=0,1,2;r8=0,1,2;r9=0,1,2;r10=0,1,2,3;r11=0,1,2,3;r12=0,1,2;r13=0,1,2,3,4,5;r14=0,1,2,3,4;r15=0,1,2;r16=0,1,2,3,4;r17=0,1,2;r18=0,1,2;r19=0,1,2;r20=0,1,2;r21=0,1,2;r22=0,1,2,3,4;r23=0,1,2,3,4,5,6,7;r24=0,1,2,3,4,5,6,7;r25=0,1,2,3;r26=0,1,2;r27=0,1,2,3,4,5,6,7,8;r28=0,1,2,3;r29=0,1,2;r30=0,1,2,3,4,5,6,7;r31=0,1,2,3,4,5,6,7;r32=4,5,1,2,0,3;r33=0,1,2,3,4,5;r34=0,1,2,3,4,5",9.806374201,5129.26,3,1.006891,match
ablation_r32_p11,ablation,"r0=0,1,2,3;r1=0,1,2,3;r2=0,1,2;r3=0,1,2;r4=0,1,2;r5=0,1,2;r6=0,1,2,3;r7=0,1,2;r8=0,1,2;r9=0,1,2;r10=0,1,2,3;r11=0,1,2,3;r12=0,1,2;r13=0,1,2,3,4,5;r14=0,1,2,3,4;r15=0,1,2;r16=0,1,2,3,4;r17=0,1,2;r18=0,1,2;r19=0,1,2;r20=0,1,2;r21=0,1,2;r22=0,1,2,3,4;r23=0,1,2,3,4,5,6,7;r24=0,1,2,3,4,5,6,7;r25=0,1,2,3;r26=0,1,2;r27=0,1,2,3,4,5,6,7,8;r28=0,1,2,3;r29=0,1,2;r30=0,1,2,3,4,5,6,7;r31=0,1,2,3,4,5,6,7;r32=2,4,1,3,0,5;r33=0,1,2,3,4,5;r34=0,1,2,3,4,5",9.768254641,5254.03,3,1.002977,match
ablation_r32_p12,ablation,"r0=0,1,2,3;r1=0,1,2,3;r2=0,1,2;r3=0,1,2;r4=0,1,2;r5=0,1,2;r6=0,1,2,3;r7=0,1,2;r8=0,1,2;r9=0,1,2;r10=0,1,2,3;r11=0,1,2,3;r12=0,1,2;r13=0,1,2,3,4,5;r14=0,1,2,3,4;r15=0,1,2;r16=0,1,2,3,4;r17=0,1,2;r18=0,1,2;r19=0,1,2;r20=0,1,2;r21=0,1,2;r22=0,1,2,3,4;r23=0,1,2,3,4,5,6,7;r24=0,1,2,3,4,5,6,7;r25=0,1,2,3;r26=0,1,2;r27=0,1,2,3,4,5,6,7,8;r28=0,1,2,3;r29=0,1,2;r30=0,1,2,3,4,5,6,7;r31=0,1,2,3,4,5,6,7;r32=1,4,5,2,0,3;r33=0,1,2,3,4,5;r34=0,1,2,3,4,5",9.849340707,5149.98,3,1.011302,match
ablation_r33_p01,ablation,"r0=0,1,2,3;r1=0,1,2,3;r2=0,1,2;r3=0,1,2;r4=0,1,2;r5=0,1,2;r6=0,1,2,3;r7=0,1,2;r8=0,1,2;r9=0,1,2;r10=0,1,2,3;r11=0,1,2,3;r12=0,1,2;r13=0,1,2,3,4,5;r14=0,1,2,3,4;r15=0,1,2;r16=0,1,2,3,4;r17=0,1,2;r18=0,1,2;r19=0,1,2;r20=0,1,2;r21=0,1,2;r22=0,1,2,3,4;r23=0,1,2,3,4,5,6,7;r24=0,1,2,3,4,5,6,7;r25=0,1,2,3;r26=0,1,2;r27=0,1,2,3,4,5,6,7,8;r28=0,1,2,3;r29=0,1,2;r30=0,1,2,3,4,5,6,7;r31=0,1,2,3,4,5,6,7;r32=0,1,2,3,4,5;r33=2,4,1,3,0,5;r34=0,1,2,3,4,5",10.110577139,5227.75,3,1.038125,match
ablation_r33_p02,ablation,"r0=0,1,2,3;r1=0,1,2,3;r2=0,1,2;r3=0,1,2;r4=0,1,2;r5=0,1,2;r6=0,1,2,3;r7=0,1,2;r8=0,1,2;r9=0,1,2;r10=0,1,2,3;r11=0,1,2,3;r12=0,1,2;r13=0,1,2,3,4,5;r14=0,1,2,3,4;r15=0,1,2;r16=0,1,2,3,4;r17=0,1,2;r18=0,1,2;r19=0,1,2;r20=0,1,2;r21=0,1,2;r22=0,1,2,3,4;r23=0,1,2,3,4,5,6,7;r24=0,1,2,3,4,5,6,7;r25=0,1,2,3;r26=0,1,2;r27=0,1,2,3,4,5,6,7,8;r28=0,1,2,3;r29=0,1,2;r30=0,1,2,3,4,5,6,7;r31=0,1,2,3,4,5,6,7;r32=0,1,2,3,4,5;r33=1,4,2,5,3,0;r34=0,1,2,3,4,5",10.093382256,5146.28,3,1.036360,match
ablation_r33_p03,ablation,"r0=0,1,2,3;r1=0,1,2,3;r2=0,1,2;r3=0,1,2;r4=0,1,2;r5=0,1,2;r6=0,1,2,3;r7=0,1,2;r8=0,1,2;r9=0,1,2;r10=0,1,2,3;r11=0,1,2,3;r12=0,1,2;r13=0,1,2,3,4,5;r14=0,1,2,3,4;r15=0,1,2;r16=0,1,2,3,4;r17=0,1,2;r18=0,1,2;r19=0,1,2;r20=0,1,2;r21=0,1,2;r22=0,1,2,3,4;r23=0,1,2,3,4,5,6,7;r24=0,1,2,3,4,5,6,7;r25=0,1,2,3;r26=0,1,2;r27=0,1,2,3,4,5,6,7,8;r28=0,1,2,3;r29=0,1,2;r30=0,1,2,3,4,5,6,7;r31=0,1,2,3,4,5,6,7;r32=0,1,2,3,4,5;r33=1,4,2,3,5,0;r34=0,1,2,3,4,5",9.822217120,5208.47,3,1.008517,match
ablation_r33_p04,ablation,"r0=0,1,2,3;r1=0,1,2,3;r2=0,1,2;r3=0,1,2;r4=0,1,2;r5=0,1,2;r6=0,1,2,3;r7=0,1,2;r8=0,1,2;r9=0,1,2;r10=0,1,2,3;r11=0,1,2,3;r12=0,1,2;r13=0,1,2,3,4,5;r14=0,1,2,3,4;r15=0,1,2;r16=0,1,2,3,4;r17=0,1,2;r18=0,1,2;r19=0,1,2;r20=0,1,2;r21=0,1,2;r22=0,1,2,3,4;r23=0,1,2,3,4,5,6,7;r24=0,1,2,3,4,5,6,7;r25=0,1,2,3;r26=0,1,2;r27=0,1,2,3,4,5,6,7,8;r28=0,1,2,3;r29=0,1,2;r30=0,1,2,3,4,5,6,7;r31=0,1,2,3,4,5,6,7;r32=0,1,2,3,4,5;r33=1,2,4,3,5,0;r34=0,1,2,3,4,5",10.154487011,5179.91,3,1.042634,match
ablation_r33_p05,ablation,"r0=0,1,2,3;r1=0,1,2,3;r2=0,1,2;r3=0,1,2;r4=0,1,2;r5=0,1,2;r6=0,1,2,3;r7=0,1,2;r8=0,1,2;r9=0,1,2;r10=0,1,2,3;r11=0,1,2,3;r12=0,1,2;r13=0,1,2,3,4,5;r14=0,1,2,3,4;r15=0,1,2;r16=0,1,2,3,4;r17=0,1,2;r18=0,1,2;r19=0,1,2;r20=0,1,2;r21=0,1,2;r22=0,1,2,3,4;r23=0,1,2,3,4,5,6,7;r24=0,1,2,3,4,5,6,7;r25=0,1,2,3;r26=0,1,2;r27=0,1,2,3,4,5,6,7,8;r28=0,1,2,3;r29=0,1,2;r30=0,1,2,3,4,5,6,7;r31=0,1,2,3,4,5,6,7;r32=0,1,2,3,4,5;r33=1,2,3,0,4,5;r34=0,1,2,3,4,5",9.937799475,5220.50,3,1.020385,match
ablation_r33_p06,ablation,"r0=0,1,2,3;r1=0,1,2,3;r2=0,1,2;r3=0,1,2;r4=0,1,2;r5=0,1,2;r6=0,1,2,3;r7=0,1,2;r8=0,1,2;r9=0,1,2;r10=0,1,2,3;r11=0,1,2,3;r12=0,1,2;r13=0,1,2,3,4,5;r14=0,1,2,3,4;r15=0,1,2;r16=0,1,2,3,4;r17=0,1,2;r18=0,1,2;r19=0,1,2;r20=0,1,2;r21=0,1,2;r22=0,1,2,3,4;r23=0,1,2,3,4,5,6,7;r24=0,1,2,3,4,5,6,7;r25=0,1,2,3;r26=0,1,2;r27=0,1,2,3,4,5,6,7,8;r28=0,1,2,3;r29=0,1,2;r30=0,1,2,3,4,5,6,7;r31=0,1,2,3,4,5,6,7;r32=0,1,2,3,4,5;r33=2,3,4,1,0,5;r34=0,1,2,3,4,5",10.079533143,5313.05,3,1.034938,match
ablation_r33_p07,ablation,"r0=0,1,2,3;r1=0,1,2,3;r2=0,1,2;r3=0,1,2;r4=0,1,2;r5=0,1,2;r6=0,1,2,3;r7=0,1,2;r8=0,1,2;r9=0,1,2;r10=0,1,2,3;r11=0,1,2,3;r12=0,1,2;r13=0,1,2,3,4,5;r14=0,1,2,3,4;r15=0,1,2;r16=0,1,2,3,4;r17=0,1,2;r18=0,1,2;r19=0,1,2;r20=0,1,2;r21=0,1,2;r22=0,1,2,3,4;r23=0,1,2,3,4,5,6,7;r24=0,1,2,3,4,5,6,7;r25=0,1,2,3;r26=0,1,2;r27=0,1,2,3,4,5,6,7,8;r28=0,1,2,3;r29=0,1,2;r30=0,1,2,3,4,5,6,7;r31=0,1,2,3,4,5,6,7;r32=0,1,2,3,4,5;r33=2,3,1,4,5,0;r34=0,1,2,3,4,5",9.779059362,5277.40,3,1.004086,match
ablation_r33_p08,ablation,"r0=0,1,2,3;r1=0,1,2,3;r2=0,1,2;r3=0,1,2;r4=0,1,2;r5=0,1,2;r6=0,1,2,3;r7=0,1,2;r8=0,1,2;r9=0,1,2;r10=0,1,2,3;r11=0,1,2,3;r12=0,1,2;r13=0,1,2,3,4,5;r14=0,1,2,3,4;r15=0,1,2;r16=0,1,2,3,4;r17=0,1,2;r18=0,1,2;r19=0,1,2;r20=0,1,2;r21=0,1,2;r22=0,1,2,3,4;r23=0,1,2,3,4,5,6,7;r24=0,1,2,3,4,5,6,7;r25=0,1,2,3;r26=0,1,2;r27=0,1,2,3,4,5,6,7,8;r28=0,1,2,3;r29=0,1,2;r30=0,1,2,3,4,5,6,7;r31=0,1,2,3,4,5,6,7;r32=0,1,2,3,4,5;r33=1,2,0,3,4,5;r34=0,1,2,3,4,5",9.853027542,5263.09,3,1.011681,match
ablation_r33_p09,ablation,"r0=0,1,2,3;r1=0,1,2,3;r2=0,1,2;r3=0,1,2;r4=0,1,2;r5=0,1,2;r6=0,1,2,3;r7=0,1,2;r8=0,1,2;r9=0,1,2;r10=0,1,2,3;r11=0,1,2,3;r12=0,1,2;r13=0,1,2,3,4,5;r14=0,1,2,3,4;r15=0,1,2;r16=0,1,2,3,4;r17=0,1,2;r18=0,1,2;r19=0,1,2;r20=0,1,2;r21=0,1,2;r22=0,1,2,3,4;r23=0,1,2,3,4,5,6,7;r24=0,1,2,3,4,5,6,7;r25=0,1,2,3;r26=0,1,2;r27=0,1,2,3,4,5,6,7,8;r28=0,1,2,3;r29=0,1,2;r30=0,1,2,3,4,5,6,7;r31=0,1,2,3,4,5,6,7;r32=0,1,2,3,4,5;r33=0,1,4,2,5,3;r34=0,1,2,3,4,5",10.002208372,5099.01,3,1.026998,match
ablation_r33_p10,ablation,"r0=0,1,2,3;r1=0,1,2,3;r2=0,1,2;r3=0,1,2;r4=0,1,2;r5=0,1,2;r6=0,1,2,3;r7=0,1,2;r8=0,1,2;r9=0,1,2;r10=0,1,2,3;r11=0,1,2,3;r12=0,1,2;r13=0,1,2,3,4,5;r14=0,1,2,3,4;r15=0,1,2;r16=0,1,2,3,4;r17=0,1,2;r18=0,1,2;r19=0,1,2;r20=0,1,2;r21=0,1,2;r22=0,1,2,3,4;r23=0,1,2,3,4,5,6,7;r24=0,1,2,3,4,5,6,7;r25=0,1,2,3;r26=0,1,2;r27=0,1,2,3,4,5,6,7,8;r28=0,1,2,3;r29=0,1,2;r30=0,1,2,3,4,5,6,7;r31=0,1,2,3,4,5,6,7;r32=0,1,2,3,4,5;r33=1,2,0,4,5,3;r34=0,1,2,3,4,5",10.076187359,5105.32,3,1.034594,match
ablation_r33_p11,ablation,"r0=0,1,2,3;r1=0,1,2,3;r2=0,1,2;r3=0,1,2;r4=0,1,2;r5=0,1,2;r6=0,1,2,3;r7=0,1,2;r8=0,1,2;r9=0,1,2;r10=0,1,2,3;r11=0,1,2,3;r12=0,1,2;r13=0,1,2,3,4,5;r14=0,1,2,3,4;r15=0,1,2;r16=0,1,2,3,4;r17=0,1,2;r18=0,1,2;r19=0,1,2;r20=0,1,2;r21=0,1,2;r22=0,1,2,3,4;r23=0,1,2,3,4,5,6,7;r24=0,1,2,3,4,5,6,7;r25=0,1,2,3;r26=0,1,2;r27=0,1,2,3,4,5,6,7,8;r28=0,1,2,3;r29=0,1,2;r30=0,1,2,3,4,5,6,7;r31=0,1,2,3,4,5,6,7;r32=0,1,2,3,4,5;r33=1,2,3,4,0,5;r34=0,1,2,3,4,5",9.961050977,5213.62,3,1.022772,match
ablation_r33_p12,ablation,"r0=0,1,2,3;r1=0,1,2,3;r2=0,1,2;r3=0,1,2;r4=0,1,2;r5=0,1,2;r6=0,1,2,3;r7=0,1,2;r8=0,1,2;r9=0,1,2;r10=0,1,2,3;r11=0,1,2,3;r12=0,1,2;r13=0,1,2,3,4,5;r14=0,1,2,3,4;r15=0,1,2;r16=0,1,2,3,4;r17=0,1,2;r18=0,1,2;r19=0,1,2;r20=0,1,2;r21=0,1,2;r22=0,1,2,3,4;r23=0,1,2,3,4,5,6,7;r24=0,1,2,3,4,5,6,7;r25=0,1,2,3;r26=0,1,2;r27=0,1,2,3,4,5,6,7,8;r28=0,1,2,3;r29=0,1,2;r30=0,1,2,3,4,5,6,7;r31=0,1,2,3,4,5,6,7;r32=0,1,2,3,4,5;r33=2,4,1,5,3,0;r34=0,1,2,3,4,5",9.888160056,5123.44,3,1.015288,match
ablation_r34_p01,ablation,"r0=0,1,2,3;r1=0,1,2,3;r2=0,1,2;r3=0,1,2;r4=0,1,2;r5=0,1,2;r6=0,1,2,3;r7=0,1,2;r8=0,1,2;r9=0,1,2;r10=0,1,2,3;r11=0,1,2,3;r12=0,1,2;r13=0,1,2,3,4,5;r14=0,1,2,3,4;r15=0,1,2;r16=0,1,2,3,4;r17=0,1,2;r18=0,1,2;r19=0,1,2;r20=0,1,2;r21=0,1,2;r22=0,1,2,3,4;r23=0,1,2,3,4,5,6,7;r24=0,1,2,3,4,5,6,7;r25=0,1,2,3;r26=0,1,2;r27=0,1,2,3,4,5,6,7,8;r28=0,1,2,3;r29=0,1,2;r30=0,1,2,3,4,5,6,7;r31=0,1,2,3,4,5,6,7;r32=0,1,2,3,4,5;r33=0,1,2,3,4,5;r34=1,2,3,4,5,0",9.725417093,5208.65,3,0.998578,match
ablation_r34_p02,ablation,"r0=0,1,2,3;r1=0,1,2,3;r2=0,1,2;r3=0,1,2;r4=0,1,2;r5=0,1,2;r6=0,1,2,3;r7=0,1,2;r8=0,1,2;r9=0,1,2;r10=0,1,2,3;r11=0,1,2,3;r12=0,1,2;r13=0,1,2,3,4,5;r14=0,1,2,3,4;r15=0,1,2;r16=0,1,2,3,4;r17=0,1,2;r18=0,1,2;r19=0,1,2;r20=0,1,2;r21=0,1,2;r22=0,1,2,3,4;r23=0,1,2,3,4,5,6,7;r24=0,1,2,3,4,5,6,7;r25=0,1,2,3;r26=0,1,2;r27=0,1,2,3,4,5,6,7,8;r28=0,1,2,3;r29=0,1,2;r30=0,1,2,3,4,5,6,7;r31=0,1,2,3,4,5,6,7;r32=0,1,2,3,4,5;r33=0,1,2,3,4,5;r34=4,5,2,1,0,3",9.667276919,5184.02,3,0.992608,match
ablation_r34_p03,ablation,"r0=0,1,2,3;r1=0,1,2,3;r2=0,1,2;r3=0,1,2;r4=0,1,2;r5=0,1,2;r6=0,1,2,3;r7=0,1,2;r8=0,1,2;r9=0,1,2;r10=0,1,2,3;r11=0,1,2,3;r12=0,1,2;r13=0,1,2,3,4,5;r14=0,1,2,3,4;r15=0,1,2;r16=0,1,2,3,4;r17=0,1,2;r18=0,1,2;r19=0,1,2;r20=0,1,2;r21=0,1,2;r22=0,1,2,3,4;r23=0,1,2,3,4,5,6,7;r24=0,1,2,3,4,5,6,7;r25=0,1,2,3;r26=0,1,2;r27=0,1,2,3,4,5,6,7,8;r28=0,1,2,3;r29=0,1,2;r30=0,1,2,3,4,5,6,7;r31=0,1,2,3,4,5,6,7;r32=0,1,2,3,4,5;r33=0,1,2,3,4,5;r34=2,4,3,5,1,0",9.738643423,5138.05,3,0.999936,match
ablation_r34_p04,ablation,"r0=0,1,2,3;r1=0,1,2,3;r2=0,1,2;r3=0,1,2;r4=0,1,2;r5=0,1,2;r6=0,1,2,3;r7=0,1,2;r8=0,1,2;r9=0,1,2;r10=0,1,2,3;r11=0,1,2,3;r12=0,1,2;r13=0,1,2,3,4,5;r14=0,1,2,3,4;r15=0,1,2;r16=0,1,2,3,4;r17=0,1,2;r18=0,1,2;r19=0,1,2;r20=0,1,2;r21=0,1,2;r22=0,1,2,3,4;r23=0,1,2,3,4,5,6,7;r24=0,1,2,3,4,5,6,7;r25=0,1,2,3;r26=0,1,2;r27=0,1,2,3,4,5,6,7,8;r28=0,1,2,3;r29=0,1,2;r30=0,1,2,3,4,5,6,7;r31=0,1,2,3,4,5,6,7;r32=0,1,2,3,4,5;r33=0,1,2,3,4,5;r34=1,4,5,2,0,3",9.680745627,5151.88,3,0.993991,match
ablation_r34_p05,ablation,"r0=0,1,2,3;r1=0,1,2,3;r2=0,1,2;r3=0,1,2;r4=0,1,2;r5=0,1,2;r6=0,1,2,3;r7=0,1,2;r8=0,1,2;r9=0,1,2;r10=0,1,2,3;r11=0,1,2,3;r12=0,1,2;r13=0,1,2,3,4,5;r14=0,1,2,3,4;r15=0,1,2;r16=0,1,2,3,4;r17=0,1,2;r18=0,1,2;r19=0,1,2;r20=0,1,2;r21=0,1,2;r22=0,1,2,3,4;r23=0,1,2,3,4,5,6,7;r24=0,1,2,3,4,5,6,7;r25=0,1,2,3;r26=0,1,2;r27=0,1,2,3,4,5,6,7,8;r28=0,1,2,3;r29=0,1,2;r30=0,1,2,3,4,5,6,7;r31=0,1,2,3,4,5,6,7;r32=0,1,2,3,4,5;r33=0,1,2,3,4,5;r34=2,4,1,3,5,0",9.912759635,5178.31,3,1.017814,match
ablation_r34_p06,ablation,"r0=0,1,2,3;r1=0,1,2,3;r2=0,1,2;r3=0,1,2;r4=0,1,2;r5=0,1,2;r6=0,1,2,3;r7=0,1,2;r8=0,1,2;r9=0,1,2;r10=0,1,2,3;r11=0,1,2,3;r12=0,1,2;r13=0,1,2,3,4,5;r14=0,1,2,3,4;r15=0,1,2;r16=0,1,2,3,4;r17=0,1,2;r18=0,1,2;r19=0,1,2;r20=0,1,2;r21=0,1,2;r22=0,1,2,3,4;r23=0,1,2,3,4,5,6,7;r24=0,1,2,3,4,5,6,7;r25=0,1,2,3;r26=0,1,2;r27=0,1,2,3,4,5,6,7,8;r28=0,1,2,3;r29=0,1,2;r30=0,1,2,3,4,5,6,7;r31=0,1,2,3,4,5,6,7;r32=0,1,2,3,4,5;r33=0,1,2,3,4,5;r34=0,1,4,5,2,3",9.620848138,5143.11,3,0.987841,match
ablation_r34_p07,ablation,"r0=0,1,2,3;r1=0,1,2,3;r2=0,1,2;r3=0,1,2;r4=0,1,2;r5=0,1,2;r6=0,1,2,3;r7=0,1,2;r8=0,1,2;r9=0,1,2;r10=0,1,2,3;r11=0,1,2,3;r12=0,1,2;r13=0,1,2,3,4,5;r14=0,1,2,3,4;r15=0,1,2;r16=0,1,2,3,4;r17=0,1,2;r18=0,1,2;r19=0,1,2;r20=0,1,2;r21=0,1,2;r22=0,1,2,3,4;r23=0,1,2,3,4,5,6,7;r24=0,1,2,3,4,5,6,7;r25=0,1,2,3;r26=0,1,2;r27=0,1,2,3,4,5,6,7,8;r28=0,1,2,3;r29=0,1,2;r30=0,1,2,3,4,5,6,7;r31=0,1,2,3,4,5,6,7;r32=0,1,2,3,4,5;r33=0,1,2,3,4,5;r34=1,4,2,5,0,3",9.862985175,5121.25,3,1.012703,match
ablation_r34_p08,ablation,"r0=0,1,2,3;r1=0,1,2,3;r2=0,1,2;r3=0,1,2;r4=0,1,2;r5=0,1,2;r6=0,1,2,3;r7=0,1,2;r8=0,1,2;r9=0,1,2;r10=0,1,2,3;r11=0,1,2,3;r12=0,1,2;r13=0,1,2,3,4,5;r14=0,1,2,3,4;r15=0,1,2;r16=0,1,2,3,4;r17=0,1,2;r18=0,1,2;r19=0,1,2;r20=0,1,2;r21=0,1,2;r22=0,1,2,3,4;r23=0,1,2,3,4,5,6,7;r24=0,1,2,3,4,5,6,7;r25=0,1,2,3;r26=0,1,2;r27=0,1,2,3,4,5,6,7,8;r28=0,1,2,3;r29=0,1,2;r30=0,1,2,3,4,5,6,7;r31=0,1,2,3,4,5,6,7;r32=0,1,2,3,4,5;r33=0,1,2,3,4,5;r34=2,4,5,3,1,0",9.722655565,5155.31,3,0.998295,match
ablation_r34_p09,ablation,"r0=0,1,2,3;r1=0,1,2,3;r2=0,1,2;r3=0,1,2;r4=0,1,2;r5=0,1,2;r6=0,1,2,3;r7=0,1,2;r8=0,1,2;r9=0,1,2;r10=0,1,2,3;r11=0,1,2,3;r12=0,1,2;r13=0,1,2,3,4,5;r14=0,1,2,3,4;r15=0,1,2;r16=0,1,2,3,4;r17=0,1,2;r18=0,1,2;r19=0,1,2;r20=0,1,2;r21=0,1,2;r22=0,1,2,3,4;r23=0,1,2,3,4,5,6,7;r24=0,1,2,3,4,5,6,7;r25=0,1,2,3;r26=0,1,2;r27=0,1,2,3,4,5,6,7,8;r28=0,1,2,3;r29=0,1,2;r30=0,1,2,3,4,5,6,7;r31=0,1,2,3,4,5,6,7;r32=0,1,2,3,4,5;r33=0,1,2,3,4,5;r34=4,5,1,2,0,3",9.579395647,5117.52,3,0.983585,match
ablation_r34_p10,ablation,"r0=0,1,2,3;r1=0,1,2,3;r2=0,1,2;r3=0,1,2;r4=0,1,2;r5=0,1,2;r6=0,1,2,3;r7=0,1,2;r8=0,1,2;r9=0,1,2;r10=0,1,2,3;r11=0,1,2,3;r12=0,1,2;r13=0,1,2,3,4,5;r14=0,1,2,3,4;r15=0,1,2;r16=0,1,2,3,4;r17=0,1,2;r18=0,1,2;r19=0,1,2;r20=0,1,2;r21=0,1,2;r22=0,1,2,3,4;r23=0,1,2,3,4,5,6,7;r24=0,1,2,3,4,5,6,7;r25=0,1,2,3;r26=0,1,2;r27=0,1,2,3,4,5,6,7,8;r28=0,1,2,3;r29=0,1,2;r30=0,1,2,3,4,5,6,7;r31=0,1,2,3,4,5,6,7;r32=0,1,2,3,4,5;r33=0,1,2,3,4,5;r34=2,3,1,0,4,5",9.663454237,5200.59,3,0.992216,match
ablation_r34_p11,ablation,"r0=0,1,2,3;r1=0,1,2,3;r2=0,1,2;r3=0,1,2;r4=0,1,2;r5=0,1,2;r6=0,1,2,3;r7=0,1,2;r8=0,1,2;r9=0,1,2;r10=0,1,2,3;r11=0,1,2,3;r12=0,1,2;r13=0,1,2,3,4,5;r14=0,1,2,3,4;r15=0,1,2;r16=0,1,2,3,4;r17=0,1,2;r18=0,1,2;r19=0,1,2;r20=0,1,2;r21=0,1,2;r22=0,1,2,3,4;r23=0,1,2,3,4,5,6,7;r24=0,1,2,3,4,5,6,7;r25=0,1,2,3;r26=0,1,2;r27=0,1,2,3,4,5,6,7,8;r28=0,1,2,3;r29=0,1,2;r30=0,1,2,3,4,5,6,7;r31=0,1,2,3,4,5,6,7;r32=0,1,2,3,4,5;r33=0,1,2,3,4,5;r34=2,3,4,1,5,0",9.747698855,5176.32,3,1.000866,match
ablation_r34_p12,ablation,"r0=0,1,2,3;r1=0,1,2,3;r2=0,1,2;r3=0,1,2;r4=0,1,2;r5=0,1,2;r6=0,1,2,3;r7=0,1,2;r8=0,1,2;r9=0,1,2;r10=0,1,2,3;r11=0,1,2,3;r12=0,1,2;r13=0,1,2,3,4,5;r14=0,1,2,3,4;r15=0,1,2;r16=0,1,2,3,4;r17=0,1,2;r18=0,1,2;r19=0,1,2;r20=0,1,2;r21=0,1,2;r22=0,1,2,3,4;r23=0,1,2,3,4,5,6,7;r24=0,1,2,3,4,5,6,7;r25=0,1,2,3;r26=0,1,2;r27=0,1,2,3,4,5,6,7,8;r28=0,1,2,3;r29=0,1,2;r30=0,1,2,3,4,5,6,7;r31=0,1,2,3,4,5,6,7;r32=0,1,2,3,4,5;r33=0,1,2,3,4,5;r34=1,2,4,5,3,0",9.714150263,5135.99,3,0.997421,match
sample_0001,sample,"r0=1,3,0,2;r1=0,1,2,3;r2=1,2,0;r3=1,2,0;r4=0,1,2;r5=1,2,0;r6=1,3,0,2;r7=0,2,1;r8=1,2,0;r9=0,2,1;r10=0,1,2,3;r11=1,2,0,3;r12=0,2,1;r13=1,2,4,5,0,3;r14=0,3,2,1,4;r15=0,1,2;r16=1,3,2,0,4;r17=0,1,2;r18=0,1,2;r19=1,2,0;r20=0,2,1;r21=0,1,2;r22=1,2,0,3,4;r23=1,3,4,0,7,6,5,2;r24=4,7,6,1,5,2,3,0;r25=0,1,3,2;r26=0,1,2;r27=6,7,1,0,8,2,4,3,5;r28=1,2,0,3;r29=1,2,0;r30=0,1,5,7,2,6,4,3;r31=1,5,0,7,2,6,3,4;r32=1,4,2,3,0,5;r33=4,5,2,3,1,0;r34=4,5,2,1,0,3",TIMEOUT,249898.04,0,N/A,TIMEOUT
sample_0002,sample,"r0=0,3,1,2;r1=0,2,3,1;r2=0,1,2;r3=0,1,2;r4=1,2,0;r5=0,1,2;r6=0,1,3,2;r7=1,2,0;r8=0,2,1;r9=0,1,2;r10=2,3,1,0;r11=1,3,0,2;r12=0,1,2;r13=1,2,3,4,0,5;r14=0,4,2,3,1;r15=1,2,0;r16=3,4,2,1,0;r17=0,1,2;r18=1,2,0;r19=1,2,0;r20=0,2,1;r21=0,1,2;r22=2,3,1,4,0;r23=4,7,6,3,5,1,2,0;r24=4,7,1,2,6,3,0,5;r25=1,3,2,0;r26=0,1,2;r27=7,8,5,2,1,4,6,3,0;r28=1,2,0,3;r29=1,2,0;r30=2,6,3,4,1,7,5,0;r31=4,7,5,1,0,3,2,6;r32=2,3,4,1,0,5;r33=1,4,5,2,0,3;r34=1,2,0,4,3,5",TIMEOUT,251054.14,0,N/A,TIMEOUT
sample_0003,sample,"r0=0,2,3,1;r1=0,2,3,1;r2=0,1,2;r3=0,2,1;r4=0,1,2;r5=1,2,0;r6=1,3,0,2;r7=0,1,2;r8=1,2,0;r9=0,1,2;r10=0,1,2,3;r11=0,1,2,3;r12=1,2,0;r13=3,4,1,5,2,0;r14=0,1,2,4,3;r15=0,1,2;r16=0,1,3,4,2;r17=0,1,2;r18=1,2,0;r19=0,1,2;r20=0,1,2;r21=1,2,0;r22=3,4,2,1,0;r23=2,5,1,6,0,3,4,7;r24=1,2,4,7,5,6,3,0;r25=1,3,0,2;r26=0,1,2;r27=7,8,6,1,2,4,0,3,5;r28=1,3,0,2;r29=1,2,0;r30=2,3,1,6,7,0,5,4;r31=5,6,1,7,0,2,4,3;r32=4,5,2,1,0,3;r33=1,4,2,5,3,0;r34=1,2,4,0,3,5",TIMEOUT,201681.11,0,N/A,TIMEOUT
sample_0004,sample,"r0=0,1,3,2;r1=0,1,3,2;r2=1,2,0;r3=0,2,1;r4=0,2,1;r5=0,2,1;r6=1,2,0,3;r7=0,2,1;r8=1,2,0;r9=0,1,2;r10=1,3,2,0;r11=1,3,2,0;r12=1,2,0;r13=1,2,0,3,5,4;r14=0,1,2,4,3;r15=1,2,0;r16=1,3,4,0,2;r17=0,1,2;r18=0,1,2;r19=0,1,2;r20=0,1,2;r21=1,2,0;r22=1,2,0,3,4;r23=1,3,4,7,2,6,0,5;r24=1,2,4,5,3,6,7,0;r25=1,2,0,3;r26=1,2,0;r27=2,3,6,5,7,1,0,4,8;r28=0,1,2,3;r29=1,2,0;r30=5,7,6,2,3,1,0,4;r31=1,2,6,5,7,0,4,3;r32=0,1,4,2,3,5;r33=2,4,1,5,3,0;r34=2,3,4,1,5,0",TIMEOUT,38838.82,0,N/A,TIMEOUT
sample_0005,sample,"r0=0,1,2,3;r1=0,1,3,2;r2=0,1,2;r3=0,1,2;r4=0,2,1;r5=0,2,1;r6=1,2,3,0;r7=0,1,2;r8=0,2,1;r9=0,1,2;r10=0,1,3,2;r11=1,2,3,0;r12=0,1,2;r13=1,5,0,3,4,2;r14=0,2,3,1,4;r15=1,2,0;r16=1,3,2,4,0;r17=1,2,0;r18=1,2,0;r19=0,1,2;r20=0,1,2;r21=1,2,0;r22=1,2,3,0,4;r23=0,1,3,4,7,2,6,5;r24=2,5,1,6,3,7,0,4;r25=1,3,2,0;r26=0,1,2;r27=2,6,1,0,7,4,5,3,8;r28=0,1,2,3;r29=0,1,2;r30=6,7,2,4,1,5,0,3;r31=5,6,2,1,0,3,4,7;r32=2,3,1,4,5,0;r33=2,3,4,1,0,5;r34=1,2,3,4,0,5",88.633599144,40559.96,3,9.100645,match
sample_0006,sample,"r0=0,1,2,3;r1=1,3,0,2;r2=0,1,2;r3=0,1,2;r4=0,1,2;r5=1,2,0;r6=0,1,3,2;r7=1,2,0;r8=0,1,2;r9=0,2,1;r10=0,1,2,3;r11=1,3,0,2;r12=0,1,2;r13=2,5,1,4,0,3;r14=0,4,1,3,2;r15=0,1,2;r16=0,1,3,4,2;r17=1,2,0;r18=1,2,0;r19=0,2,1;r20=0,1,2;r21=1,2,0;r22=1,2,3,4,0;r23=1,3,0,2,5,6,7,4;r24=1,4,2,7,5,6,3,0;r25=0,1,3,2;r26=1,2,0;r27=4,7,8,6,1,2,3,5,0;r28=1,2,0,3;r29=0,1,2;r30=0,1,2,6,3,7,4,5;r31=4,7,6,2,1,0,5,3;r32=2,4,1,3,5,0;r33=2,4,1,0,3,5;r34=1,2,0,3,4,5",TIMEOUT,89488.43,0,N/A,TIMEOUT
sample_0007,sample,"r0=0,1,3,2;r1=1,3,0,2;r2=0,1,2;r3=1,2,0;r4=0,2,1;r5=0,1,2;r6=0,3,2,1;r7=0,1,2;r8=0,1,2;r9=0,2,1;r10=1,2,0,3;r11=0,1,3,2;r12=0,2,1;r13=2,4,3,1,5,0;r14=0,4,3,1,2;r15=1,2,0;r16=3,4,1,2,0;r17=0,1,2;r18=1,2,0;r19=1,2,0;r20=0,1,2;r21=0,1,2;r22=1,2,4,0,3;r23=1,2,3,4,0,7,6,5;r24=6,7,4,5,3,1,2,0;r25=0,1,2,3;r26=0,1,2;r27=2,5,3,1,6,4,7,0,8;r28=1,2,0,3;r29=0,1,2;r30=2,5,7,4,3,6,1,0;r31=1,6,7,0,2,4,5,3;r32=2,4,3,1,5,0;r33=2,4,1,5,0,3;r34=1,2,4,5,0,3",TIMEOUT,250716.02,0,N/A,TIMEOUT
sample_0008,sample,"r0=1,3,0,2;r1=1,2,3,0;r2=0,2,1;r3=0,1,2;r4=0,1,2;r5=1,2,0;r6=1,2,0,3;r7=0,2,1;r8=0,1,2;r9=0,1,2;r10=1,2,0,3;r11=2,3,1,0;r12=0,1,2;r13=3,4,2,1,5,0;r14=0,2,3,1,4;r15=0,1,2;r16=2,3,4,1,0;r17=1,2,0;r18=0,1,2;r19=0,1,2;r20=0,1,2;r21=0,1,2;r22=2,3,1,4,0;r23=0,1,3,2,4,7,5,6;r24=5,6,3,7,4,2,1,0;r25=1,2,0,3;r26=0,1,2;r27=4,7,6,1,0,5,3,8,2;r28=0,1,3,2;r29=0,1,2;r30=2,5,3,1,0,6,4,7;r31=2,6,1,7,4,5,3,0;r32=4,5,1,2,3,0;r33=0,1,2,4,5,3;r34=1,4,2,0,5,3",TIMEOUT,250883.05,0,N/A,TIMEOUT
sample_0009,sample,"r0=0,2,3,1;r1=2,3,0,1;r2=0,1,2;r3=1,2,0;r4=0,1,2;r5=0,2,1;r6=1,3,0,2;r7=0,2,1;r8=1,2,0;r9=1,2,0;r10=0,1,3,2;r11=0,1,3,2;r12=0,1,2;r13=1,2,5,3,4,0;r14=0,3,1,4,2;r15=0,1,2;r16=1,2,3,4,0;r17=1,2,0;r18=1,2,0;r19=1,2,0;r20=0,1,2;r21=1,2,0;r22=1,2,0,4,3;r23=5,6,2,1,3,7,4,0;r24=4,7,1,0,2,3,6,5;r25=0,1,2,3;r26=1,2,0;r27=1,2,3,4,7,5,8,0,6;r28=1,2,3,0;r29=0,1,2;r30=1,6,5,7,0,4,3,2;r31=4,7,6,2,5,1,0,3;r32=1,4,2,0,5,3;r33=1,4,0,2,5,3;r34=4,5,2,1,3,0",TIMEOUT,251091.98,0,N/A,TIMEOUT
sample_0010,sample,"r0=0,2,3,1;r1=0,2,3,1;r2=0,1,2;r3=1,2,0;r4=0,1,2;r5=0,2,1;r6=0,3,2,1;r7=0,2,1;r8=0,1,2;r9=0,2,1;r10=1,2,0,3;r11=1,3,2,0;r12=1,2,0;r13=1,5,2,0,3,4;r14=0,4,2,3,1;r15=1,2,0;r16=0,1,2,3,4;r17=0,1,2;r18=1,2,0;r19=0,1,2;r20=0,2,1;r21=0,1,2;r22=0,1,4,3,2;r23=3,4,1,2,5,7,0,6;r24=1,4,7,2,6,5,0,3;r25=1,2,0,3;r26=1,2,0;r27=4,7,6,2,1,0,5,8,3;r28=1,3,0,2;r29=0,1,2;r30=2,6,5,3,1,0,7,4;r31=6,7,2,1,3,4,5,0;r32=1,2,4,0,3,5;r33=1,2,4,5,0,3;r34=0,1,2,4,5,3",TIMEOUT,98341.26,0,N/A,TIMEOUT
sample_0011,sample,"r0=2,3,1,0;r1=1,2,0,3;r2=0,1,2;r3=1,2,0;r4=1,2,0;r5=1,2,0;r6=2,3,1,0;r7=1,2,0;r8=1,2,0;r9=1,2,0;r10=0,1,3,2;r11=1,2,0,3;r12=0,2,1;r13=0,1,4,5,3,2;r14=0,4,2,3,1;r15=1,2,0;r16=1,3,4,0,2;r17=0,1,2;r18=1,2,0;r19=1,2,0;r20=0,2,1;r21=1,2,0;r22=1,4,0,2,3;r23=1,3,4,2,7,6,0,5;r24=3,5,6,7,2,4,1,0;r25=1,2,0,3;r26=0,1,2;r27=1,6,7,4,0,5,3,8,2;r28=1,2,3,0;r29=1,2,0;r30=1,6,2,0,3,5,4,7;r31=6,7,1,4,5,0,3,2;r32=1,4,0,2,5,3;r33=1,4,2,5,0,3;r34=2,3,4,5,1,0",TIMEOUT,250733.74,0,N/A,TIMEOUT
sample_0012,sample,"r0=0,1,2,3;r1=0,3,1,2;r2=0,2,1;r3=0,1,2;r4=0,2,1;r5=1,2,0;r6=1,3,2,0;r7=1,2,0;r8=0,2,1;r9=0,2,1;r10=1,2,3,0;r11=1,2,3,0;r12=1,2,0;r13=1,3,2,0,4,5;r14=0,3,4,1,2;r15=1,2,0;r16=1,2,3,4,0;r17=0,1,2;r18=1,2,0;r19=1,2,0;r20=0,2,1;r21=0,1,2;r22=1,2,3,4,0;r23=3,4,7,1,6,5,2,0;r24=1,4,0,2,7,3,6,5;r25=0,1,3,2;r26=0,1,2;r27=1,6,0,5,7,2,4,3,8;r28=0,1,2,3;r29=0,1,2;r30=2,3,4,1,0,6,5,7;r31=5,6,1,7,4,0,2,3;r32=2,4,1,3,5,0;r33=4,5,1,2,0,3;r34=0,1,4,2,5,3",TIMEOUT,250496.11,0,N/A,TIMEOUT
sample_0013,sample,"r0=1,2,3,0;r1=1,2,0,3;r2=1,2,0;r3=1,2,0;r4=0,1,2;r5=1,2,0;r6=2,3,1,0;r7=0,2,1;r8=0,2,1;r9=0,2,1;r10=0,1,3,2;r11=0,1,3,2;r12=1,2,0;r13=3,5,2,4,1,0;r14=0,1,2,3,4;r15=0,1,2;r16=2,3,1,4,0;r17=0,1,2;r18=0,1,2;r19=1,2,0;r20=0,2,1;r21=0,1,2;r22=2,3,1,4,0;r23=1,2,5,6,7,4,3,0;r24=6,7,5,4,2,3,1,0;r25=2,3,1,0;r26=0,1,2;r27=4,7,8,5,6,2,3,1,0;r28=0,1,3,2;r29=1,2,0;r30=5,7,4,1,0,3,6,2;r31=6,7,1,2,0,3,5,4;r32=2,4,1,3,0,5;r33=1,4,0,5,2,3;r34=4,5,1,0,2,3",TIMEOUT,250659.62,0,N/A,TIMEOUT
sample_0014,sample,"r0=1,2,3,0;r1=1,3,2,0;r2=1,2,0;r3=1,2,0;r4=0,2,1;r5=1,2,0;r6=1,2,3,0;r7=0,1,2;r8=1,2,0;r9=0,2,1;r10=1,2,3,0;r11=1,2,0,3;r12=0,1,2;r13=3,4,2,1,5,0;r14=0,2,3,1,4;r15=1,2,0;r16=1,3,0,4,2;r17=1,2,0;r18=1,2,0;r19=0,1,2;r20=0,2,1;r21=0,1,2;r22=1,2,4,0,3;r23=1,3,2,5,0,6,7,4;r24=1,4,0,7,2,6,5,3;r25=1,3,0,2;r26=0,1,2;r27=1,5,7,6,8,2,0,4,3;r28=0,1,3,2;r29=0,1,2;r30=2,6,5,1,3,7,0,4;r31=1,5,7,2,6,0,4,3;r32=2,4,5,1,0,3;r33=1,2,4,0,5,3;r34=0,1,4,2,5,3",TIMEOUT,29424.03,0,N/A,TIMEOUT
sample_0015,sample,"r0=1,2,0,3;r1=1,2,0,3;r2=0,2,1;r3=1,2,0;r4=0,2,1;r5=0,2,1;r6=0,1,2,3;r7=0,1,2;r8=0,2,1;r9=0,2,1;r10=2,3,1,0;r11=1,3,0,2;r12=1,2,0;r13=0,1,2,5,4,3;r14=2,4,0,3,1;r15=1,2,0;r16=3,4,1,0,2;r17=0,1,2;r18=1,2,0;r19=0,2,1;r20=0,2,1;r21=1,2,0;r22=2,3,1,4,0;r23=4,7,6,3,1,2,5,0;r24=4,7,1,6,0,2,5,3;r25=1,3,0,2;r26=0,1,2;r27=5,6,7,4,2,3,8,1,0;r28=0,1,3,2;r29=1,2,0;r30=4,7,3,6,1,5,2,0;r31=5,6,2,7,4,1,0,3;r32=0,1,2,4,3,5;r33=1,4,2,3,5,0;r34=1,4,2,0,3,5",TIMEOUT,199586.41,0,N/A,TIMEOUT
sample_0016,sample,"r0=2,3,0,1;r1=2,3,0,1;r2=0,2,1;r3=1,2,0;r4=0,1,2;r5=0,2,1;r6=0,2,1,3;r7=1,2,0;r8=1,2,0;r9=0,1,2;r10=1,2,3,0;r11=1,3,0,2;r12=1,2,0;r13=3,5,1,0,4,2;r14=0,1,2,3,4;r15=0,1,2;r16=2,3,1,4,0;r17=0,1,2;r18=1,2,0;r19=0,1,2;r20=0,1,2;r21=1,2,0;r22=1,4,2,0,3;r23=1,3,2,4,7,6,5,0;r24=1,2,4,7,5,3,0,6;r25=1,2,3,0;r26=1,2,0;r27=2,6,3,7,4,5,1,0,8;r28=1,2,3,0;r29=1,2,0;r30=3,4,7,2,5,1,0,6;r31=2,3,4,5,7,1,0,6;r32=4,5,2,3,1,0;r33=0,1,4,5,2,3;r34=2,3,1,0,4,5",TIMEOUT,27603.37,0,N/A,TIMEOUT
sample_0017,sample,"r0=0,1,2,3;r1=2,3,1,0;r2=1,2,0;r3=0,1,2;r4=0,2,1;r5=0,1,2;r6=2,3,0,1;r7=0,1,2;r8=1,2,0;r9=0,1,2;r10=2,3,1,0;r11=0,1,2,3;r12=0,1,2;r13=1,3,0,4,5,2;r14=2,4,0,1,3;r15=0,1,2;r16=1,2,3,0,4;r17=0,1,2;r18=0,1,2;r19=0,2,1;r20=0,1,2;r21=0,1,2;r22=1,4,3,0,2;r23=4,7,3,1,2,0,5,6;r24=1,2,5,4,0,7,3,6;r25=2,3,1,0;r26=1,2,0;r27=1,6,2,7,5,8,0,4,3;r28=1,3,0,2;r29=0,1,2;r30=1,6,0,2,3,4,5,7;r31=2,5,3,1,6,4,0,7;r32=1,2,0,3,4,5;r33=2,4,1,0,5,3;r34=0,1,2,4,3,5",257.387636646,40845.48,3,26.427829,match
sample_0018,sample,"r0=0,3,1,2;r1=1,3,2,0;r2=1,2,0;r3=0,2,1;r4=0,2,1;r5=1,2,0;r6=0,2,3,1;r7=0,1,2;r8=1,2,0;r9=1,2,0;r10=2,3,1,0;r11=1,3,2,0;r12=0,1,2;r13=1,2,0,4,3,5;r14=0,4,3,1,2;r15=1,2,0;r16=1,2,0,3,4;r17=0,1,2;r18=1,2,0;r19=1,2,0;r20=0,2,1;r21=1,2,0;r22=0,1,4,2,3;r23=2,5,1,6,7,0,4,3;r24=2,5,6,3,7,1,4,0;r25=1,2,0,3;r26=0,1,2;r27=4,7,5,3,6,1,0,2,8;r28=1,2,3,0;r29=0,1,2;r30=4,7,3,5,2,1,6,0;r31=2,6,1,7,3,0,5,4;r32=2,4,1,5,0,3;r33=4,5,2,3,1,0;r34=1,4,5,2,3,0",TIMEOUT,251174.95,0,N/A,TIMEOUT
sample_0019,sample,"r0=2,3,1,0;r1=0,2,1,3;r2=0,2,1;r3=0,1,2;r4=1,2,0;r5=1,2,0;r6=2,3,0,1;r7=0,2,1;r8=1,2,0;r9=1,2,0;r10=2,3,1,0;r11=1,2,3,0;r12=0,2,1;r13=1,5,3,2,4,0;r14=2,4,0,1,3;r15=1,2,0;r16=1,3,4,0,2;r17=0,1,2;r18=0,1,2;r19=0,2,1;r20=0,2,1;r21=0,1,2;r22=1,4,3,0,2;r23=3,4,1,0,2,7,5,6;r24=2,5,3,6,1,0,7,4;r25=1,3,2,0;r26=1,2,0;r27=2,6,3,7,1,5,0,4,8;r28=0,1,2,3;r29=1,2,0;r30=2,5,6,1,7,0,4,3;r31=1,6,2,3,7,0,4,5;r32=2,3,1,4,0,5;r33=1,2,4,0,5,3;r34=1,4,2,0,5,3",TIMEOUT,98449.38,0,N/A,TIMEOUT
sample_0020,sample,"r0=0,3,1,2;r1=0,3,2,1;r2=0,2,1;r3=1,2,0;r4=1,2,0;r5=0,2,1;r6=1,3,0,2;r7=0,1,2;r8=1,2,0;r9=0,1,2;r10=0,1,2,3;r11=0,1,3,2;r12=1,2,0;r13=1,5,2,3,0,4;r14=0,3,2,4,1;r15=0,1,2;r16=3,4,1,0,2;r17=1,2,0;r18=1,2,0;r19=0,1,2;r20=0,1,2;r21=1,2,0;r22=1,2,3,4,0;r23=1,3,4,2,7,6,5,0;r24=3,5,6,2,7,1,0,4;r25=0,1,3,2;r26=1,2,0;r27=6,7,4,5,8,1,2,3,0;r28=1,3,0,2;r29=1,2,0;r30=5,6,1,7,0,4,2,3;r31=5,7,6,4,2,1,3,0;r32=2,3,4,1,0,5;r33=1,4,2,0,5,3;r34=1,4,5,0,2,3",117.868046287,51494.14,3,12.102355,match
sample_0021,sample,"r0=2,3,1,0;r1=1,3,0,2;r2=0,2,1;r3=0,2,1;r4=1,2,0;r5=0,2,1;r6=0,3,1,2;r7=0,2,1;r8=0,2,1;r9=0,1,2;r10=0,1,2,3;r11=1,3,2,0;r12=0,1,2;r13=1,4,2,3,0,5;r14=0,1,3,4,2;r15=0,1,2;r16=1,3,0,2,4;r17=0,1,2;r18=1,2,0;r19=0,2,1;r20=0,2,1;r21=0,1,2;r22=1,2,3,0,4;r23=1,3,2,0,5,6,7,4;r24=1,2,5,0,4,6,3,7;r25=1,2,0,3;r26=0,1,2;r27=2,5,7,4,1,8,6,3,0;r28=0,1,2,3;r29=0,1,2;r30=2,3,6,1,0,5,7,4;r31=1,2,3,0,5,4,6,7;r32=0,1,4,2,3,5;r33=2,3,4,5,1,0;r34=1,4,0,2,3,5",TIMEOUT,21412.66,0,N/A,TIMEOUT
sample_0022,sample,"r0=2,3,1,0;r1=0,2,1,3;r2=1,2,0;r3=0,2,1;r4=0,1,2;r5=0,1,2;r6=1,3,2,0;r7=0,2,1;r8=0,2,1;r9=0,2,1;r10=1,2,3,0;r11=1,2,0,3;r12=0,1,2;r13=0,1,4,2,5,3;r14=0,2,3,1,4;r15=1,2,0;r16=1,2,0,3,4;r17=0,1,2;r18=1,2,0;r19=0,2,1;r20=0,1,2;r21=0,1,2;r22=1,2,0,3,4;r23=1,2,3,5,4,0,6,7;r24=5,6,2,7,1,3,0,4;r25=1,3,0,2;r26=1,2,0;r27=1,5,0,7,2,6,8,4,3;r28=0,1,3,2;r29=0,1,2;r30=6,7,1,0,5,2,4,3;r31=3,4,2,6,5,7,1,0;r32=2,4,1,3,0,5;r33=2,4,1,3,0,5;r34=4,5,1,2,3,0",63.356974097,30735.81,3,6.505314,match
sample_0023,sample,"r0=1,3,2,0;r1=0,2,3,1;r2=1,2,0;r3=0,2,1;r4=0,2,1;r5=0,2,1;r6=0,3,1,2;r7=1,2,0;r8=0,2,1;r9=0,2,1;r10=1,3,0,2;r11=1,3,0,2;r12=0,1,2;r13=3,4,1,0,2,5;r14=0,4,3,2,1;r15=0,1,2;r16=1,3,0,2,4;r17=0,1,2;r18=1,2,0;r19=1,2,0;r20=0,1,2;r21=0,1,2;r22=1,2,3,4,0;r23=1,2,5,0,3,4,6,7;r24=2,5,1,4,3,0,6,7;r25=0,1,2,3;r26=0,1,2;r27=0,1,2,5,3,7,4,8,6;r28=1,2,3,0;r29=1,2,0;r30=6,7,4,1,5,2,0,3;r31=5,6,1,2,3,0,4,7;r32=1,4,0,2,3,5;r33=0,1,2,4,5,3;r34=1,2,4,3,0,5",TIMEOUT,251212.92,0,N/A,TIMEOUT
sample_0024,sample,"r0=0,3,1,2;r1=2,3,1,0;r2=0,2,1;r3=1,2,0;r4=0,2,1;r5=0,1,2;r6=2,3,0,1;r7=0,1,2;r8=0,2,1;r9=1,2,0;r10=1,3,0,2;r11=1,3,2,0;r12=0,1,2;r13=1,5,3,0,2,4;r14=0,1,3,4,2;r15=0,1,2;r16=1,2,3,0,4;r17=1,2,0;r18=0,1,2;r19=0,1,2;r20=0,1,2;r21=0,1,2;r22=1,2,4,3,0;r23=3,4,1,2,5,6,7,0;r24=4,7,1,6,5,3,2,0;r25=2,3,1,0;r26=1,2,0;r27=4,7,6,2,8,1,0,5,3;r28=0,1,2,3;r29=1,2,0;r30=2,5,1,7,3,4,6,0;r31=2,6,7,5,1,0,3,4;r32=1,2,4,5,3,0;r33=2,3,1,4,5,0;r34=2,3,4,1,5,0",TIMEOUT,112985.05,0,N/A,TIMEOUT
sample_0025,sample,"r0=1,2,3,0;r1=1,2,3,0;r2=0,1,2;r3=1,2,0;r4=0,1,2;r5=0,2,1;r6=2,3,1,0;r7=0,2,1;r8=1,2,0;r9=0,2,1;r10=0,1,2,3;r11=0,1,2,3;r12=0,1,2;r13=3,5,1,4,0,2;r14=2,4,0,1,3;r15=0,1,2;r16=1,3,2,0,4;r17=0,1,2;r18=0,1,2;r19=0,2,1;r20=0,2,1;r21=1,2,0;r22=1,2,0,4,3;r23=3,4,1,2,0,7,5,6;r24=1,4,7,6,0,2,3,5;r25=1,3,2,0;r26=1,2,0;r27=1,5,2,0,7,6,4,8,3;r28=1,2,3,0;r29=1,2,0;r30=3,4,2,1,6,0,5,7;r31=2,5,7,1,0,6,4,3;r32=1,4,0,5,2,3;r33=2,4,3,1,0,5;r34=1,2,0,3,4,5",48.087510860,23752.51,3,4.937489,match
sample_0026,sample,"r0=0,2,1,3;r1=0,3,2,1;r2=0,2,1;r3=1,2,0;r4=0,2,1;r5=0,2,1;r6=2,3,0,1;r7=0,2,1;r8=1,2,0;r9=0,1,2;r10=1,2,3,0;r11=0,1,2,3;r12=0,2,1;r13=1,3,4,5,0,2;r14=0,2,4,1,3;r15=0,1,2;r16=2,3,1,0,4;r17=0,1,2;r18=1,2,0;r19=0,2,1;r20=0,1,2;r21=0,1,2;r22=2,3,1,0,4;r23=1,3,4,0,2,5,7,6;r24=2,5,6,1,0,7,4,3;r25=2,3,1,0;r26=1,2,0;r27=6,7,2,1,0,8,3,5,4;r28=1,2,3,0;r29=0,1,2;r30=1,6,7,0,2,4,5,3;r31=2,3,5,4,7,1,0,6;r32=2,3,4,5,1,0;r33=1,2,0,4,5,3;r34=1,4,0,2,3,5",521.156240133,59077.40,3,53.510838,match
sample_0027,sample,"r0=1,2,3,0;r1=2,3,1,0;r2=0,2,1;r3=0,1,2;r4=0,1,2;r5=1,2,0;r6=1,3,2,0;r7=0,1,2;r8=1,2,0;r9=0,1,2;r10=1,2,0,3;r11=1,3,0,2;r12=0,1,2;r13=2,4,5,1,0,3;r14=0,3,1,4,2;r15=0,1,2;r16=1,3,0,4,2;r17=0,1,2;r18=1,2,0;r19=0,1,2;r20=0,1,2;r21=1,2,0;r22=1,2,4,3,0;r23=2,5,1,6,7,3,0,4;r24=4,7,1,0,2,6,5,3;r25=1,2,0,3;r26=1,2,0;r27=5,6,7,1,8,4,3,0,2;r28=1,2,3,0;r29=0,1,2;r30=4,7,6,1,5,0,2,3;r31=5,7,6,2,4,1,0,3;r32=1,2,3,0,4,5;r33=1,4,2,3,5,0;r34=1,2,4,0,3,5",N/A,N/A,0,N/A,FAIL
sample_0028,sample,"r0=1,3,2,0;r1=1,3,0,2;r2=1,2,0;r3=0,1,2;r4=0,1,2;r5=0,2,1;r6=1,2,0,3;r7=0,2,1;r8=1,2,0;r9=0,2,1;r10=2,3,1,0;r11=0,1,2,3;r12=0,2,1;r13=4,5,1,3,2,0;r14=0,2,3,4,1;r15=1,2,0;r16=1,2,3,0,4;r17=1,2,0;r18=1,2,0;r19=0,2,1;r20=0,2,1;r21=1,2,0;r22=1,4,3,0,2;r23=1,3,2,4,7,5,0,6;r24=6,7,4,1,2,0,5,3;r25=0,1,3,2;r26=0,1,2;r27=5,7,6,2,1,8,3,4,0;r28=1,2,3,0;r29=0,1,2;r30=3,4,2,1,7,6,0,5;r31=1,2,0,6,7,5,3,4;r32=1,4,0,5,2,3;r33=2,4,5,3,1,0;r34=2,3,1,0,4,5",TIMEOUT,72800.20,0,N/A,TIMEOUT
sample_0029,sample,"r0=2,3,1,0;r1=1,2,0,3;r2=0,2,1;r3=1,2,0;r4=1,2,0;r5=0,1,2;r6=1,2,3,0;r7=0,1,2;r8=0,1,2;r9=1,2,0;r10=1,3,0,2;r11=1,2,0,3;r12=0,1,2;r13=1,5,3,4,0,2;r14=0,1,3,4,2;r15=1,2,0;r16=0,1,2,3,4;r17=0,1,2;r18=1,2,0;r19=1,2,0;r20=0,1,2;r21=0,1,2;r22=1,4,3,2,0;r23=5,6,2,1,3,4,0,7;r24=1,2,5,4,6,0,7,3;r25=1,2,0,3;r26=1,2,0;r27=6,7,4,1,3,2,8,5,0;r28=0,1,2,3;r29=1,2,0;r30=5,7,4,1,3,0,6,2;r31=2,6,3,7,4,5,1,0;r32=1,4,0,5,2,3;r33=2,4,1,5,0,3;r34=2,4,5,1,0,3",TIMEOUT,250950.93,0,N/A,TIMEOUT
sample_0030,sample,"r0=1,2,3,0;r1=1,3,0,2;r2=0,1,2;r3=1,2,0;r4=0,1,2;r5=0,1,2;r6=2,3,0,1;r7=1,2,0;r8=0,2,1;r9=0,1,2;r10=1,3,2,0;r11=0,1,2,3;r12=0,2,1;r13=1,2,0,3,5,4;r14=1,3,0,2,4;r15=0,1,2;r16=2,3,4,1,0;r17=0,1,2;r18=1,2,0;r19=0,1,2;r20=0,1,2;r21=1,2,0;r22=0,1,2,4,3;r23=1,3,2,0,5,6,4,7;r24=1,4,2,5,0,6,7,3;r25=1,2,0,3;r26=1,2,0;r27=1,6,0,2,7,4,3,5,8;r28=0,1,3,2;r29=1,2,0;r30=6,7,1,4,2,0,3,5;r31=1,6,2,3,4,7,5,0;r32=1,2,3,4,0,5;r33=1,2,3,4,5,0;r34=0,1,4,5,2,3",92.433045624,42202.27,3,9.490762,match
sample_0031,sample,"r0=1,3,2,0;r1=1,2,0,3;r2=1,2,0;r3=1,2,0;r4=0,1,2;r5=0,2,1;r6=1,3,2,0;r7=0,1,2;r8=0,1,2;r9=0,2,1;r10=1,3,2,0;r11=1,2,0,3;r12=0,2,1;r13=1,3,4,5,2,0;r14=0,4,2,3,1;r15=0,1,2;r16=2,3,4,1,0;r17=1,2,0;r18=0,1,2;r19=0,1,2;r20=0,2,1;r21=1,2,0;r22=2,3,4,1,0;r23=1,3,2,4,0,5,7,6;r24=2,5,6,1,7,4,0,3;r25=1,2,3,0;r26=1,2,0;r27=4,7,8,6,1,0,3,2,5;r28=1,2,0,3;r29=0,1,2;r30=2,6,5,1,7,4,3,0;r31=5,6,2,3,7,4,1,0;r32=1,2,0,3,4,5;r33=1,2,4,3,5,0;r34=1,4,2,3,5,0",TIMEOUT,228714.08,0,N/A,TIMEOUT
sample_0032,sample,"r0=1,3,2,0;r1=0,3,2,1;r2=1,2,0;r3=0,2,1;r4=1,2,0;r5=0,2,1;r6=0,1,2,3;r7=1,2,0;r8=0,2,1;r9=0,2,1;r10=0,1,2,3;r11=1,3,0,2;r12=1,2,0;r13=4,5,3,1,2,0;r14=0,1,2,4,3;r15=1,2,0;r16=1,3,2,4,0;r17=0,1,2;r18=1,2,0;r19=0,1,2;r20=0,1,2;r21=1,2,0;r22=3,4,2,1,0;r23=4,7,6,3,5,1,2,0;r24=4,7,1,2,3,6,5,0;r25=2,3,1,0;r26=0,1,2;r27=6,7,2,1,4,8,0,3,5;r28=0,1,2,3;r29=0,1,2;r30=2,5,3,1,0,7,6,4;r31=4,7,5,1,3,0,6,2;r32=0,1,2,4,5,3;r33=2,4,1,0,5,3;r34=1,4,2,3,0,5",TIMEOUT,238062.03,0,N/A,TIMEOUT
sample_0033,sample,"r0=2,3,1,0;r1=0,2,1,3;r2=0,1,2;r3=0,2,1;r4=0,2,1;r5=1,2,0;r6=1,2,0,3;r7=0,1,2;r8=0,1,2;r9=0,1,2;r10=2,3,1,0;r11=1,3,0,2;r12=0,2,1;r13=2,4,1,3,5,0;r14=0,3,4,1,2;r15=1,2,0;r16=1,2,3,4,0;r17=1,2,0;r18=1,2,0;r19=0,2,1;r20=0,2,1;r21=0,1,2;r22=1,4,3,0,2;r23=1,2,0,3,5,6,4,7;r24=1,2,3,5,6,7,0,4;r25=2,3,1,0;r26=0,1,2;r27=6,7,5,2,8,1,4,3,0;r28=1,3,2,0;r29=1,2,0;r30=6,7,1,0,4,5,2,3;r31=2,6,1,7,5,4,0,3;r32=0,1,4,5,2,3;r33=4,5,1,2,3,0;r34=1,4,2,5,0,3",319.385827258,72944.99,3,32.793627,match
sample_0034,sample,"r0=0,1,2,3;r1=0,3,1,2;r2=1,2,0;r3=0,1,2;r4=0,2,1;r5=0,2,1;r6=2,3,0,1;r7=1,2,0;r8=1,2,0;r9=0,2,1;r10=1,3,0,2;r11=1,2,3,0;r12=1,2,0;r13=1,4,5,3,2,0;r14=0,1,3,4,2;r15=0,1,2;r16=3,4,1,0,2;r17=0,1,2;r18=1,2,0;r19=1,2,0;r20=0,1,2;r21=0,1,2;r22=3,4,1,2,0;r23=5,6,7,2,1,3,0,4;r24=2,3,1,4,5,0,7,6;r25=1,3,2,0;r26=1,2,0;r27=6,7,4,1,3,0,5,2,8;r28=1,2,3,0;r29=0,1,2;r30=1,5,6,2,7,4,0,3;r31=1,2,3,0,4,7,6,5;r32=0,1,2,4,5,3;r33=1,4,0,2,5,3;r34=2,3,1,4,0,5",TIMEOUT,250983.27,0,N/A,TIMEOUT
sample_0035,sample,"r0=0,1,3,2;r1=0,1,3,2;r2=0,1,2;r3=1,2,0;r4=0,1,2;r5=0,2,1;r6=1,2,3,0;r7=0,2,1;r8=1,2,0;r9=1,2,0;r10=1,3,2,0;r11=1,3,0,2;r12=0,2,1;r13=2,5,3,1,0,4;r14=0,4,3,2,1;r15=0,1,2;r16=2,3,1,4,0;r17=0,1,2;r18=1,2,0;r19=1,2,0;r20=0,2,1;r21=1,2,0;r22=0,1,2,4,3;r23=3,4,7,6,5,2,1,0;r24=1,4,2,5,6,3,7,0;r25=0,1,3,2;r26=1,2,0;r27=4,7,6,5,1,8,0,3,2;r28=0,1,3,2;r29=1,2,0;r30=1,2,6,7,0,3,4,5;r31=2,6,3,1,0,7,4,5;r32=2,3,4,1,5,0;r33=2,4,1,5,3,0;r34=1,4,2,0,5,3",TIMEOUT,250315.93,0,N/A,TIMEOUT
sample_0036,sample,"r0=0,1,2,3;r1=1,2,0,3;r2=0,2,1;r3=0,1,2;r4=0,1,2;r5=0,2,1;r6=0,1,3,2;r7=1,2,0;r8=0,1,2;r9=1,2,0;r10=1,3,2,0;r11=1,3,0,2;r12=0,1,2;r13=0,1,4,2,3,5;r14=1,3,0,4,2;r15=1,2,0;r16=1,3,0,4,2;r17=0,1,2;r18=0,1,2;r19=0,1,2;r20=0,1,2;r21=0,1,2;r22=1,2,3,4,0;r23=1,3,2,5,0,4,6,7;r24=4,7,6,5,3,1,0,2;r25=0,1,3,2;r26=0,1,2;r27=2,5,3,6,7,1,0,4,8;r28=0,1,3,2;r29=0,1,2;r30=5,7,4,3,1,6,0,2;r31=2,3,4,5,1,6,0,7;r32=4,5,2,1,0,3;r33=1,2,3,4,5,0;r34=1,2,0,4,3,5",N/A,N/A,0,N/A,FAIL
sample_0037,sample,"r0=2,3,0,1;r1=0,1,2,3;r2=0,1,2;r3=0,1,2;r4=0,2,1;r5=0,1,2;r6=1,3,2,0;r7=0,2,1;r8=0,1,2;r9=0,1,2;r10=1,2,0,3;r11=0,1,2,3;r12=0,1,2;r13=4,5,3,1,0,2;r14=0,3,1,4,2;r15=0,1,2;r16=0,1,3,4,2;r17=1,2,0;r18=1,2,0;r19=0,2,1;r20=0,1,2;r21=1,2,0;r22=2,3,1,0,4;r23=1,2,5,6,0,3,7,4;r24=2,5,3,6,7,1,0,4;r25=0,1,2,3;r26=1,2,0;r27=4,7,8,6,1,5,3,0,2;r28=1,3,2,0;r29=0,1,2;r30=1,2,3,6,0,5,7,4;r31=5,6,2,1,3,7,4,0;r32=1,4,2,5,0,3;r33=1,4,5,0,2,3;r34=2,4,3,1,5,0",TIMEOUT,196141.16,0,N/A,TIMEOUT
sample_0038,sample,"r0=0,1,3,2;r1=1,2,3,0;r2=1,2,0;r3=0,2,1;r4=0,1,2;r5=0,1,2;r6=0,3,2,1;r7=1,2,0;r8=0,1,2;r9=0,1,2;r10=0,1,3,2;r11=1,2,0,3;r12=1,2,0;r13=3,4,2,1,0,5;r14=0,4,1,2,3;r15=1,2,0;r16=2,3,1,0,4;r17=1,2,0;r18=1,2,0;r19=1,2,0;r20=0,2,1;r21=0,1,2;r22=0,1,4,3,2;r23=6,7,4,3,1,2,0,5;r24=2,5,6,7,1,4,3,0;r25=1,3,2,0;r26=0,1,2;r27=4,7,6,1,0,8,3,2,5;r28=1,2,3,0;r29=0,1,2;r30=3,4,2,5,7,1,6,0;r31=2,5,7,3,1,6,0,4;r32=4,5,2,1,3,0;r33=1,4,5,2,3,0;r34=1,4,2,5,0,3",TIMEOUT,250655.74,0,N/A,TIMEOUT
sample_0039,sample,"r0=1,2,0,3;r1=2,3,1,0;r2=0,1,2;r3=0,2,1;r4=0,2,1;r5=0,2,1;r6=2,3,0,1;r7=0,2,1;r8=0,2,1;r9=0,1,2;r10=1,3,2,0;r11=1,2,3,0;r12=0,1,2;r13=0,1,5,4,3,2;r14=2,4,0,1,3;r15=0,1,2;r16=0,1,3,4,2;r17=1,2,0;r18=0,1,2;r19=1,2,0;r20=0,2,1;r21=0,1,2;r22=2,3,1,4,0;r23=0,1,3,4,7,6,2,5;r24=2,5,1,6,4,7,3,0;r25=1,3,0,2;r26=1,2,0;r27=6,7,5,1,2,4,3,0,8;r28=0,1,2,3;r29=1,2,0;r30=2,6,1,3,5,0,4,7;r31=3,4,7,5,1,0,2,6;r32=2,4,5,1,3,0;r33=0,1,4,2,3,5;r34=1,4,0,2,3,5",TIMEOUT,250589.92,0,N/A,TIMEOUT
sample_0040,sample,"r0=1,3,2,0;r1=0,3,1,2;r2=0,2,1;r3=0,1,2;r4=1,2,0;r5=1,2,0;r6=0,2,3,1;r7=0,1,2;r8=1,2,0;r9=0,2,1;r10=0,1,3,2;r11=2,3,1,0;r12=0,1,2;r13=1,4,3,5,2,0;r14=2,4,0,3,1;r15=1,2,0;r16=1,2,0,3,4;r17=1,2,0;r18=0,1,2;r19=0,2,1;r20=0,1,2;r21=1,2,0;r22=0,1,2,3,4;r23=1,2,5,0,6,3,4,7;r24=1,2,5,4,7,3,6,0;r25=1,3,2,0;r26=1,2,0;r27=2,6,5,1,0,7,8,4,3;r28=1,2,0,3;r29=0,1,2;r30=1,6,2,3,5,7,4,0;r31=1,5,6,7,4,2,0,3;r32=2,4,1,0,3,5;r33=2,4,3,1,0,5;r34=1,4,2,5,0,3",306.983736146,32441.95,3,31.520215,match
sample_0041,sample,"r0=0,1,3,2;r1=0,2,1,3;r2=1,2,0;r3=1,2,0;r4=0,1,2;r5=0,1,2;r6=2,3,1,0;r7=1,2,0;r8=0,1,2;r9=0,2,1;r10=1,2,3,0;r11=1,2,3,0;r12=0,2,1;r13=1,2,4,5,0,3;r14=0,2,4,3,1;r15=1,2,0;r16=1,3,4,0,2;r17=0,1,2;r18=0,1,2;r19=0,1,2;r20=0,1,2;r21=0,1,2;r22=3,4,2,1,0;r23=1,2,0,5,3,4,7,6;r24=1,2,5,4,7,3,0,6;r25=1,2,3,0;r26=1,2,0;r27=5,6,7,2,8,1,3,0,4;r28=1,3,0,2;r29=1,2,0;r30=3,4,2,6,1,0,5,7;r31=2,3,5,7,6,1,4,0;r32=1,2,4,0,5,3;r33=4,5,1,0,2,3;r34=2,3,1,4,5,0",TIMEOUT,165489.94,0,N/A,TIMEOUT
sample_0042,sample,"r0=0,1,3,2;r1=0,3,2,1;r2=0,2,1;r3=0,1,2;r4=0,2,1;r5=1,2,0;r6=2,3,0,1;r7=1,2,0;r8=0,2,1;r9=1,2,0;r10=1,3,2,0;r11=1,2,0,3;r12=0,1,2;r13=1,3,2,4,0,5;r14=0,3,1,2,4;r15=0,1,2;r16=0,1,2,3,4;r17=0,1,2;r18=1,2,0;r19=0,1,2;r20=0,1,2;r21=1,2,0;r22=1,2,4,3,0;r23=1,3,2,4,7,6,5,0;r24=1,2,3,4,5,7,0,6;r25=0,1,2,3;r26=1,2,0;r27=4,7,6,1,2,0,8,5,3;r28=0,1,3,2;r29=0,1,2;r30=2,6,3,7,5,1,0,4;r31=5,7,4,1,2,3,6,0;r32=2,4,5,1,0,3;r33=1,2,4,3,0,5;r34=2,3,1,4,5,0",TIMEOUT,199515.75,0,N/A,TIMEOUT
sample_0043,sample,"r0=1,3,0,2;r1=2,3,0,1;r2=0,2,1;r3=0,1,2;r4=0,2,1;r5=1,2,0;r6=0,1,2,3;r7=0,2,1;r8=0,1,2;r9=0,2,1;r10=0,1,2,3;r11=2,3,1,0;r12=0,2,1;r13=2,5,1,3,4,0;r14=0,3,1,4,2;r15=1,2,0;r16=2,3,1,4,0;r17=1,2,0;r18=0,1,2;r19=0,2,1;r20=0,1,2;r21=1,2,0;r22=1,2,0,4,3;r23=5,6,2,7,1,0,3,4;r24=2,5,6,1,0,3,4,7;r25=1,2,3,0;r26=1,2,0;r27=1,5,0,7,8,2,3,6,4;r28=1,2,3,0;r29=0,1,2;r30=2,3,1,6,7,4,0,5;r31=4,7,3,6,1,5,0,2;r32=2,4,1,0,5,3;r33=1,4,2,5,0,3;r34=2,3,4,1,0,5",TIMEOUT,87442.65,0,N/A,TIMEOUT
sample_0044,sample,"r0=0,1,3,2;r1=1,2,0,3;r2=0,2,1;r3=1,2,0;r4=0,2,1;r5=0,1,2;r6=0,3,2,1;r7=0,1,2;r8=0,1,2;r9=1,2,0;r10=1,3,2,0;r11=0,1,2,3;r12=1,2,0;r13=2,3,5,1,4,0;r14=0,2,1,3,4;r15=1,2,0;r16=1,3,4,2,0;r17=0,1,2;r18=0,1,2;r19=0,1,2;r20=0,1,2;r21=1,2,0;r22=1,2,3,0,4;r23=1,2,5,0,3,4,6,7;r24=2,5,3,1,4,7,6,0;r25=0,1,3,2;r26=0,1,2;r27=1,6,5,7,4,3,2,0,8;r28=1,3,2,0;r29=1,2,0;r30=4,7,6,5,1,0,2,3;r31=6,7,1,2,5,3,4,0;r32=4,5,1,0,2,3;r33=2,4,1,0,5,3;r34=1,4,5,2,0,3",TIMEOUT,251743.83,0,N/A,TIMEOUT
sample_0045,sample,"r0=2,3,0,1;r1=1,3,2,0;r2=1,2,0;r3=1,2,0;r4=1,2,0;r5=0,2,1;r6=2,3,0,1;r7=0,2,1;r8=0,1,2;r9=0,2,1;r10=0,1,2,3;r11=1,2,3,0;r12=0,2,1;r13=3,4,1,5,2,0;r14=0,2,3,4,1;r15=1,2,0;r16=0,1,3,2,4;r17=1,2,0;r18=0,1,2;r19=0,2,1;r20=0,2,1;r21=1,2,0;r22=0,1,2,4,3;r23=0,1,3,4,7,2,6,5;r24=1,4,2,5,6,0,7,3;r25=2,3,1,0;r26=1,2,0;r27=1,2,6,7,4,8,3,5,0;r28=1,3,2,0;r29=0,1,2;r30=6,7,4,1,5,2,3,0;r31=5,7,1,4,0,6,2,3;r32=1,4,2,3,5,0;r33=1,4,5,2,3,0;r34=2,4,1,0,5,3",305.598349701,69703.00,3,31.377968,match
sample_0046,sample,"r0=1,3,0,2;r1=2,3,1,0;r2=0,1,2;r3=0,2,1;r4=1,2,0;r5=1,2,0;r6=0,2,3,1;r7=0,2,1;r8=1,2,0;r9=0,2,1;r10=1,3,0,2;r11=0,1,3,2;r12=0,1,2;r13=1,5,4,0,3,2;r14=0,1,3,4,2;r15=1,2,0;r16=0,1,3,4,2;r17=0,1,2;r18=0,1,2;r19=0,1,2;r20=0,2,1;r21=1,2,0;r22=2,3,1,0,4;r23=2,5,6,1,0,7,4,3;r24=2,5,3,6,1,0,7,4;r25=0,1,3,2;r26=1,2,0;r27=3,4,2,1,7,8,0,5,6;r28=1,2,0,3;r29=1,2,0;r30=3,4,2,1,6,5,0,7;r31=2,5,7,3,1,0,6,4;r32=2,4,3,1,5,0;r33=2,4,1,3,0,5;r34=0,1,4,2,3,5",570.079116700,83426.15,3,58.534099,match
sample_0047,sample,"r0=2,3,0,1;r1=2,3,0,1;r2=0,2,1;r3=0,1,2;r4=0,2,1;r5=0,1,2;r6=1,3,0,2;r7=1,2,0;r8=0,2,1;r9=0,2,1;r10=1,2,0,3;r11=1,3,2,0;r12=1,2,0;r13=2,5,4,1,3,0;r14=2,4,0,3,1;r15=0,1,2;r16=1,3,4,0,2;r17=0,1,2;r18=0,1,2;r19=0,2,1;r20=0,2,1;r21=1,2,0;r22=1,2,0,3,4;r23=3,4,1,2,5,6,7,0;r24=4,7,1,0,6,5,2,3;r25=0,1,2,3;r26=1,2,0;r27=5,7,4,6,1,2,8,0,3;r28=1,2,3,0;r29=1,2,0;r30=1,5,2,6,7,3,4,0;r31=5,7,2,4,3,6,1,0;r32=0,1,4,5,2,3;r33=2,4,1,5,3,0;r34=2,4,3,1,0,5",373.393662027,49383.50,3,38.338997,match
sample_0048,sample,"r0=1,2,0,3;r1=1,3,0,2;r2=0,2,1;r3=0,1,2;r4=0,2,1;r5=0,2,1;r6=0,2,1,3;r7=0,1,2;r8=0,2,1;r9=0,2,1;r10=0,1,3,2;r11=0,1,3,2;r12=0,1,2;r13=1,2,4,3,5,0;r14=0,1,3,2,4;r15=1,2,0;r16=1,2,0,3,4;r17=0,1,2;r18=1,2,0;r19=1,2,0;r20=0,1,2;r21=1,2,0;r22=1,2,0,3,4;r23=1,2,3,5,6,0,7,4;r24=1,2,4,5,3,0,7,6;r25=2,3,1,0;r26=0,1,2;r27=7,8,5,6,4,1,3,0,2;r28=1,2,3,0;r29=0,1,2;r30=3,4,2,1,7,6,0,5;r31=2,6,1,7,4,5,0,3;r32=2,4,3,1,5,0;r33=2,4,5,1,3,0;r34=1,2,4,3,5,0",TIMEOUT,248392.70,0,N/A,TIMEOUT
sample_0049,sample,"r0=1,2,3,0;r1=1,3,2,0;r2=0,2,1;r3=1,2,0;r4=0,2,1;r5=0,1,2;r6=1,3,0,2;r7=0,1,2;r8=0,2,1;r9=0,2,1;r10=2,3,1,0;r11=0,1,3,2;r12=0,2,1;r13=3,5,1,4,2,0;r14=0,4,1,2,3;r15=1,2,0;r16=2,3,4,1,0;r17=1,2,0;r18=1,2,0;r19=1,2,0;r20=0,2,1;r21=0,1,2;r22=1,2,3,0,4;r23=5,6,2,7,1,0,3,4;r24=2,5,3,1,6,4,0,7;r25=0,1,3,2;r26=1,2,0;r27=1,2,5,3,7,0,8,6,4;r28=1,3,2,0;r29=1,2,0;r30=2,6,3,1,7,4,0,5;r31=5,7,6,4,3,2,1,0;r32=1,2,0,3,4,5;r33=2,4,5,1,0,3;r34=2,3,4,1,0,5",TIMEOUT,249178.32,0,N/A,TIMEOUT
sample_0050,sample,"r0=0,1,3,2;r1=0,3,1,2;r2=0,1,2;r3=0,1,2;r4=0,2,1;r5=0,2,1;r6=1,3,0,2;r7=0,1,2;r8=0,2,1;r9=0,1,2;r10=0,1,3,2;r11=2,3,1,0;r12=0,2,1;r13=1,4,3,5,2,0;r14=0,1,2,3,4;r15=1,2,0;r16=0,1,3,2,4;r17=1,2,0;r18=1,2,0;r19=0,1,2;r20=0,2,1;r21=0,1,2;r22=1,4,0,3,2;r23=1,2,5,6,0,7,3,4;r24=0,1,2,5,4,3,6,7;r25=1,2,0,3;r26=0,1,2;r27=7,8,5,2,4,6,1,3,0;r28=1,3,2,0;r29=1,2,0;r30=1,5,7,0,4,3,2,6;r31=1,5,6,2,3,0,7,4;r32=0,1,2,4,5,3;r33=1,4,0,2,3,5;r34=4,5,2,3,1,0",TIMEOUT,249251.63,0,N/A,TIMEOUT
sample_0051,sample,"r0=1,2,3,0;r1=2,3,1,0;r2=0,1,2;r3=1,2,0;r4=0,2,1;r5=0,2,1;r6=1,3,2,0;r7=0,1,2;r8=0,1,2;r9=0,1,2;r10=1,2,0,3;r11=0,1,3,2;r12=0,1,2;r13=2,4,3,5,1,0;r14=0,4,3,2,1;r15=1,2,0;r16=1,2,0,3,4;r17=1,2,0;r18=0,1,2;r19=0,2,1;r20=0,1,2;r21=0,1,2;r22=1,2,3,4,0;r23=1,3,4,7,2,5,0,6;r24=2,5,6,1,7,4,0,3;r25=2,3,1,0;r26=1,2,0;r27=1,2,5,7,8,4,3,6,0;r28=0,1,2,3;r29=1,2,0;r30=6,7,4,2,3,5,1,0;r31=5,7,4,1,6,3,2,0;r32=0,1,2,4,3,5;r33=2,4,1,5,0,3;r34=2,3,1,4,5,0",N/A,N/A,0,N/A,FAIL
sample_0052,sample,"r0=1,3,2,0;r1=0,2,3,1;r2=1,2,0;r3=0,1,2;r4=0,2,1;r5=0,2,1;r6=0,1,2,3;r7=1,2,0;r8=0,2,1;r9=0,1,2;r10=1,3,0,2;r11=1,2,3,0;r12=0,1,2;r13=3,5,1,2,0,4;r14=0,4,2,3,1;r15=0,1,2;r16=3,4,1,2,0;r17=1,2,0;r18=0,1,2;r19=1,2,0;r20=0,1,2;r21=1,2,0;r22=1,4,3,2,0;r23=0,1,3,2,5,6,4,7;r24=2,5,6,1,7,0,3,4;r25=1,2,3,0;r26=1,2,0;r27=2,3,6,7,8,1,4,5,0;r28=1,3,2,0;r29=0,1,2;r30=2,6,1,5,0,7,3,4;r31=1,2,5,0,6,3,4,7;r32=1,4,2,0,5,3;r33=1,2,4,3,5,0;r34=2,4,5,1,3,0",TIMEOUT,248425.68,0,N/A,TIMEOUT
sample_0053,sample,"r0=2,3,0,1;r1=2,3,0,1;r2=0,1,2;r3=1,2,0;r4=1,2,0;r5=0,2,1;r6=0,2,1,3;r7=0,1,2;r8=0,2,1;r9=1,2,0;r10=1,2,0,3;r11=2,3,1,0;r12=1,2,0;r13=1,2,5,3,0,4;r14=2,4,0,1,3;r15=1,2,0;r16=3,4,1,0,2;r17=0,1,2;r18=0,1,2;r19=0,1,2;r20=0,2,1;r21=0,1,2;r22=1,2,4,3,0;r23=1,2,5,3,4,6,7,0;r24=0,1,4,2,5,3,6,7;r25=2,3,1,0;r26=0,1,2;r27=1,2,3,5,7,0,6,4,8;r28=1,2,0,3;r29=1,2,0;r30=5,7,1,6,4,3,2,0;r31=2,6,7,3,4,1,5,0;r32=4,5,2,1,3,0;r33=2,3,4,1,5,0;r34=2,3,1,0,4,5",TIMEOUT,248980.50,0,N/A,TIMEOUT
sample_0054,sample,"r0=0,3,1,2;r1=0,1,2,3;r2=1,2,0;r3=0,1,2;r4=0,2,1;r5=0,2,1;r6=0,1,2,3;r7=1,2,0;r8=0,2,1;r9=0,2,1;r10=0,1,2,3;r11=2,3,1,0;r12=0,2,1;r13=1,5,3,2,4,0;r14=0,3,1,2,4;r15=1,2,0;r16=2,3,1,0,4;r17=1,2,0;r18=0,1,2;r19=0,2,1;r20=0,2,1;r21=1,2,0;r22=2,3,1,0,4;r23=1,3,0,4,2,5,6,7;r24=5,6,2,3,1,0,7,4;r25=0,1,2,3;r26=1,2,0;r27=1,2,6,7,8,3,4,5,0;r28=1,2,3,0;r29=0,1,2;r30=5,7,6,1,0,4,2,3;r31=2,5,1,3,4,0,7,6;r32=1,4,0,5,2,3;r33=1,2,0,3,4,5;r34=0,1,4,5,2,3",375.924395282,46931.62,3,38.598846,match
sample_0055,sample,"r0=0,3,2,1;r1=2,3,0,1;r2=0,2,1;r3=0,2,1;r4=0,2,1;r5=1,2,0;r6=2,3,1,0;r7=0,2,1;r8=0,1,2;r9=1,2,0;r10=1,2,3,0;r11=1,2,0,3;r12=0,2,1;r13=0,1,3,5,2,4;r14=0,4,3,2,1;r15=1,2,0;r16=2,3,1,4,0;r17=1,2,0;r18=0,1,2;r19=0,1,2;r20=0,2,1;r21=1,2,0;r22=2,3,1,0,4;r23=5,6,2,7,1,0,3,4;r24=4,7,6,1,0,2,3,5;r25=1,3,2,0;r26=0,1,2;r27=1,2,0,6,3,5,4,7,8;r28=0,1,3,2;r29=1,2,0;r30=1,2,0,3,6,4,5,7;r31=1,5,2,6,3,4,7,0;r32=0,1,4,2,5,3;r33=1,2,4,3,5,0;r34=4,5,1,2,0,3",366.477366383,71815.70,3,37.628852,match
sample_0056,sample,"r0=2,3,0,1;r1=0,3,2,1;r2=0,2,1;r3=0,2,1;r4=1,2,0;r5=0,1,2;r6=1,3,2,0;r7=0,1,2;r8=1,2,0;r9=0,2,1;r10=1,2,0,3;r11=1,2,0,3;r12=0,2,1;r13=0,1,5,2,4,3;r14=0,4,1,2,3;r15=0,1,2;r16=3,4,1,2,0;r17=1,2,0;r18=1,2,0;r19=0,2,1;r20=0,2,1;r21=0,1,2;r22=0,1,4,3,2;r23=0,1,2,5,6,3,7,4;r24=4,7,1,6,0,5,2,3;r25=0,1,3,2;r26=1,2,0;r27=5,7,1,8,0,6,4,3,2;r28=1,2,3,0;r29=0,1,2;r30=2,3,5,1,6,0,4,7;r31=2,3,5,1,4,0,6,7;r32=2,4,5,1,0,3;r33=1,4,5,2,0,3;r34=1,2,4,0,5,3",TIMEOUT,250861.93,0,N/A,TIMEOUT
sample_0057,sample,"r0=1,3,2,0;r1=0,3,1,2;r2=1,2,0;r3=0,2,1;r4=0,1,2;r5=0,1,2;r6=0,2,1,3;r7=0,1,2;r8=0,2,1;r9=0,1,2;r10=1,3,2,0;r11=1,2,3,0;r12=0,1,2;r13=3,5,2,1,0,4;r14=2,4,0,3,1;r15=1,2,0;r16=1,3,4,2,0;r17=0,1,2;r18=1,2,0;r19=0,2,1;r20=0,1,2;r21=0,1,2;r22=1,4,0,3,2;r23=2,5,1,6,7,3,0,4;r24=1,2,5,0,3,6,7,4;r25=0,1,2,3;r26=0,1,2;r27=1,5,7,6,8,4,2,3,0;r28=0,1,3,2;r29=1,2,0;r30=0,1,6,5,2,3,7,4;r31=2,6,1,7,0,4,3,5;r32=2,3,4,5,1,0;r33=2,4,1,0,3,5;r34=1,4,2,3,0,5",TIMEOUT,90434.84,0,N/A,TIMEOUT
sample_0058,sample,"r0=1,2,3,0;r1=1,3,0,2;r2=0,1,2;r3=1,2,0;r4=0,1,2;r5=0,1,2;r6=0,3,1,2;r7=0,2,1;r8=1,2,0;r9=1,2,0;r10=1,2,3,0;r11=1,3,0,2;r12=0,2,1;r13=1,5,2,3,0,4;r14=2,4,0,1,3;r15=0,1,2;r16=1,2,3,0,4;r17=1,2,0;r18=0,1,2;r19=0,2,1;r20=0,2,1;r21=1,2,0;r22=1,2,0,3,4;r23=6,7,5,2,1,0,3,4;r24=5,6,3,2,7,4,1,0;r25=2,3,1,0;r26=0,1,2;r27=1,5,7,4,2,6,0,3,8;r28=1,2,3,0;r29=0,1,2;r30=1,5,2,3,7,6,0,4;r31=5,7,2,1,3,6,0,4;r32=1,2,3,0,4,5;r33=1,4,0,2,5,3;r34=1,2,3,4,0,5",TIMEOUT,141106.71,0,N/A,TIMEOUT
sample_0059,sample,"r0=0,2,1,3;r1=0,3,2,1;r2=1,2,0;r3=0,1,2;r4=0,2,1;r5=1,2,0;r6=0,3,1,2;r7=0,1,2;r8=0,2,1;r9=0,1,2;r10=1,3,2,0;r11=1,3,0,2;r12=0,2,1;r13=1,2,3,4,0,5;r14=0,4,2,1,3;r15=1,2,0;r16=3,4,2,1,0;r17=0,1,2;r18=0,1,2;r19=1,2,0;r20=0,1,2;r21=0,1,2;r22=3,4,2,1,0;r23=3,4,1,7,2,5,0,6;r24=4,7,1,2,3,6,0,5;r25=1,3,0,2;r26=1,2,0;r27=5,7,4,8,2,1,3,6,0;r28=0,1,2,3;r29=0,1,2;r30=1,2,5,7,3,0,4,6;r31=1,2,3,0,5,4,6,7;r32=2,4,1,5,3,0;r33=4,5,1,2,0,3;r34=2,4,1,0,3,5",TIMEOUT,249921.36,0,N/A,TIMEOUT
sample_0060,sample,"r0=0,3,1,2;r1=2,3,0,1;r2=0,1,2;r3=1,2,0;r4=0,2,1;r5=1,2,0;r6=2,3,0,1;r7=0,1,2;r8=0,2,1;r9=1,2,0;r10=1,3,0,2;r11=1,2,0,3;r12=1,2,0;r13=1,4,0,5,3,2;r14=0,3,2,4,1;r15=0,1,2;r16=2,3,1,0,4;r17=1,2,0;r18=1,2,0;r19=0,1,2;r20=0,1,2;r21=0,1,2;r22=1,4,3,0,2;r23=1,3,4,7,2,0,5,6;r24=2,3,1,5,4,7,6,0;r25=1,2,3,0;r26=0,1,2;r27=2,6,5,1,3,4,7,8,0;r28=1,3,0,2;r29=0,1,2;r30=2,5,3,1,7,4,0,6;r31=2,5,3,6,7,4,1,0;r32=2,4,5,1,3,0;r33=1,4,2,0,5,3;r34=1,4,2,5,0,3",TIMEOUT,22590.12,0,N/A,TIMEOUT
sample_0061,sample,"r0=0,2,1,3;r1=0,3,2,1;r2=1,2,0;r3=1,2,0;r4=0,1,2;r5=0,2,1;r6=0,2,3,1;r7=0,2,1;r8=0,1,2;r9=0,2,1;r10=1,2,3,0;r11=0,1,3,2;r12=0,1,2;r13=1,2,0,3,4,5;r14=0,1,2,4,3;r15=1,2,0;r16=2,3,1,0,4;r17=1,2,0;r18=0,1,2;r19=0,1,2;r20=0,2,1;r21=1,2,0;r22=1,2,3,0,4;r23=4,7,6,5,2,3,1,0;r24=1,2,4,3,0,5,7,6;r25=1,2,3,0;r26=1,2,0;r27=5,7,1,2,3,0,4,6,8;r28=1,2,0,3;r29=1,2,0;r30=0,1,6,2,3,7,4,5;r31=1,2,6,3,0,5,4,7;r32=1,4,2,5,0,3;r33=2,3,1,4,5,0;r34=1,4,5,2,3,0",TIMEOUT,250052.19,0,N/A,TIMEOUT
sample_0062,sample,"r0=0,2,3,1;r1=0,2,3,1;r2=1,2,0;r3=0,2,1;r4=0,1,2;r5=0,1,2;r6=0,3,1,2;r7=0,2,1;r8=1,2,0;r9=1,2,0;r10=1,3,2,0;r11=1,2,3,0;r12=0,2,1;r13=2,4,1,5,3,0;r14=0,1,2,3,4;r15=0,1,2;r16=2,3,1,4,0;r17=0,1,2;r18=1,2,0;r19=1,2,0;r20=0,2,1;r21=1,2,0;r22=1,4,0,3,2;r23=0,1,3,2,5,6,7,4;r24=1,4,2,7,6,5,0,3;r25=0,1,2,3;r26=0,1,2;r27=2,6,7,5,1,0,8,4,3;r28=1,3,0,2;r29=1,2,0;r30=1,2,5,3,6,4,7,0;r31=2,6,5,3,4,1,0,7;r32=2,3,1,4,5,0;r33=1,4,5,2,0,3;r34=4,5,1,0,2,3",TIMEOUT,250152.16,0,N/A,TIMEOUT
sample_0063,sample,"r0=1,3,0,2;r1=0,3,1,2;r2=1,2,0;r3=1,2,0;r4=1,2,0;r5=0,1,2;r6=0,2,1,3;r7=0,1,2;r8=0,2,1;r9=0,2,1;r10=2,3,1,0;r11=1,2,0,3;r12=1,2,0;r13=1,4,5,2,3,0;r14=1,3,0,2,4;r15=0,1,2;r16=1,3,0,2,4;r17=1,2,0;r18=0,1,2;r19=0,1,2;r20=0,1,2;r21=0,1,2;r22=1,4,0,2,3;r23=5,6,2,7,1,0,4,3;r24=2,3,1,4,7,6,5,0;r25=1,3,0,2;r26=1,2,0;r27=1,6,0,7,2,5,3,4,8;r28=1,3,0,2;r29=0,1,2;r30=2,5,6,3,4,1,7,0;r31=6,7,5,4,3,2,1,0;r32=1,4,0,5,2,3;r33=1,2,3,4,0,5;r34=1,4,2,5,0,3",TIMEOUT,251351.43,0,N/A,TIMEOUT
sample_0064,sample,"r0=1,3,2,0;r1=2,3,1,0;r2=0,2,1;r3=1,2,0;r4=0,2,1;r5=1,2,0;r6=1,3,0,2;r7=1,2,0;r8=0,2,1;r9=1,2,0;r10=1,3,0,2;r11=1,2,0,3;r12=0,2,1;r13=0,1,2,5,3,4;r14=0,2,4,3,1;r15=1,2,0;r16=1,2,0,3,4;r17=1,2,0;r18=1,2,0;r19=1,2,0;r20=0,1,2;r21=1,2,0;r22=1,2,4,0,3;r23=3,4,7,1,2,5,0,6;r24=5,6,2,1,3,0,4,7;r25=2,3,1,0;r26=0,1,2;r27=7,8,5,6,4,2,3,1,0;r28=0,1,2,3;r29=1,2,0;r30=1,6,0,7,2,5,3,4;r31=5,7,2,3,6,4,1,0;r32=2,4,1,5,0,3;r33=2,4,5,1,3,0;r34=2,4,1,3,5,0",TIMEOUT,250204.81,0,N/A,TIMEOUT
sample_0065,sample,"r0=1,2,0,3;r1=0,2,1,3;r2=1,2,0;r3=0,1,2;r4=0,1,2;r5=1,2,0;r6=2,3,1,0;r7=0,1,2;r8=0,1,2;r9=0,1,2;r10=1,2,3,0;r11=1,2,0,3;r12=0,2,1;r13=1,2,4,3,0,5;r14=0,3,1,4,2;r15=0,1,2;r16=2,3,1,4,0;r17=1,2,0;r18=0,1,2;r19=1,2,0;r20=0,1,2;r21=0,1,2;r22=2,3,1,4,0;r23=1,3,2,4,7,6,0,5;r24=3,5,2,1,0,4,7,6;r25=1,2,3,0;r26=1,2,0;r27=2,6,1,0,7,4,8,3,5;r28=0,1,3,2;r29=1,2,0;r30=5,7,4,1,2,6,3,0;r31=2,5,7,4,3,1,0,6;r32=2,3,4,1,5,0;r33=1,4,2,0,5,3;r34=2,4,3,1,5,0",TIMEOUT,250272.70,0,N/A,TIMEOUT
sample_0066,sample,"r0=2,3,1,0;r1=2,3,0,1;r2=1,2,0;r3=1,2,0;r4=0,2,1;r5=1,2,0;r6=1,2,3,0;r7=0,1,2;r8=0,1,2;r9=0,2,1;r10=1,3,0,2;r11=1,2,0,3;r12=0,1,2;r13=1,4,0,5,2,3;r14=1,3,0,2,4;r15=1,2,0;r16=1,3,0,2,4;r17=1,2,0;r18=1,2,0;r19=0,2,1;r20=0,2,1;r21=1,2,0;r22=1,2,4,3,0;r23=1,2,3,4,5,6,0,7;r24=2,5,1,6,0,7,3,4;r25=1,3,2,0;r26=1,2,0;r27=4,7,3,2,1,6,5,0,8;r28=1,2,0,3;r29=0,1,2;r30=2,5,1,0,6,7,4,3;r31=1,2,0,6,5,7,3,4;r32=1,4,0,2,3,5;r33=2,4,5,1,0,3;r34=0,1,4,5,2,3",TIMEOUT,152862.00,0,N/A,TIMEOUT
sample_0067,sample,"r0=0,3,2,1;r1=1,2,3,0;r2=1,2,0;r3=0,2,1;r4=1,2,0;r5=0,2,1;r6=0,2,3,1;r7=0,1,2;r8=1,2,0;r9=0,2,1;r10=1,3,0,2;r11=1,3,2,0;r12=0,2,1;r13=1,2,3,5,4,0;r14=0,1,3,4,2;r15=0,1,2;r16=1,3,0,4,2;r17=0,1,2;r18=0,1,2;r19=1,2,0;r20=0,1,2;r21=0,1,2;r22=0,1,4,3,2;r23=1,3,4,7,0,6,5,2;r24=1,4,2,0,5,6,3,7;r25=1,3,2,0;r26=1,2,0;r27=1,5,2,7,3,6,4,8,0;r28=1,3,2,0;r29=0,1,2;r30=0,1,2,5,3,6,7,4;r31=5,7,6,2,3,1,0,4;r32=1,2,3,4,0,5;r33=1,4,2,5,3,0;r34=2,4,1,5,3,0",TIMEOUT,249778.31,0,N/A,TIMEOUT
sample_0068,sample,"r0=1,2,3,0;r1=1,2,3,0;r2=1,2,0;r3=0,1,2;r4=0,2,1;r5=0,2,1;r6=0,3,1,2;r7=1,2,0;r8=0,1,2;r9=0,1,2;r10=1,3,2,0;r11=1,3,0,2;r12=0,1,2;r13=2,4,1,5,0,3;r14=0,4,3,2,1;r15=0,1,2;r16=1,2,3,4,0;r17=1,2,0;r18=0,1,2;r19=0,1,2;r20=0,2,1;r21=1,2,0;r22=1,2,0,4,3;r23=4,7,6,3,1,5,0,2;r24=6,7,4,1,2,5,0,3;r25=1,2,0,3;r26=0,1,2;r27=0,1,5,2,7,3,8,4,6;r28=1,2,0,3;r29=0,1,2;r30=2,5,7,1,4,0,3,6;r31=2,3,6,5,7,1,0,4;r32=1,4,5,2,3,0;r33=2,4,1,5,3,0;r34=2,3,4,1,5,0",TIMEOUT,35412.46,0,N/A,TIMEOUT
sample_0069,sample,"r0=1,3,0,2;r1=1,2,3,0;r2=0,1,2;r3=1,2,0;r4=0,2,1;r5=0,2,1;r6=0,2,3,1;r7=0,1,2;r8=0,2,1;r9=0,1,2;r10=1,3,2,0;r11=1,2,3,0;r12=1,2,0;r13=1,3,4,5,2,0;r14=0,4,3,1,2;r15=0,1,2;r16=0,1,2,3,4;r17=1,2,0;r18=1,2,0;r19=1,2,0;r20=0,1,2;r21=0,1,2;r22=3,4,1,0,2;r23=6,7,4,3,1,5,0,2;r24=2,5,6,1,7,4,0,3;r25=1,2,3,0;r26=1,2,0;r27=5,7,1,6,4,3,2,8,0;r28=1,2,0,3;r29=0,1,2;r30=2,6,7,4,1,5,3,0;r31=1,2,6,5,0,3,4,7;r32=1,2,3,4,5,0;r33=1,2,0,4,5,3;r34=2,3,1,0,4,5",TIMEOUT,247573.29,0,N/A,TIMEOUT
sample_0070,sample,"r0=0,3,2,1;r1=0,2,3,1;r2=0,1,2;r3=0,2,1;r4=0,2,1;r5=0,1,2;r6=1,2,3,0;r7=0,2,1;r8=0,2,1;r9=0,2,1;r10=1,3,0,2;r11=1,3,2,0;r12=1,2,0;r13=0,1,2,4,3,5;r14=0,2,3,1,4;r15=1,2,0;r16=1,3,0,4,2;r17=0,1,2;r18=0,1,2;r19=0,2,1;r20=0,2,1;r21=0,1,2;r22=1,4,2,0,3;r23=3,4,7,6,5,1,0,2;r24=2,3,5,1,6,4,0,7;r25=1,3,2,0;r26=1,2,0;r27=6,7,8,2,4,3,1,0,5;r28=0,1,2,3;r29=1,2,0;r30=2,6,3,1,0,7,5,4;r31=1,6,7,5,4,0,2,3;r32=1,2,4,3,0,5;r33=1,2,0,4,5,3;r34=2,3,1,0,4,5",TIMEOUT,173066.74,0,N/A,TIMEOUT
sample_0071,sample,"r0=0,2,1,3;r1=1,2,3,0;r2=1,2,0;r3=1,2,0;r4=0,2,1;r5=0,2,1;r6=2,3,1,0;r7=1,2,0;r8=0,2,1;r9=1,2,0;r10=2,3,1,0;r11=1,3,2,0;r12=0,1,2;r13=1,3,4,2,5,0;r14=0,4,2,3,1;r15=0,1,2;r16=3,4,1,2,0;r17=1,2,0;r18=1,2,0;r19=0,1,2;r20=0,1,2;r21=0,1,2;r22=2,3,1,4,0;r23=6,7,5,4,3,1,2,0;r24=2,3,5,1,6,7,4,0;r25=0,1,3,2;r26=0,1,2;r27=1,6,2,7,3,5,0,8,4;r28=1,2,0,3;r29=1,2,0;r30=1,5,2,0,6,3,4,7;r31=1,6,7,0,4,5,3,2;r32=2,4,5,1,0,3;r33=2,4,1,0,5,3;r34=2,3,1,4,0,5",TIMEOUT,248796.16,0,N/A,TIMEOUT
sample_0072,sample,"r0=0,1,3,2;r1=1,3,0,2;r2=0,2,1;r3=0,1,2;r4=0,2,1;r5=0,1,2;r6=1,3,0,2;r7=0,2,1;r8=0,2,1;r9=1,2,0;r10=0,1,2,3;r11=1,3,0,2;r12=0,2,1;r13=3,5,1,4,0,2;r14=1,3,0,4,2;r15=1,2,0;r16=0,1,2,3,4;r17=1,2,0;r18=1,2,0;r19=0,1,2;r20=0,1,2;r21=0,1,2;r22=0,1,2,4,3;r23=1,3,4,7,2,6,0,5;r24=1,4,2,3,5,0,6,7;r25=1,3,2,0;r26=0,1,2;r27=5,7,2,8,1,6,0,4,3;r28=0,1,2,3;r29=0,1,2;r30=5,6,1,2,7,3,4,0;r31=0,1,6,7,5,4,3,2;r32=1,4,0,2,3,5;r33=1,4,2,5,3,0;r34=1,2,3,4,5,0",TIMEOUT,250238.15,0,N/A,TIMEOUT
sample_0073,sample,"r0=0,2,1,3;r1=2,3,0,1;r2=1,2,0;r3=1,2,0;r4=0,2,1;r5=0,2,1;r6=1,2,0,3;r7=0,2,1;r8=0,2,1;r9=0,2,1;r10=0,1,2,3;r11=1,3,2,0;r12=1,2,0;r13=2,4,3,1,0,5;r14=0,1,4,2,3;r15=1,2,0;r16=1,2,0,3,4;r17=0,1,2;r18=1,2,0;r19=1,2,0;r20=0,1,2;r21=0,1,2;r22=0,1,2,3,4;r23=4,7,6,3,5,2,1,0;r24=0,1,2,4,7,6,5,3;r25=1,2,0,3;r26=1,2,0;r27=6,7,5,2,1,3,0,8,4;r28=1,3,2,0;r29=1,2,0;r30=5,7,4,1,2,0,3,6;r31=2,6,3,7,1,5,4,0;r32=4,5,2,1,3,0;r33=1,2,4,3,0,5;r34=1,2,4,3,5,0",TIMEOUT,249256.60,0,N/A,TIMEOUT
sample_0074,sample,"r0=1,2,3,0;r1=0,3,2,1;r2=0,1,2;r3=0,2,1;r4=0,1,2;r5=1,2,0;r6=0,1,3,2;r7=0,1,2;r8=1,2,0;r9=0,2,1;r10=1,3,0,2;r11=2,3,1,0;r12=0,1,2;r13=1,3,4,0,5,2;r14=0,2,1,3,4;r15=0,1,2;r16=1,2,0,3,4;r17=0,1,2;r18=1,2,0;r19=1,2,0;r20=0,1,2;r21=0,1,2;r22=0,1,2,4,3;r23=1,3,4,2,7,5,6,0;r24=1,4,7,6,0,5,3,2;r25=0,1,3,2;r26=0,1,2;r27=1,2,5,7,0,4,3,6,8;r28=0,1,3,2;r29=1,2,0;r30=2,3,1,5,4,0,7,6;r31=6,7,2,1,3,0,5,4;r32=1,4,0,5,2,3;r33=2,4,1,0,3,5;r34=2,4,1,3,0,5",TIMEOUT,249616.64,0,N/A,TIMEOUT
sample_0075,sample,"r0=2,3,0,1;r1=0,3,2,1;r2=0,1,2;r3=0,2,1;r4=0,1,2;r5=1,2,0;r6=1,3,0,2;r7=0,1,2;r8=0,2,1;r9=0,2,1;r10=1,2,0,3;r11=0,1,2,3;r12=1,2,0;r13=2,5,3,1,4,0;r14=0,4,3,2,1;r15=0,1,2;r16=2,3,1,4,0;r17=1,2,0;r18=0,1,2;r19=0,2,1;r20=0,2,1;r21=1,2,0;r22=1,4,2,3,0;r23=1,3,4,7,0,2,6,5;r24=1,2,4,0,5,6,3,7;r25=1,2,0,3;r26=1,2,0;r27=1,6,7,2,0,3,8,4,5;r28=1,3,0,2;r29=1,2,0;r30=2,3,1,6,4,7,5,0;r31=2,3,1,0,6,4,7,5;r32=1,4,0,2,5,3;r33=2,4,5,1,0,3;r34=1,2,3,0,4,5",358.125120832,33694.48,3,36.771267,match
sample_0076,sample,"r0=1,2,3,0;r1=0,1,2,3;r2=1,2,0;r3=0,2,1;r4=0,2,1;r5=1,2,0;r6=1,3,0,2;r7=0,1,2;r8=0,2,1;r9=0,1,2;r10=1,2,0,3;r11=0,1,3,2;r12=0,2,1;r13=3,4,5,1,0,2;r14=0,1,3,2,4;r15=1,2,0;r16=1,3,4,2,0;r17=0,1,2;r18=0,1,2;r19=0,1,2;r20=0,2,1;r21=1,2,0;r22=3,4,2,1,0;r23=3,4,1,2,7,5,0,6;r24=2,5,3,1,6,0,4,7;r25=0,1,2,3;r26=0,1,2;r27=1,6,7,2,5,0,4,3,8;r28=1,3,0,2;r29=0,1,2;r30=5,6,2,1,7,0,4,3;r31=1,6,7,2,3,4,5,0;r32=1,4,2,0,3,5;r33=1,4,0,2,5,3;r34=0,1,2,3,4,5",528.559683171,77466.66,3,N/A,match
sample_0077,sample,"r0=0,2,3,1;r1=0,2,3,1;r2=1,2,0;r3=0,1,2;r4=1,2,0;r5=0,2,1;r6=0,2,3,1;r7=1,2,0;r8=1,2,0;r9=1,2,0;r10=0,1,3,2;r11=1,2,3,0;r12=0,1,2;r13=2,4,5,1,0,3;r14=0,2,4,1,3;r15=1,2,0;r16=2,3,1,0,4;r17=1,2,0;r18=1,2,0;r19=0,2,1;r20=0,2,1;r21=1,2,0;r22=2,3,1,0,4;r23=6,7,5,2,1,3,0,4;r24=2,3,5,1,4,6,7,0;r25=1,2,3,0;r26=0,1,2;r27=7,8,6,1,0,5,2,4,3;r28=1,2,3,0;r29=1,2,0;r30=1,6,7,0,2,4,3,5;r31=2,6,3,1,7,0,4,5;r32=1,4,0,5,2,3;r33=1,4,2,5,3,0;r34=0,1,2,4,5,3",TIMEOUT,42269.60,0,N/A,TIMEOUT
sample_0078,sample,"r0=1,3,2,0;r1=0,2,3,1;r2=1,2,0;r3=0,1,2;r4=0,1,2;r5=0,2,1;r6=1,3,0,2;r7=1,2,0;r8=1,2,0;r9=1,2,0;r10=1,2,3,0;r11=1,2,0,3;r12=0,1,2;r13=1,3,0,4,2,5;r14=0,2,4,1,3;r15=0,1,2;r16=2,3,1,0,4;r17=0,1,2;r18=1,2,0;r19=1,2,0;r20=0,2,1;r21=1,2,0;r22=1,4,3,2,0;r23=4,7,3,6,1,0,2,5;r24=2,5,6,3,1,0,7,4;r25=1,3,2,0;r26=1,2,0;r27=5,6,1,0,2,7,8,4,3;r28=0,1,3,2;r29=1,2,0;r30=1,6,0,5,7,4,3,2;r31=1,5,6,2,7,4,3,0;r32=2,4,5,1,3,0;r33=2,3,4,1,5,0;r34=2,3,1,4,0,5",TIMEOUT,249741.26,0,N/A,TIMEOUT
sample_0079,sample,"r0=0,2,1,3;r1=1,3,0,2;r2=1,2,0;r3=0,1,2;r4=1,2,0;r5=0,1,2;r6=0,1,3,2;r7=1,2,0;r8=0,1,2;r9=0,1,2;r10=1,2,3,0;r11=0,1,3,2;r12=1,2,0;r13=1,3,2,5,4,0;r14=0,1,3,2,4;r15=0,1,2;r16=0,1,2,3,4;r17=0,1,2;r18=1,2,0;r19=0,2,1;r20=0,1,2;r21=1,2,0;r22=3,4,2,1,0;r23=2,5,1,6,0,3,7,4;r24=0,1,2,4,5,7,3,6;r25=0,1,2,3;r26=1,2,0;r27=0,1,5,6,7,8,4,2,3;r28=0,1,2,3;r29=1,2,0;r30=5,7,4,1,6,3,0,2;r31=2,3,6,7,4,1,0,5;r32=0,1,2,4,3,5;r33=2,3,1,4,5,0;r34=4,5,2,1,3,0",TIMEOUT,155080.34,0,N/A,TIMEOUT
sample_0080,sample,"r0=2,3,1,0;r1=2,3,0,1;r2=0,2,1;r3=0,1,2;r4=0,1,2;r5=0,1,2;r6=1,3,0,2;r7=0,1,2;r8=0,1,2;r9=0,1,2;r10=1,3,0,2;r11=1,3,0,2;r12=0,2,1;r13=1,4,5,0,2,3;r14=0,2,3,1,4;r15=1,2,0;r16=0,1,3,4,2;r17=1,2,0;r18=1,2,0;r19=0,2,1;r20=0,1,2;r21=0,1,2;r22=1,2,4,3,0;r23=3,4,7,6,1,5,2,0;r24=5,6,3,2,7,1,4,0;r25=2,3,1,0;r26=0,1,2;r27=6,7,4,2,1,0,5,8,3;r28=1,3,2,0;r29=0,1,2;r30=1,2,6,3,5,7,0,4;r31=3,4,2,1,0,5,6,7;r32=1,4,2,3,5,0;r33=1,4,2,3,5,0;r34=2,3,4,5,1,0",553.529037547,60752.31,3,N/A,match
sample_0081,sample,"r0=1,2,3,0;r1=0,1,2,3;r2=1,2,0;r3=0,1,2;r4=1,2,0;r5=0,1,2;r6=0,1,3,2;r7=0,2,1;r8=0,2,1;r9=1,2,0;r10=2,3,1,0;r11=1,2,0,3;r12=1,2,0;r13=1,2,0,3,4,5;r14=0,3,4,1,2;r15=0,1,2;r16=1,3,0,4,2;r17=0,1,2;r18=1,2,0;r19=0,2,1;r20=0,1,2;r21=0,1,2;r22=3,4,2,1,0;r23=1,3,0,4,7,6,5,2;r24=6,7,5,2,3,1,4,0;r25=1,3,0,2;r26=0,1,2;r27=1,6,7,0,2,4,8,3,5;r28=1,2,0,3;r29=0,1,2;r30=1,6,7,2,0,4,3,5;r31=6,7,2,5,1,4,0,3;r32=1,2,3,0,4,5;r33=4,5,1,0,2,3;r34=4,5,2,1,3,0",225.661563251,69493.87,3,N/A,match
sample_0082,sample,"r0=2,3,1,0;r1=1,2,0,3;r2=0,1,2;r3=0,2,1;r4=0,1,2;r5=1,2,0;r6=0,2,3,1;r7=1,2,0;r8=0,2,1;r9=1,2,0;r10=1,3,0,2;r11=1,2,0,3;r12=0,2,1;r13=4,5,3,1,0,2;r14=0,1,4,2,3;r15=0,1,2;r16=3,4,1,2,0;r17=1,2,0;r18=0,1,2;r19=0,1,2;r20=0,2,1;r21=0,1,2;r22=0,1,4,2,3;r23=1,3,2,5,4,6,0,7;r24=2,5,3,1,6,4,0,7;r25=2,3,1,0;r26=1,2,0;r27=2,6,1,7,5,4,8,0,3;r28=0,1,2,3;r29=1,2,0;r30=4,7,5,6,1,3,2,0;r31=5,6,7,2,1,0,4,3;r32=1,2,4,3,0,5;r33=1,4,2,0,5,3;r34=2,3,4,5,1,0",TIMEOUT,251267.45,0,N/A,TIMEOUT
sample_0083,sample,"r0=1,2,0,3;r1=1,2,0,3;r2=0,1,2;r3=1,2,0;r4=1,2,0;r5=1,2,0;r6=1,2,0,3;r7=0,1,2;r8=1,2,0;r9=0,2,1;r10=2,3,1,0;r11=0,1,3,2;r12=1,2,0;r13=0,1,5,2,3,4;r14=0,1,3,2,4;r15=1,2,0;r16=1,2,3,0,4;r17=1,2,0;r18=0,1,2;r19=1,2,0;r20=0,2,1;r21=1,2,0;r22=1,4,0,3,2;r23=1,2,3,0,5,6,4,7;r24=1,2,0,5,3,6,7,4;r25=0,1,2,3;r26=1,2,0;r27=4,7,6,5,1,8,2,0,3;r28=1,2,0,3;r29=1,2,0;r30=1,2,6,7,4,0,3,5;r31=1,5,2,7,4,6,0,3;r32=0,1,4,5,2,3;r33=1,2,3,4,5,0;r34=1,4,5,0,2,3",TIMEOUT,250214.61,0,N/A,TIMEOUT
sample_0084,sample,"r0=1,2,3,0;r1=1,3,0,2;r2=1,2,0;r3=1,2,0;r4=0,2,1;r5=0,1,2;r6=0,1,2,3;r7=0,1,2;r8=0,2,1;r9=1,2,0;r10=0,1,2,3;r11=1,3,0,2;r12=1,2,0;r13=1,4,2,5,3,0;r14=2,4,0,3,1;r15=1,2,0;r16=0,1,2,3,4;r17=1,2,0;r18=1,2,0;r19=0,2,1;r20=0,1,2;r21=0,1,2;r22=2,3,4,1,0;r23=2,5,6,1,0,7,3,4;r24=1,2,4,3,7,0,6,5;r25=1,3,2,0;r26=1,2,0;r27=1,6,2,7,8,5,4,3,0;r28=0,1,3,2;r29=1,2,0;r30=2,5,1,6,7,3,4,0;r31=2,3,5,6,1,4,7,0;r32=2,3,1,4,0,5;r33=1,2,3,0,4,5;r34=0,1,4,2,5,3",TIMEOUT,64762.32,0,N/A,TIMEOUT
sample_0085,sample,"r0=0,2,1,3;r1=1,2,0,3;r2=0,2,1;r3=0,2,1;r4=0,2,1;r5=0,2,1;r6=0,1,3,2;r7=0,2,1;r8=0,2,1;r9=0,1,2;r10=1,3,2,0;r11=1,3,2,0;r12=0,2,1;r13=2,5,3,4,1,0;r14=0,4,1,3,2;r15=0,1,2;r16=2,3,4,1,0;r17=0,1,2;r18=0,1,2;r19=0,2,1;r20=0,1,2;r21=1,2,0;r22=1,4,0,2,3;r23=5,6,7,4,2,3,1,0;r24=2,5,6,1,0,4,7,3;r25=1,2,3,0;r26=1,2,0;r27=4,7,6,3,1,2,0,5,8;r28=1,2,0,3;r29=1,2,0;r30=6,7,4,1,5,3,0,2;r31=1,5,6,0,7,4,3,2;r32=1,4,0,2,5,3;r33=1,4,0,5,2,3;r34=2,4,1,3,0,5",TIMEOUT,251606.90,0,N/A,TIMEOUT
sample_0086,sample,"r0=2,3,1,0;r1=0,2,3,1;r2=0,2,1;r3=0,2,1;r4=0,1,2;r5=0,2,1;r6=0,3,2,1;r7=0,2,1;r8=1,2,0;r9=1,2,0;r10=1,3,2,0;r11=1,2,3,0;r12=1,2,0;r13=1,3,4,2,0,5;r14=0,2,4,1,3;r15=1,2,0;r16=1,3,2,0,4;r17=1,2,0;r18=1,2,0;r19=0,1,2;r20=0,1,2;r21=0,1,2;r22=3,4,2,1,0;r23=4,7,6,5,3,2,1,0;r24=2,5,1,4,0,7,3,6;r25=0,1,2,3;r26=1,2,0;r27=7,8,5,1,2,3,0,4,6;r28=0,1,3,2;r29=1,2,0;r30=2,5,1,0,7,4,6,3;r31=1,2,5,0,7,4,6,3;r32=4,5,2,1,3,0;r33=4,5,1,2,3,0;r34=4,5,1,2,3,0",TIMEOUT,251928.37,0,N/A,TIMEOUT
sample_0087,sample,"r0=1,2,0,3;r1=2,3,0,1;r2=0,2,1;r3=0,1,2;r4=1,2,0;r5=0,2,1;r6=0,2,3,1;r7=0,2,1;r8=1,2,0;r9=0,1,2;r10=1,3,2,0;r11=1,2,3,0;r12=0,2,1;r13=0,1,5,2,3,4;r14=0,3,2,1,4;r15=1,2,0;r16=2,3,1,0,4;r17=1,2,0;r18=0,1,2;r19=0,2,1;r20=0,1,2;r21=0,1,2;r22=1,2,3,4,0;r23=3,4,7,1,2,5,6,0;r24=3,5,2,1,0,6,7,4;r25=1,2,0,3;r26=0,1,2;r27=6,7,4,1,0,5,2,8,3;r28=1,3,0,2;r29=0,1,2;r30=6,7,1,2,5,0,3,4;r31=2,6,7,4,1,0,3,5;r32=4,5,1,0,2,3;r33=1,4,2,0,3,5;r34=4,5,1,2,3,0",416.458053215,72967.73,3,N/A,match
sample_0088,sample,"r0=1,2,0,3;r1=0,1,3,2;r2=0,1,2;r3=0,1,2;r4=0,2,1;r5=0,1,2;r6=1,3,0,2;r7=1,2,0;r8=1,2,0;r9=1,2,0;r10=1,3,0,2;r11=1,3,2,0;r12=1,2,0;r13=1,3,2,4,0,5;r14=0,3,2,1,4;r15=1,2,0;r16=2,3,1,0,4;r17=1,2,0;r18=0,1,2;r19=0,2,1;r20=0,1,2;r21=1,2,0;r22=0,1,4,3,2;r23=1,3,2,0,5,6,7,4;r24=1,4,7,2,0,5,6,3;r25=0,1,2,3;r26=0,1,2;r27=7,8,6,2,5,4,3,1,0;r28=0,1,3,2;r29=1,2,0;r30=2,5,3,1,6,7,4,0;r31=2,5,7,4,6,1,0,3;r32=1,4,5,2,3,0;r33=4,5,1,2,3,0;r34=1,2,4,0,5,3",TIMEOUT,34478.49,0,N/A,TIMEOUT
sample_0089,sample,"r0=1,3,0,2;r1=1,2,3,0;r2=0,2,1;r3=0,2,1;r4=0,1,2;r5=0,2,1;r6=2,3,1,0;r7=1,2,0;r8=0,2,1;r9=0,2,1;r10=0,1,2,3;r11=1,2,0,3;r12=0,1,2;r13=4,5,1,0,3,2;r14=0,1,3,4,2;r15=0,1,2;r16=1,3,4,0,2;r17=0,1,2;r18=0,1,2;r19=1,2,0;r20=0,1,2;r21=0,1,2;r22=2,3,1,4,0;r23=1,2,3,5,4,7,6,0;r24=1,4,2,0,5,6,3,7;r25=1,3,0,2;r26=1,2,0;r27=5,6,1,2,0,7,3,4,8;r28=0,1,3,2;r29=1,2,0;r30=1,6,2,5,3,0,7,4;r31=1,6,2,5,7,3,4,0;r32=2,4,1,5,0,3;r33=2,4,3,1,0,5;r34=1,4,5,0,2,3",TIMEOUT,250436.58,0,N/A,TIMEOUT
sample_0090,sample,"r0=1,2,0,3;r1=0,1,2,3;r2=1,2,0;r3=1,2,0;r4=0,1,2;r5=0,2,1;r6=1,3,2,0;r7=0,2,1;r8=0,2,1;r9=0,1,2;r10=1,3,2,0;r11=0,1,3,2;r12=0,1,2;r13=1,3,5,4,2,0;r14=1,3,0,2,4;r15=0,1,2;r16=1,2,0,3,4;r17=0,1,2;r18=1,2,0;r19=0,2,1;r20=0,1,2;r21=1,2,0;r22=0,1,4,3,2;r23=1,3,0,2,5,6,4,7;r24=3,5,2,1,4,7,6,0;r25=2,3,1,0;r26=1,2,0;r27=5,7,2,1,8,0,4,6,3;r28=1,3,2,0;r29=1,2,0;r30=6,7,4,2,5,1,0,3;r31=2,6,5,7,1,3,4,0;r32=2,4,1,3,5,0;r33=1,4,2,5,0,3;r34=2,4,1,0,5,3",TIMEOUT,68179.88,0,N/A,TIMEOUT
sample_0091,sample,"r0=0,1,3,2;r1=0,3,2,1;r2=0,2,1;r3=0,2,1;r4=1,2,0;r5=0,1,2;r6=2,3,0,1;r7=1,2,0;r8=0,2,1;r9=1,2,0;r10=1,3,0,2;r11=0,1,2,3;r12=1,2,0;r13=1,2,3,5,0,4;r14=0,2,4,1,3;r15=0,1,2;r16=1,3,0,4,2;r17=1,2,0;r18=0,1,2;r19=0,1,2;r20=0,2,1;r21=0,1,2;r22=2,3,1,0,4;r23=1,3,4,2,5,6,0,7;r24=1,4,7,2,3,0,5,6;r25=1,3,0,2;r26=0,1,2;r27=5,7,6,4,1,2,8,0,3;r28=1,2,3,0;r29=1,2,0;r30=1,6,2,5,7,0,3,4;r31=5,6,7,1,0,2,4,3;r32=2,4,1,5,0,3;r33=2,3,4,1,5,0;r34=2,4,3,5,1,0",TIMEOUT,55784.65,0,N/A,TIMEOUT
sample_0092,sample,"r0=2,3,0,1;r1=0,2,1,3;r2=1,2,0;r3=0,1,2;r4=0,2,1;r5=0,2,1;r6=0,2,1,3;r7=0,1,2;r8=0,2,1;r9=0,2,1;r10=1,3,0,2;r11=0,1,2,3;r12=0,2,1;r13=0,1,2,4,3,5;r14=0,3,2,4,1;r15=0,1,2;r16=1,3,0,2,4;r17=1,2,0;r18=1,2,0;r19=0,2,1;r20=0,2,1;r21=1,2,0;r22=1,4,3,0,2;r23=2,5,1,6,0,7,3,4;r24=1,2,4,3,5,7,6,0;r25=0,1,2,3;r26=0,1,2;r27=2,3,1,6,7,5,0,8,4;r28=1,2,0,3;r29=0,1,2;r30=2,3,6,1,0,7,5,4;r31=2,3,1,0,5,7,4,6;r32=2,3,4,1,5,0;r33=1,4,0,2,3,5;r34=1,2,3,4,0,5",TIMEOUT,183263.61,0,N/A,TIMEOUT
sample_0093,sample,"r0=1,2,3,0;r1=1,3,2,0;r2=1,2,0;r3=0,2,1;r4=1,2,0;r5=1,2,0;r6=0,1,3,2;r7=1,2,0;r8=0,1,2;r9=0,2,1;r10=2,3,1,0;r11=1,3,0,2;r12=0,2,1;r13=2,4,3,1,0,5;r14=2,4,0,1,3;r15=0,1,2;r16=2,3,4,1,0;r17=0,1,2;r18=1,2,0;r19=0,1,2;r20=0,1,2;r21=1,2,0;r22=0,1,2,4,3;r23=2,5,1,0,6,7,3,4;r24=1,2,5,4,3,7,6,0;r25=1,2,0,3;r26=0,1,2;r27=4,7,6,2,5,8,3,1,0;r28=0,1,2,3;r29=0,1,2;r30=1,6,7,2,4,0,5,3;r31=6,7,2,5,3,4,1,0;r32=2,4,3,5,1,0;r33=1,4,2,0,5,3;r34=2,4,5,1,0,3",TIMEOUT,108843.33,0,N/A,TIMEOUT
sample_0094,sample,"r0=1,3,2,0;r1=2,3,0,1;r2=0,2,1;r3=0,1,2;r4=1,2,0;r5=0,1,2;r6=0,2,3,1;r7=0,1,2;r8=0,1,2;r9=1,2,0;r10=1,2,0,3;r11=1,3,0,2;r12=0,2,1;r13=2,5,3,4,1,0;r14=0,3,4,2,1;r15=0,1,2;r16=1,3,4,0,2;r17=1,2,0;r18=1,2,0;r19=1,2,0;r20=0,2,1;r21=0,1,2;r22=1,2,0,3,4;r23=4,7,6,3,1,5,2,0;r24=5,6,2,1,3,4,7,0;r25=1,2,3,0;r26=0,1,2;r27=2,5,3,6,7,1,0,8,4;r28=1,3,2,0;r29=0,1,2;r30=1,5,2,7,4,6,3,0;r31=2,3,4,1,7,6,0,5;r32=1,2,3,0,4,5;r33=2,4,5,1,0,3;r34=1,4,0,5,2,3",TIMEOUT,250650.12,0,N/A,TIMEOUT
sample_0095,sample,"r0=0,2,3,1;r1=2,3,0,1;r2=0,2,1;r3=0,2,1;r4=0,1,2;r5=1,2,0;r6=2,3,0,1;r7=0,2,1;r8=1,2,0;r9=0,2,1;r10=1,2,3,0;r11=1,2,3,0;r12=0,1,2;r13=3,4,2,1,0,5;r14=1,3,0,4,2;r15=0,1,2;r16=2,3,1,0,4;r17=1,2,0;r18=1,2,0;r19=0,2,1;r20=0,2,1;r21=1,2,0;r22=2,3,4,1,0;r23=0,1,2,3,4,5,7,6;r24=6,7,4,1,2,0,3,5;r25=2,3,1,0;r26=0,1,2;r27=7,8,6,4,1,3,0,2,5;r28=1,2,3,0;r29=1,2,0;r30=1,2,3,6,5,0,7,4;r31=5,7,4,1,3,6,2,0;r32=1,4,2,5,0,3;r33=1,2,4,0,5,3;r34=1,4,5,0,2,3",TIMEOUT,252242.74,0,N/A,TIMEOUT
sample_0096,sample,"r0=0,2,3,1;r1=1,2,3,0;r2=0,2,1;r3=0,2,1;r4=0,2,1;r5=0,2,1;r6=1,3,0,2;r7=1,2,0;r8=0,1,2;r9=1,2,0;r10=2,3,1,0;r11=1,2,3,0;r12=0,2,1;r13=3,5,2,1,0,4;r14=1,3,0,2,4;r15=0,1,2;r16=0,1,3,2,4;r17=0,1,2;r18=1,2,0;r19=0,1,2;r20=0,1,2;r21=0,1,2;r22=1,4,3,0,2;r23=2,5,1,3,0,4,7,6;r24=0,1,2,3,4,5,6,7;r25=1,2,3,0;r26=0,1,2;r27=6,7,8,2,1,4,3,0,5;r28=0,1,3,2;r29=1,2,0;r30=1,5,7,4,6,2,3,0;r31=2,3,6,1,0,5,4,7;r32=0,1,4,5,2,3;r33=2,4,1,5,3,0;r34=1,4,2,3,0,5",69.547430755,33305.89,3,N/A,match
sample_0097,sample,"r0=0,3,1,2;r1=0,1,3,2;r2=0,2,1;r3=1,2,0;r4=1,2,0;r5=0,1,2;r6=0,1,2,3;r7=0,2,1;r8=1,2,0;r9=0,2,1;r10=1,3,2,0;r11=1,3,2,0;r12=0,1,2;r13=1,5,3,0,4,2;r14=0,4,2,1,3;r15=0,1,2;r16=1,2,0,3,4;r17=0,1,2;r18=0,1,2;r19=0,2,1;r20=0,1,2;r21=0,1,2;r22=2,3,4,1,0;r23=1,2,5,6,0,7,4,3;r24=2,5,1,0,4,3,6,7;r25=1,3,2,0;r26=1,2,0;r27=0,1,5,2,7,3,8,6,4;r28=0,1,2,3;r29=1,2,0;r30=1,5,2,3,4,0,7,6;r31=3,4,7,2,6,1,0,5;r32=2,4,3,5,1,0;r33=1,2,0,4,5,3;r34=2,3,1,0,4,5",364.549507346,42398.21,3,N/A,match
sample_0098,sample,"r0=0,1,3,2;r1=0,2,3,1;r2=0,2,1;r3=0,1,2;r4=1,2,0;r5=0,1,2;r6=0,1,3,2;r7=0,2,1;r8=0,2,1;r9=0,2,1;r10=0,1,3,2;r11=1,2,3,0;r12=0,1,2;r13=3,4,2,5,1,0;r14=0,4,2,3,1;r15=0,1,2;r16=0,1,3,4,2;r17=0,1,2;r18=0,1,2;r19=0,2,1;r20=0,2,1;r21=0,1,2;r22=3,4,1,2,0;r23=4,7,6,3,1,5,0,2;r24=1,2,4,0,5,7,6,3;r25=1,2,3,0;r26=1,2,0;r27=2,3,1,5,7,8,0,6,4;r28=0,1,2,3;r29=0,1,2;r30=1,5,6,2,7,4,3,0;r31=1,5,2,3,7,0,4,6;r32=2,4,1,0,5,3;r33=2,4,5,1,3,0;r34=1,4,2,3,5,0",TIMEOUT,94452.09,0,N/A,TIMEOUT
sample_0099,sample,"r0=0,3,2,1;r1=1,2,0,3;r2=0,2,1;r3=0,1,2;r4=0,1,2;r5=0,2,1;r6=2,3,0,1;r7=0,1,2;r8=0,1,2;r9=1,2,0;r10=1,3,0,2;r11=1,3,0,2;r12=1,2,0;r13=2,5,4,3,1,0;r14=0,2,3,4,1;r15=0,1,2;r16=1,3,2,4,0;r17=0,1,2;r18=0,1,2;r19=1,2,0;r20=0,2,1;r21=1,2,0;r22=3,4,1,2,0;r23=0,1,3,4,2,7,6,5;r24=5,6,2,1,3,0,7,4;r25=2,3,1,0;r26=0,1,2;r27=5,7,1,0,4,6,8,3,2;r28=1,2,3,0;r29=0,1,2;r30=2,3,1,6,4,7,5,0;r31=5,7,1,0,6,4,2,3;r32=2,4,1,5,0,3;r33=2,4,1,3,0,5;r34=0,1,4,2,5,3",TIMEOUT,251090.25,0,N/A,TIMEOUT
sample_0100,sample,"r0=1,3,0,2;r1=0,1,2,3;r2=0,2,1;r3=0,2,1;r4=0,1,2;r5=0,2,1;r6=1,3,2,0;r7=0,2,1;r8=0,2,1;r9=1,2,0;r10=1,3,2,0;r11=0,1,3,2;r12=0,2,1;r13=0,1,5,2,3,4;r14=0,1,2,3,4;r15=0,1,2;r16=0,1,2,3,4;r17=1,2,0;r18=0,1,2;r19=0,1,2;r20=0,1,2;r21=1,2,0;r22=2,3,1,0,4;r23=1,3,2,0,4,7,5,6;r24=2,5,6,1,3,7,4,0;r25=1,3,2,0;r26=1,2,0;r27=4,7,5,6,2,8,1,0,3;r28=1,3,2,0;r29=1,2,0;r30=1,2,5,7,3,6,4,0;r31=5,7,4,2,1,0,6,3;r32=2,3,4,1,5,0;r33=2,4,1,3,5,0;r34=1,2,3,0,4,5",440.154780599,67049.14,3,N/A,match
