shape,family,kind,placement,mode,workers,sample,position,load_s,winner-lat_ms,winner-thr_ms,interior-lat_ms,interior-thr_ms,support-lat_ms,support-thr_ms,peak_rss_kib,checked_updates
small,batch,min,local,b-hash-local,32,-1,0,0.095654301,,,,,,,1155060,4000000
small,batch,min,local,b-main,32,-1,1,0.286126993,,,,,,,1071072,4000000
small,batch,min,local,b-hash,32,-1,2,0.051450333,,,,,,,1099248,4000000
small,batch,min,local,b-hash-combine,32,-1,3,0.08086716,,,,,,,1167140,4000000
small,batch,min,local,b-main,32,0,0,0.200728832,,,,,,,1120236,4000000
small,batch,min,local,b-hash,32,0,1,0.070476138,,,,,,,1105900,4000000
small,batch,min,local,b-hash-combine,32,0,2,0.079714902,,,,,,,956032,4000000
small,batch,min,local,b-hash-local,32,0,3,0.09424895,,,,,,,1181172,4000000
small,batch,min,local,b-hash,32,1,0,0.075674803,,,,,,,1123820,4000000
small,batch,min,local,b-hash-combine,32,1,1,0.079881842,,,,,,,1032536,4000000
small,batch,min,local,b-hash-local,32,1,2,0.088685506,,,,,,,1178104,4000000
small,batch,min,local,b-main,32,1,3,0.27229661,,,,,,,1069540,4000000
small,batch,min,local,b-hash-combine,32,2,0,0.084472463,,,,,,,1004820,4000000
small,batch,min,local,b-hash-local,32,2,1,0.084690964,,,,,,,1171240,4000000
small,batch,min,local,b-main,32,2,2,0.23383744,,,,,,,1122284,4000000
small,batch,min,local,b-hash,32,2,3,0.091110161,,,,,,,1105900,4000000
small,batch,min,local,b-hash-local,32,3,0,0.059358736,,,,,,,1171448,4000000
small,batch,min,local,b-main,32,3,1,0.253584129,,,,,,,1166828,4000000
small,batch,min,local,b-hash,32,3,2,0.075862869,,,,,,,1101804,4000000
small,batch,min,local,b-hash-combine,32,3,3,0.079240685,,,,,,,999176,4000000
small,batch,min,local,b-main,32,4,0,0.193640211,,,,,,,1183732,4000000
small,batch,min,local,b-hash,32,4,1,0.06114459,,,,,,,1075172,4000000
small,batch,min,local,b-hash-combine,32,4,2,0.071178511,,,,,,,1017824,4000000
small,batch,min,local,b-hash-local,32,4,3,0.089317745,,,,,,,1183736,4000000
small,batch,min,spread,b-hash-local,32,-1,0,0.092280243,,,,,,,1135100,4000000
small,batch,min,spread,b-main,32,-1,1,0.206973873,,,,,,,1183724,4000000
small,batch,min,spread,b-hash,32,-1,2,0.065092745,,,,,,,1102316,4000000
small,batch,min,spread,b-hash-combine,32,-1,3,0.094238628,,,,,,,1884780,4000000
small,batch,min,spread,b-main,32,0,0,0.276505705,,,,,,,1137132,4000000
small,batch,min,spread,b-hash,32,0,1,0.06741971,,,,,,,1056748,4000000
small,batch,min,spread,b-hash-combine,32,0,2,0.122014575,,,,,,,1708496,4000000
small,batch,min,spread,b-hash-local,32,0,3,0.102827873,,,,,,,1183736,4000000
small,batch,min,spread,b-hash,32,1,0,0.067484481,,,,,,,1075180,4000000
small,batch,min,spread,b-hash-combine,32,1,1,0.086851606,,,,,,,1808484,4000000
small,batch,min,spread,b-hash-local,32,1,2,0.091764384,,,,,,,1185784,4000000
small,batch,min,spread,b-main,32,1,3,0.260202243,,,,,,,1389076,4000000
small,batch,min,spread,b-hash-combine,32,2,0,0.121713233,,,,,,,1739152,4000000
small,batch,min,spread,b-hash-local,32,2,1,0.093340445,,,,,,,1153012,4000000
small,batch,min,spread,b-main,32,2,2,0.276867851,,,,,,,1112556,4000000
small,batch,min,spread,b-hash,32,2,3,0.070473513,,,,,,,1116140,4000000
small,batch,min,spread,b-hash-local,32,3,0,0.093210049,,,,,,,1146876,4000000
small,batch,min,spread,b-main,32,3,1,0.292365559,,,,,,,1026020,4000000
small,batch,min,spread,b-hash,32,3,2,0.063969226,,,,,,,1106408,4000000
small,batch,min,spread,b-hash-combine,32,3,3,0.12766278,,,,,,,1679448,4000000
small,batch,min,spread,b-main,32,4,0,0.200173773,,,,,,,1130476,4000000
small,batch,min,spread,b-hash,32,4,1,0.070284002,,,,,,,1110504,4000000
small,batch,min,spread,b-hash-combine,32,4,2,0.127813209,,,,,,,1685076,4000000
small,batch,min,spread,b-hash-local,32,4,3,0.091997501,,,,,,,1136632,4000000
small,batch,max,local,b-hash-local,32,-1,0,0.060381408,,,,,,,1167348,4000000
small,batch,max,local,b-main,32,-1,1,0.255279316,,,,,,,1150960,4000000
small,batch,max,local,b-hash,32,-1,2,0.070563579,,,,,,,1151472,4000000
small,batch,max,local,b-hash-combine,32,-1,3,0.082171202,,,,,,,978392,4000000
small,batch,max,local,b-main,32,0,0,0.294694848,,,,,,,1088488,4000000
small,batch,max,local,b-hash,32,0,1,0.070592639,,,,,,,1100056,4000000
small,batch,max,local,b-hash-combine,32,0,2,0.076140265,,,,,,,1018340,4000000
small,batch,max,local,b-hash-local,32,0,3,0.091598856,,,,,,,1163044,4000000
small,batch,max,local,b-hash,32,1,0,0.068571498,,,,,,,1148188,4000000
small,batch,max,local,b-hash-combine,32,1,1,0.072610152,,,,,,,1023968,4000000
small,batch,max,local,b-hash-local,32,1,2,0.085283475,,,,,,,1134376,4000000
small,batch,max,local,b-main,32,1,3,0.186460241,,,,,,,1136616,4000000
small,batch,max,local,b-hash-combine,32,2,0,0.073801819,,,,,,,1026528,4000000
small,batch,max,local,b-hash-local,32,2,1,0.086689498,,,,,,,1167140,4000000
small,batch,max,local,b-main,32,2,2,0.279207951,,,,,,,1108320,4000000
small,batch,max,local,b-hash,32,2,3,0.066439532,,,,,,,1139184,4000000
small,batch,max,local,b-hash-local,32,3,0,0.088151295,,,,,,,1120752,4000000
small,batch,max,local,b-main,32,3,1,0.241721714,,,,,,,1145320,4000000
small,batch,max,local,b-hash,32,3,2,0.073058881,,,,,,,1090028,4000000
small,batch,max,local,b-hash-combine,32,3,3,0.078797843,,,,,,,1031952,4000000
small,batch,max,local,b-main,32,4,0,0.197883535,,,,,,,1124848,4000000
small,batch,max,local,b-hash,32,4,1,0.068009855,,,,,,,1042716,4000000
small,batch,max,local,b-hash-combine,32,4,2,0.074847557,,,,,,,1030112,4000000
small,batch,max,local,b-hash-local,32,4,3,0.086447136,,,,,,,1124196,4000000
small,batch,max,spread,b-hash-local,32,-1,0,0.080373248,,,,,,,1157120,4000000
small,batch,max,spread,b-main,32,-1,1,0.27381572,,,,,,,1122792,4000000
small,batch,max,spread,b-hash,32,-1,2,0.067633001,,,,,,,1281856,4000000
small,batch,max,spread,b-hash-combine,32,-1,3,0.112248758,,,,,,,1679448,4000000
small,batch,max,spread,b-main,32,0,0,0.227051508,,,,,,,1106408,4000000
small,batch,max,spread,b-hash,32,0,1,0.069679533,,,,,,,1084904,4000000
small,batch,max,spread,b-hash-combine,32,0,2,0.136426387,,,,,,,1676680,4000000
small,batch,max,spread,b-hash-local,32,0,3,0.066175916,,,,,,,1150960,4000000
small,batch,max,spread,b-hash,32,1,0,0.069558567,,,,,,,1075692,4000000
small,batch,max,spread,b-hash-combine,32,1,1,0.103402107,,,,,,,1844628,4000000
small,batch,max,spread,b-hash-local,32,1,2,0.080207773,,,,,,,1185780,4000000
small,batch,max,spread,b-main,32,1,3,0.240708652,,,,,,,1114088,4000000
small,batch,max,spread,b-hash-combine,32,2,0,0.092915037,,,,,,,1839204,4000000
small,batch,max,spread,b-hash-local,32,2,1,0.080717389,,,,,,,1169776,4000000
small,batch,max,spread,b-main,32,2,2,0.295297121,,,,,,,1106408,4000000
small,batch,max,spread,b-hash,32,2,3,0.069621545,,,,,,,1089508,4000000
small,batch,max,spread,b-hash-local,32,3,0,0.09395618,,,,,,,1192440,4000000
small,batch,max,spread,b-main,32,3,1,0.185937851,,,,,,,1134568,4000000
small,batch,max,spread,b-hash,32,3,2,0.070316413,,,,,,,1062888,4000000
small,batch,max,spread,b-hash-combine,32,3,3,0.123559337,,,,,,,1642580,4000000
small,batch,max,spread,b-main,32,4,0,0.265981267,,,,,,,1106408,4000000
small,batch,max,spread,b-hash,32,4,1,0.070608077,,,,,,,1062888,4000000
small,batch,max,spread,b-hash-combine,32,4,2,0.09093506,,,,,,,1886320,4000000
small,batch,max,spread,b-hash-local,32,4,3,0.091674744,,,,,,,1157624,4000000
small,batch,sum,local,b-pair-local,32,-1,0,0.180126359,,,,,,,2153084,4000000
small,batch,sum,local,b-main,32,-1,1,0.239673334,,,,,,,1417236,4000000
small,batch,sum,local,b-hash,32,-1,2,0.15747497,,,,,,,1859668,4000000
small,batch,sum,local,b-hash-combine,32,-1,3,0.149110986,,,,,,,1953880,4000000
small,batch,sum,local,b-dedup-hash,32,-1,4,0.269275671,,,,,,,1460256,4000000
small,batch,sum,local,b-dedup-local,32,-1,5,0.257475113,,,,,,,1505328,4000000
small,batch,sum,local,b-main,32,0,0,0.194340641,,,,,,,1157108,4000000
small,batch,sum,local,b-hash,32,0,1,0.129226982,,,,,,,1870428,4000000
small,batch,sum,local,b-hash-combine,32,0,2,0.170120481,,,,,,,1899096,4000000
small,batch,sum,local,b-dedup-hash,32,0,3,0.246969515,,,,,,,1434136,4000000
small,batch,sum,local,b-dedup-local,32,0,4,0.298662489,,,,,,,1729600,4000000
small,batch,sum,local,b-pair-local,32,0,5,0.199084283,,,,,,,2163316,4000000
small,batch,sum,local,b-hash,32,1,0,0.11980626,,,,,,,2019944,4000000
small,batch,sum,local,b-hash-combine,32,1,1,0.177730906,,,,,,,2017164,4000000
small,batch,sum,local,b-dedup-hash,32,1,2,0.206038101,,,,,,,1472544,4000000
small,batch,sum,local,b-dedup-local,32,1,3,0.213522075,,,,,,,1561132,4000000
small,batch,sum,local,b-pair-local,32,1,4,0.177673791,,,,,,,2210432,4000000
small,batch,sum,local,b-main,32,1,5,0.284056274,,,,,,,1094116,4000000
small,batch,sum,local,b-hash-combine,32,2,0,0.172333363,,,,,,,1929308,4000000
small,batch,sum,local,b-dedup-hash,32,2,1,0.24742697,,,,,,,1421844,4000000
small,batch,sum,local,b-dedup-local,32,2,2,0.265690434,,,,,,,1520172,4000000
small,batch,sum,local,b-pair-local,32,2,3,0.154373823,,,,,,,2189948,4000000
small,batch,sum,local,b-main,32,2,4,0.177736229,,,,,,,1132520,4000000
small,batch,sum,local,b-hash,32,2,5,0.13694699,,,,,,,1847796,4000000
small,batch,sum,local,b-dedup-hash,32,3,0,0.244717262,,,,,,,1457696,4000000
small,batch,sum,local,b-dedup-local,32,3,1,0.239030037,,,,,,,1544760,4000000
small,batch,sum,local,b-pair-local,32,3,2,0.161247817,,,,,,,2173568,4000000
small,batch,sum,local,b-main,32,3,3,0.248765192,,,,,,,1116140,4000000
small,batch,sum,local,b-hash,32,3,4,0.121761468,,,,,,,2005088,4000000
small,batch,sum,local,b-hash-combine,32,3,5,0.181622224,,,,,,,1955932,4000000
small,batch,sum,local,b-dedup-local,32,4,0,0.199125721,,,,,,,1534000,4000000
small,batch,sum,local,b-pair-local,32,4,1,0.153164383,,,,,,,2197628,4000000
small,batch,sum,local,b-main,32,4,2,0.282574307,,,,,,,1159668,4000000
small,batch,sum,local,b-hash,32,4,3,0.107087153,,,,,,,2072684,4000000
small,batch,sum,local,b-hash-combine,32,4,4,0.196558985,,,,,,,1921628,4000000
small,batch,sum,local,b-dedup-hash,32,4,5,0.226617659,,,,,,,1473052,4000000
small,batch,sum,spread,b-pair-local,32,-1,0,0.143604537,,,,,,,2189440,4000000
small,batch,sum,spread,b-main,32,-1,1,0.227420469,,,,,,,1126888,4000000
small,batch,sum,spread,b-hash,32,-1,2,0.102730171,,,,,,,2024040,4000000
small,batch,sum,spread,b-hash-combine,32,-1,3,0.147320989,,,,,,,2017384,4000000
small,batch,sum,spread,b-dedup-hash,32,-1,4,0.202010453,,,,,,,1417760,4000000
small,batch,sum,spread,b-dedup-local,32,-1,5,0.277551098,,,,,,,1530928,4000000
small,batch,sum,spread,b-main,32,0,0,0.276027556,,,,,,,1118696,4000000
small,batch,sum,spread,b-hash,32,0,1,0.109681333,,,,,,,2039920,4000000
small,batch,sum,spread,b-hash-combine,32,0,2,0.177302681,,,,,,,1888340,4000000
small,batch,sum,spread,b-dedup-hash,32,0,3,0.185968957,,,,,,,1397272,4000000
small,batch,sum,spread,b-dedup-local,32,0,4,0.281783716,,,,,,,1495592,4000000
small,batch,sum,spread,b-pair-local,32,0,5,0.196014097,,,,,,,2155124,4000000
small,batch,sum,spread,b-hash,32,1,0,0.111477579,,,,,,,2025576,4000000
small,batch,sum,spread,b-hash-combine,32,1,1,0.160671508,,,,,,,2062440,4000000
small,batch,sum,spread,b-dedup-hash,32,1,2,0.211647066,,,,,,,1452064,4000000
small,batch,sum,spread,b-dedup-local,32,1,3,0.267825417,,,,,,,1471016,4000000
small,batch,sum,spread,b-pair-local,32,1,4,0.173609867,,,,,,,2175096,4000000
small,batch,sum,spread,b-main,32,1,5,0.229624869,,,,,,,1128424,4000000
small,batch,sum,spread,b-hash-combine,32,2,0,0.214347152,,,,,,,1863764,4000000
small,batch,sum,spread,b-dedup-hash,32,2,1,0.190727588,,,,,,,1411100,4000000
small,batch,sum,spread,b-dedup-local,32,2,2,0.257019255,,,,,,,1572404,4000000
small,batch,sum,spread,b-pair-local,32,2,3,0.144606213,,,,,,,2173560,4000000
small,batch,sum,spread,b-main,32,2,4,0.185787134,,,,,,,1109992,4000000
small,batch,sum,spread,b-hash,32,2,5,0.134797229,,,,,,,1984608,4000000
small,batch,sum,spread,b-dedup-hash,32,3,0,0.225402407,,,,,,,1378836,4000000
small,batch,sum,spread,b-dedup-local,32,3,1,0.279571476,,,,,,,1546280,4000000
small,batch,sum,spread,b-pair-local,32,3,2,0.141755893,,,,,,,2199680,4000000
small,batch,sum,spread,b-main,32,3,3,0.230855433,,,,,,,1142756,4000000
small,batch,sum,spread,b-hash,32,3,4,0.140672527,,,,,,,1882200,4000000
small,batch,sum,spread,b-hash-combine,32,3,5,0.167131763,,,,,,,1787976,4000000
small,batch,sum,spread,b-dedup-local,32,4,0,0.214766708,,,,,,,1501736,4000000
small,batch,sum,spread,b-pair-local,32,4,1,0.146465053,,,,,,,2183296,4000000
small,batch,sum,spread,b-main,32,4,2,0.278148206,,,,,,,1155044,4000000
small,batch,sum,spread,b-hash,32,4,3,0.132667458,,,,,,,1988708,4000000
small,batch,sum,spread,b-hash-combine,32,4,4,0.183514045,,,,,,,1893972,4000000
small,batch,sum,spread,b-dedup-hash,32,4,5,0.241778748,,,,,,,1413656,4000000
small,batch,count,local,b-pair-local,32,-1,0,0.157270153,,,,,,,2229888,4000000
small,batch,count,local,b-main,32,-1,1,0.289163148,,,,,,,1183732,4000000
small,batch,count,local,b-hash,32,-1,2,0.124269627,,,,,,,2026092,4000000
small,batch,count,local,b-hash-combine,32,-1,3,0.196918952,,,,,,,1858132,4000000
small,batch,count,local,b-dedup-hash,32,-1,4,0.200304358,,,,,,,1486744,4000000
small,batch,count,local,b-dedup-local,32,-1,5,0.290500032,,,,,,,1507892,4000000
small,batch,count,local,b-main,32,0,0,0.260306629,,,,,,,1117676,4000000
small,batch,count,local,b-hash,32,0,1,0.116006333,,,,,,,2031724,4000000
small,batch,count,local,b-hash-combine,32,0,2,0.184326315,,,,,,,1970064,4000000
small,batch,count,local,b-dedup-hash,32,0,3,0.185098346,,,,,,,1465888,4000000
small,batch,count,local,b-dedup-local,32,0,4,0.255890225,,,,,,,1571380,4000000
small,batch,count,local,b-pair-local,32,0,5,0.168590071,,,,,,,2177156,4000000
small,batch,count,local,b-hash,32,1,0,0.139006574,,,,,,,1824344,4000000
small,batch,count,local,b-hash-combine,32,1,1,0.206436743,,,,,,,1881988,4000000
small,batch,count,local,b-dedup-hash,32,1,2,0.193780366,,,,,,,1549864,4000000
small,batch,count,local,b-dedup-local,32,1,3,0.285410375,,,,,,,1540144,4000000
small,batch,count,local,b-pair-local,32,1,4,0.201543479,,,,,,,2103416,4000000
small,batch,count,local,b-main,32,1,5,0.204051511,,,,,,,1140720,4000000
small,batch,count,local,b-hash-combine,32,2,0,0.156681681,,,,,,,2107504,4000000
small,batch,count,local,b-dedup-hash,32,2,1,0.192425212,,,,,,,1472544,4000000
small,batch,count,local,b-dedup-local,32,2,2,0.225462441,,,,,,,1558576,4000000
small,batch,count,local,b-pair-local,32,2,3,0.161364888,,,,,,,2210424,4000000
small,batch,count,local,b-main,32,2,4,0.208227789,,,,,,,1282048,4000000
small,batch,count,local,b-hash,32,2,5,0.106323278,,,,,,,2074236,4000000
small,batch,count,local,b-dedup-hash,32,3,0,0.255698945,,,,,,,1333768,4000000
small,batch,count,local,b-dedup-local,32,3,1,0.230604227,,,,,,,1561140,4000000
small,batch,count,local,b-pair-local,32,3,2,0.193400544,,,,,,,2184684,4000000
small,batch,count,local,b-main,32,3,3,0.212549173,,,,,,,1253376,4000000
small,batch,count,local,b-hash,32,3,4,0.13325456,,,,,,,1889888,4000000
small,batch,count,local,b-hash-combine,32,3,5,0.212186622,,,,,,,1798224,4000000
small,batch,count,local,b-dedup-local,32,4,0,0.214144576,,,,,,,1542196,4000000
small,batch,count,local,b-pair-local,32,4,1,0.194735537,,,,,,,2175096,4000000
small,batch,count,local,b-main,32,4,2,0.260776183,,,,,,,1134060,4000000
small,batch,count,local,b-hash,32,4,3,0.134398681,,,,,,,1822816,4000000
small,batch,count,local,b-hash-combine,32,4,4,0.155687502,,,,,,,1901144,4000000
small,batch,count,local,b-dedup-hash,32,4,5,0.240769244,,,,,,,1388568,4000000
small,batch,count,spread,b-pair-local,32,-1,0,0.153573292,,,,,,,2238588,4000000
small,batch,count,spread,b-main,32,-1,1,0.195154985,,,,,,,1135088,4000000
small,batch,count,spread,b-hash,32,-1,2,0.118365522,,,,,,,2255000,4000000
small,batch,count,spread,b-hash-combine,32,-1,3,0.184541195,,,,,,,2028640,4000000
small,batch,count,spread,b-dedup-hash,32,-1,4,0.266322503,,,,,,,1336340,4000000
small,batch,count,spread,b-dedup-local,32,-1,5,0.299588244,,,,,,,1547824,4000000
small,batch,count,spread,b-main,32,0,0,0.287688338,,,,,,,1133036,4000000
small,batch,count,spread,b-hash,32,0,1,0.111824756,,,,,,,2013288,4000000
small,batch,count,spread,b-hash-combine,32,0,2,0.157661313,,,,,,,2017380,4000000
small,batch,count,spread,b-dedup-hash,32,0,3,0.180938549,,,,,,,1415196,4000000
small,batch,count,spread,b-dedup-local,32,0,4,0.259283175,,,,,,,1587768,4000000
small,batch,count,spread,b-pair-local,32,0,5,0.194715861,,,,,,,2171008,4000000
small,batch,count,spread,b-hash,32,1,0,0.141250535,,,,,,,1861724,4000000
small,batch,count,spread,b-hash-combine,32,1,1,0.190916919,,,,,,,1876048,4000000
small,batch,count,spread,b-dedup-hash,32,1,2,0.19452603,,,,,,,1423896,4000000
small,batch,count,spread,b-dedup-local,32,1,3,0.255068018,,,,,,,1567280,4000000
small,batch,count,spread,b-pair-local,32,1,4,0.173081478,,,,,,,2220160,4000000
small,batch,count,spread,b-main,32,1,5,0.213983228,,,,,,,1182192,4000000
small,batch,count,spread,b-hash-combine,32,2,0,0.211619401,,,,,,,1940064,4000000
small,batch,count,spread,b-dedup-hash,32,2,1,0.230061449,,,,,,,1436188,4000000
small,batch,count,spread,b-dedup-local,32,2,2,0.22019917,,,,,,,1534000,4000000
small,batch,count,spread,b-pair-local,32,2,3,0.17961191,,,,,,,2148984,4000000
small,batch,count,spread,b-main,32,2,4,0.206994282,,,,,,,1161712,4000000
small,batch,count,spread,b-hash,32,2,5,0.112033315,,,,,,,2056300,4000000
small,batch,count,spread,b-dedup-hash,32,3,0,0.21621622,,,,,,,1427996,4000000
small,batch,count,spread,b-dedup-local,32,3,1,0.219626463,,,,,,,1532460,4000000
small,batch,count,spread,b-pair-local,32,3,2,0.154793885,,,,,,,2228860,4000000
small,batch,count,spread,b-main,32,3,3,0.269439602,,,,,,,1392652,4000000
small,batch,count,spread,b-hash,32,3,4,0.11121597,,,,,,,2042260,4000000
small,batch,count,spread,b-hash-combine,32,3,5,0.161440874,,,,,,,2022808,4000000
small,batch,count,spread,b-dedup-local,32,4,0,0.236310287,,,,,,,1564720,4000000
small,batch,count,spread,b-pair-local,32,4,1,0.199166894,,,,,,,2089584,4000000
small,batch,count,spread,b-main,32,4,2,0.196201963,,,,,,,1187824,4000000
small,batch,count,spread,b-hash,32,4,3,0.109849171,,,,,,,1983088,4000000
small,batch,count,spread,b-hash-combine,32,4,4,0.197393216,,,,,,,1993316,4000000
small,batch,count,spread,b-dedup-hash,32,4,5,0.22153573,,,,,,,1456160,4000000
large,batch,min,local,b-hash-local,32,-1,0,0.029643949,,,,,,,899540,4000
large,batch,min,local,b-main,32,-1,1,0.222009505,,,,,,,1198072,4000
large,batch,min,local,b-hash,32,-1,2,0.042997444,,,,,,,937940,4000
large,batch,min,local,b-hash-combine,32,-1,3,0.023716598,,,,,,,920016,4000
large,batch,min,local,b-main,32,0,0,0.24989152,,,,,,,1146344,4000
large,batch,min,local,b-hash,32,0,1,0.051441531,,,,,,,1126892,4000
large,batch,min,local,b-hash-combine,32,0,2,0.039678239,,,,,,,929244,4000
large,batch,min,local,b-hash-local,32,0,3,0.033665945,,,,,,,970204,4000
large,batch,min,local,b-hash,32,1,0,0.053925072,,,,,,,1097708,4000
large,batch,min,local,b-hash-combine,32,1,1,0.040542897,,,,,,,941464,4000
large,batch,min,local,b-hash-local,32,1,2,0.036993562,,,,,,,949724,4000
large,batch,min,local,b-main,32,1,3,0.252897728,,,,,,,1167344,4000
large,batch,min,local,b-hash-combine,32,2,0,0.037711758,,,,,,,950236,4000
large,batch,min,local,b-hash-local,32,2,1,0.033753909,,,,,,,943064,4000
large,batch,min,local,b-main,32,2,2,0.211123061,,,,,,,1168368,4000
large,batch,min,local,b-hash,32,2,3,0.033690361,,,,,,,962524,4000
large,batch,min,local,b-hash-local,32,3,0,0.025986414,,,,,,,901076,4000
large,batch,min,local,b-main,32,3,1,0.174108397,,,,,,,1262072,4000
large,batch,min,local,b-hash,32,3,2,0.05338504,,,,,,,1040368,4000
large,batch,min,local,b-hash-combine,32,3,3,0.03170722,,,,,,,970204,4000
large,batch,min,local,b-main,32,4,0,0.223112867,,,,,,,1161196,4000
large,batch,min,local,b-hash,32,4,1,0.031965758,,,,,,,942036,4000
large,batch,min,local,b-hash-combine,32,4,2,0.036470967,,,,,,,903636,4000
large,batch,min,local,b-hash-local,32,4,3,0.037275338,,,,,,,947672,4000
large,batch,min,spread,b-hash-local,32,-1,0,0.036278226,,,,,,,866764,4000
large,batch,min,spread,b-main,32,-1,1,0.264679175,,,,,,,1124840,4000
large,batch,min,spread,b-hash,32,-1,2,0.038874098,,,,,,,1006044,4000
large,batch,min,spread,b-hash-combine,32,-1,3,0.036608572,,,,,,,905104,4000
large,batch,min,spread,b-main,32,0,0,0.219392345,,,,,,,1135084,4000
large,batch,min,spread,b-hash,32,0,1,0.051887053,,,,,,,1017828,4000
large,batch,min,spread,b-hash-combine,32,0,2,0.034302697,,,,,,,886228,4000
large,batch,min,spread,b-hash-local,32,0,3,0.030347444,,,,,,,962516,4000
large,batch,min,spread,b-hash,32,1,0,0.046549705,,,,,,,925640,4000
large,batch,min,spread,b-hash-combine,32,1,1,0.025848139,,,,,,,850388,4000
large,batch,min,spread,b-hash-local,32,1,2,0.028409444,,,,,,,943568,4000
large,batch,min,spread,b-main,32,1,3,0.179592042,,,,,,,1196020,4000
large,batch,min,spread,b-hash-combine,32,2,0,0.039204674,,,,,,,918992,4000
large,batch,min,spread,b-hash-local,32,2,1,0.030664969,,,,,,,884176,4000
large,batch,min,spread,b-main,32,2,2,0.187420721,,,,,,,1093604,4000
large,batch,min,spread,b-hash,32,2,3,0.042842632,,,,,,,909264,4000
large,batch,min,spread,b-hash-local,32,3,0,0.033992305,,,,,,,903640,4000
large,batch,min,spread,b-main,32,3,1,0.169276494,,,,,,,1153008,4000
large,batch,min,spread,b-hash,32,3,2,0.048989497,,,,,,,913364,4000
large,batch,min,spread,b-hash-combine,32,3,3,0.039831641,,,,,,,889292,4000
large,batch,min,spread,b-main,32,4,0,0.257204822,,,,,,,1107944,4000
large,batch,min,spread,b-hash,32,4,1,0.044103544,,,,,,,1036260,4000
large,batch,min,spread,b-hash-combine,32,4,2,0.037074569,,,,,,,906708,4000
large,batch,min,spread,b-hash-local,32,4,3,0.036818171,,,,,,,878544,4000
large,batch,max,local,b-hash-local,32,-1,0,0.035077597,,,,,,,915816,4000
large,batch,max,local,b-main,32,-1,1,0.242447536,,,,,,,1214972,4000
large,batch,max,local,b-hash,32,-1,2,0.046868096,,,,,,,1085424,4000
large,batch,max,local,b-hash-combine,32,-1,3,0.034392147,,,,,,,870356,4000
large,batch,max,local,b-main,32,0,0,0.259059518,,,,,,,1302020,4000
large,batch,max,local,b-hash,32,0,1,0.046296829,,,,,,,1035752,4000
large,batch,max,local,b-hash-combine,32,0,2,0.02581085,,,,,,,892376,4000
large,batch,max,local,b-hash-local,32,0,3,0.030121491,,,,,,,916956,4000
large,batch,max,local,b-hash,32,1,0,0.040299527,,,,,,,971224,4000
large,batch,max,local,b-hash-combine,32,1,1,0.036153016,,,,,,,949724,4000
large,batch,max,local,b-hash-local,32,1,2,0.030907822,,,,,,,923100,4000
large,batch,max,local,b-main,32,1,3,0.203379846,,,,,,,1149420,4000
large,batch,max,local,b-hash-combine,32,2,0,0.040368669,,,,,,,912860,4000
large,batch,max,local,b-hash-local,32,2,1,0.027557957,,,,,,,890832,4000
large,batch,max,local,b-main,32,2,2,0.258971045,,,,,,,1173352,4000
large,batch,max,local,b-hash,32,2,3,0.048364652,,,,,,,997348,4000
large,batch,max,local,b-hash-local,32,3,0,0.027443184,,,,,,,966624,4000
large,batch,max,local,b-main,32,3,1,0.24573357,,,,,,,1144812,4000
large,batch,max,local,b-hash,32,3,2,0.031354299,,,,,,,927704,4000
large,batch,max,local,b-hash-combine,32,3,3,0.034018786,,,,,,,929752,4000
large,batch,max,local,b-main,32,4,0,0.240114365,,,,,,,1130472,4000
large,batch,max,local,b-hash,32,4,1,0.048723234,,,,,,,1018340,4000
large,batch,max,local,b-hash-combine,32,4,2,0.036881785,,,,,,,1030124,4000
large,batch,max,local,b-hash-local,32,4,3,0.038530833,,,,,,,960988,4000
large,batch,max,spread,b-hash-local,32,-1,0,0.033845688,,,,,,,874960,4000
large,batch,max,spread,b-main,32,-1,1,0.240024732,,,,,,,1114600,4000
large,batch,max,spread,b-hash,32,-1,2,0.045983612,,,,,,,931800,4000
large,batch,max,spread,b-hash-combine,32,-1,3,0.037791197,,,,,,,942036,4000
large,batch,max,spread,b-main,32,0,0,0.170203947,,,,,,,1126380,4000
large,batch,max,spread,b-hash,32,0,1,0.032562555,,,,,,,899028,4000
large,batch,max,spread,b-hash-combine,32,0,2,0.036901957,,,,,,,866260,4000
large,batch,max,spread,b-hash-local,32,0,3,0.037751393,,,,,,,851780,4000
large,batch,max,spread,b-hash,32,1,0,0.044435256,,,,,,,1006048,4000
large,batch,max,spread,b-hash-combine,32,1,1,0.037456821,,,,,,,937432,4000
large,batch,max,spread,b-hash-local,32,1,2,0.037129844,,,,,,,919512,4000
large,batch,max,spread,b-main,32,1,3,0.206616273,,,,,,,1127400,4000
large,batch,max,spread,b-hash-combine,32,2,0,0.035897279,,,,,,,869840,4000
large,batch,max,spread,b-hash-local,32,2,1,0.023578845,,,,,,,856528,4000
large,batch,max,spread,b-main,32,2,2,0.161790389,,,,,,,1147372,4000
large,batch,max,spread,b-hash,32,2,3,0.050250266,,,,,,,1042396,4000
large,batch,max,spread,b-hash-local,32,3,0,0.026183718,,,,,,,862672,4000
large,batch,max,spread,b-main,32,3,1,0.163512252,,,,,,,1130480,4000
large,batch,max,spread,b-hash,32,3,2,0.033508321,,,,,,,968156,4000
large,batch,max,spread,b-hash-combine,32,3,3,0.036726937,,,,,,,917980,4000
large,batch,max,spread,b-main,32,4,0,0.168850048,,,,,,,1116140,4000
large,batch,max,spread,b-hash,32,4,1,0.047506644,,,,,,,932308,4000
large,batch,max,spread,b-hash-combine,32,4,2,0.024158081,,,,,,,844244,4000
large,batch,max,spread,b-hash-local,32,4,3,0.024603019,,,,,,,868304,4000
large,batch,sum,local,b-pair-local,32,-1,0,0.130087187,,,,,,,1876080,4000
large,batch,sum,local,b-main,32,-1,1,0.183854318,,,,,,,1146856,4000
large,batch,sum,local,b-hash,32,-1,2,0.108649046,,,,,,,1775716,4000
large,batch,sum,local,b-hash-combine,32,-1,3,0.16662594,,,,,,,1704532,4000
large,batch,sum,local,b-dedup-hash,32,-1,4,0.154769932,,,,,,,1137128,4000
large,batch,sum,local,b-dedup-local,32,-1,5,0.21666103,,,,,,,1112552,4000
large,batch,sum,local,b-main,32,0,0,0.215059237,,,,,,,1171956,4000
large,batch,sum,local,b-hash,32,0,1,0.07615885,,,,,,,1856116,4000
large,batch,sum,local,b-hash-combine,32,0,2,0.127875352,,,,,,,1845856,4000
large,batch,sum,local,b-dedup-hash,32,0,3,0.256507231,,,,,,,1087908,4000
large,batch,sum,local,b-dedup-local,32,0,4,0.171988029,,,,,,,1249260,4000
large,batch,sum,local,b-pair-local,32,0,5,0.150553424,,,,,,,1835108,4000
large,batch,sum,local,b-hash,32,1,0,0.097981697,,,,,,,1819248,4000
large,batch,sum,local,b-hash-combine,32,1,1,0.159038395,,,,,,,1676884,4000
large,batch,sum,local,b-dedup-hash,32,1,2,0.249013887,,,,,,,1278468,4000
large,batch,sum,local,b-dedup-local,32,1,3,0.223137668,,,,,,,1260028,4000
large,batch,sum,local,b-pair-local,32,1,4,0.103448854,,,,,,,1978996,4000
large,batch,sum,local,b-main,32,1,5,0.159991266,,,,,,,1126892,4000
large,batch,sum,local,b-hash-combine,32,2,0,0.120900363,,,,,,,1964148,4000
large,batch,sum,local,b-dedup-hash,32,2,1,0.232051312,,,,,,,1128424,4000
large,batch,sum,local,b-dedup-local,32,2,2,0.231815265,,,,,,,1181684,4000
large,batch,sum,local,b-pair-local,32,2,3,0.114374999,,,,,,,1890412,4000
large,batch,sum,local,b-main,32,2,4,0.26151773,,,,,,,1183728,4000
large,batch,sum,local,b-hash,32,2,5,0.109380703,,,,,,,1782368,4000
large,batch,sum,local,b-dedup-hash,32,3,0,0.234834806,,,,,,,1262080,4000
large,batch,sum,local,b-dedup-local,32,3,1,0.204434302,,,,,,,1468448,4000
large,batch,sum,local,b-pair-local,32,3,2,0.12012079,,,,,,,1880680,4000
large,batch,sum,local,b-main,32,3,3,0.220181375,,,,,,,1129448,4000
large,batch,sum,local,b-hash,32,3,4,0.0915528,,,,,,,1769576,4000
large,batch,sum,local,b-hash-combine,32,3,5,0.156024285,,,,,,,1736280,4000
large,batch,sum,local,b-dedup-local,32,4,0,0.146047098,,,,,,,1146860,4000
large,batch,sum,local,b-pair-local,32,4,1,0.10423422,,,,,,,1867884,4000
large,batch,sum,local,b-main,32,4,2,0.198259321,,,,,,,1126376,4000
large,batch,sum,local,b-hash,32,4,3,0.10622417,,,,,,,1770084,4000
large,batch,sum,local,b-hash-combine,32,4,4,0.135390307,,,,,,,1790048,4000
large,batch,sum,local,b-dedup-hash,32,4,5,0.18045133,,,,,,,1118188,4000
large,batch,sum,spread,b-pair-local,32,-1,0,0.09249706,,,,,,,1919596,4000
large,batch,sum,spread,b-main,32,-1,1,0.184373861,,,,,,,1132520,4000
large,batch,sum,spread,b-hash,32,-1,2,0.094392888,,,,,,,1759332,4000
large,batch,sum,spread,b-hash-combine,32,-1,3,0.134719475,,,,,,,1731156,4000
large,batch,sum,spread,b-dedup-hash,32,-1,4,0.162190747,,,,,,,1167856,4000
large,batch,sum,spread,b-dedup-local,32,-1,5,0.144115157,,,,,,,1130480,4000
large,batch,sum,spread,b-main,32,0,0,0.16633031,,,,,,,1141220,4000
large,batch,sum,spread,b-hash,32,0,1,0.096250205,,,,,,,1737316,4000
large,batch,sum,spread,b-hash-combine,32,0,2,0.116255992,,,,,,,1906792,4000
large,batch,sum,spread,b-dedup-hash,32,0,3,0.162564315,,,,,,,1104868,4000
large,batch,sum,spread,b-dedup-local,32,0,4,0.192224932,,,,,,,1112556,4000
large,batch,sum,spread,b-pair-local,32,0,5,0.093611435,,,,,,,1890924,4000
large,batch,sum,spread,b-hash,32,1,0,0.082008049,,,,,,,1837176,4000
large,batch,sum,spread,b-hash-combine,32,1,1,0.120987189,,,,,,,1863264,4000
large,batch,sum,spread,b-dedup-hash,32,1,2,0.182791058,,,,,,,1134568,4000
large,batch,sum,spread,b-dedup-local,32,1,3,0.204590302,,,,,,,1107948,4000
large,batch,sum,spread,b-pair-local,32,1,4,0.092768736,,,,,,,1878124,4000
large,batch,sum,spread,b-main,32,1,5,0.212636045,,,,,,,1144812,4000
large,batch,sum,spread,b-hash-combine,32,2,0,0.151274109,,,,,,,1845860,4000
large,batch,sum,spread,b-dedup-hash,32,2,1,0.165044227,,,,,,,1149420,4000
large,batch,sum,spread,b-dedup-local,32,2,2,0.168485547,,,,,,,1132012,4000
large,batch,sum,spread,b-pair-local,32,2,3,0.11647229,,,,,,,1747040,4000
large,batch,sum,spread,b-main,32,2,4,0.216077732,,,,,,,1141088,4000
large,batch,sum,spread,b-hash,32,2,5,0.097302435,,,,,,,1727584,4000
large,batch,sum,spread,b-dedup-hash,32,3,0,0.15801939,,,,,,,1149424,4000
large,batch,sum,spread,b-dedup-local,32,3,1,0.197910192,,,,,,,1140204,4000
large,batch,sum,spread,b-pair-local,32,3,2,0.119915739,,,,,,,1759324,4000
large,batch,sum,spread,b-main,32,3,3,0.171336272,,,,,,,1118700,4000
large,batch,sum,spread,b-hash,32,3,4,0.095212499,,,,,,,1716316,4000
large,batch,sum,spread,b-hash-combine,32,3,5,0.154236093,,,,,,,1849440,4000
large,batch,sum,spread,b-dedup-local,32,4,0,0.19767292,,,,,,,1137132,4000
large,batch,sum,spread,b-pair-local,32,4,1,0.126624463,,,,,,,1718876,4000
large,batch,sum,spread,b-main,32,4,2,0.158541858,,,,,,,1155564,4000
large,batch,sum,spread,b-hash,32,4,3,0.098899035,,,,,,,1711716,4000
large,batch,sum,spread,b-hash-combine,32,4,4,0.134492443,,,,,,,1755232,4000
large,batch,sum,spread,b-dedup-hash,32,4,5,0.212709696,,,,,,,1275904,4000
large,batch,count,local,b-pair-local,32,-1,0,0.127591463,,,,,,,1849444,4000
large,batch,count,local,b-main,32,-1,1,0.222128697,,,,,,,1116648,4000
large,batch,count,local,b-hash,32,-1,2,0.098048,,,,,,,1732708,4000
large,batch,count,local,b-hash-combine,32,-1,3,0.141311137,,,,,,,1743448,4000
large,batch,count,local,b-dedup-hash,32,-1,4,0.165782198,,,,,,,1224696,4000
large,batch,count,local,b-dedup-local,32,-1,5,0.235556549,,,,,,,1148908,4000
large,batch,count,local,b-main,32,0,0,0.170822582,,,,,,,1187828,4000
large,batch,count,local,b-hash,32,0,1,0.097218804,,,,,,,1792616,4000
large,batch,count,local,b-hash-combine,32,0,2,0.185480822,,,,,,,1672784,4000
large,batch,count,local,b-dedup-hash,32,0,3,0.175030325,,,,,,,1396240,4000
large,batch,count,local,b-dedup-local,32,0,4,0.229147207,,,,,,,1251324,4000
large,batch,count,local,b-pair-local,32,0,5,0.13593505,,,,,,,1729112,4000
large,batch,count,local,b-hash,32,1,0,0.079554435,,,,,,,1833072,4000
large,batch,count,local,b-hash-combine,32,1,1,0.15432548,,,,,,,1890404,4000
large,batch,count,local,b-dedup-hash,32,1,2,0.181146846,,,,,,,1128932,4000
large,batch,count,local,b-dedup-local,32,1,3,0.176318738,,,,,,,1211892,4000
large,batch,count,local,b-pair-local,32,1,4,0.118972373,,,,,,,1832544,4000
large,batch,count,local,b-main,32,1,5,0.175907076,,,,,,,1251324,4000
large,batch,count,local,b-hash-combine,32,2,0,0.120083068,,,,,,,1831004,4000
large,batch,count,local,b-dedup-hash,32,2,1,0.159631065,,,,,,,1167344,4000
large,batch,count,local,b-dedup-local,32,2,2,0.243151793,,,,,,,1197556,4000
large,batch,count,local,b-pair-local,32,2,3,0.132930283,,,,,,,1923052,4000
large,batch,count,local,b-main,32,2,4,0.184345197,,,,,,,1155056,4000
large,batch,count,local,b-hash,32,2,5,0.102743791,,,,,,,1800296,4000
large,batch,count,local,b-dedup-hash,32,3,0,0.232636138,,,,,,,1183212,4000
large,batch,count,local,b-dedup-local,32,3,1,0.223928406,,,,,,,1185768,4000
large,batch,count,local,b-pair-local,32,3,2,0.119106116,,,,,,,1744992,4000
large,batch,count,local,b-main,32,3,3,0.213413382,,,,,,,1146864,4000
large,batch,count,local,b-hash,32,3,4,0.105599792,,,,,,,1833068,4000
large,batch,count,local,b-hash-combine,32,3,5,0.128703403,,,,,,,1915496,4000
large,batch,count,local,b-dedup-local,32,4,0,0.213858452,,,,,,,1142764,4000
large,batch,count,local,b-pair-local,32,4,1,0.12752947,,,,,,,1843308,4000
large,batch,count,local,b-main,32,4,2,0.218328983,,,,,,,1308676,4000
large,batch,count,local,b-hash,32,4,3,0.092273579,,,,,,,1790564,4000
large,batch,count,local,b-hash-combine,32,4,4,0.127710082,,,,,,,1916520,4000
large,batch,count,local,b-dedup-hash,32,4,5,0.177889074,,,,,,,1162740,4000
large,batch,count,spread,b-pair-local,32,-1,0,0.097943412,,,,,,,1870444,4000
large,batch,count,spread,b-main,32,-1,1,0.180750775,,,,,,,1130476,4000
large,batch,count,spread,b-hash,32,-1,2,0.084898283,,,,,,,1775212,4000
large,batch,count,spread,b-hash-combine,32,-1,3,0.16009264,,,,,,,1874532,4000
large,batch,count,spread,b-dedup-hash,32,-1,4,0.163551814,,,,,,,1157612,4000
large,batch,count,spread,b-dedup-local,32,-1,5,0.162887278,,,,,,,1155052,4000
large,batch,count,spread,b-main,32,0,0,0.220311822,,,,,,,1169392,4000
large,batch,count,spread,b-hash,32,0,1,0.081553518,,,,,,,1837680,4000
large,batch,count,spread,b-hash-combine,32,0,2,0.12191021,,,,,,,1912936,4000
large,batch,count,spread,b-dedup-hash,32,0,3,0.221169965,,,,,,,1167336,4000
large,batch,count,spread,b-dedup-local,32,0,4,0.162013141,,,,,,,1164780,4000
large,batch,count,spread,b-pair-local,32,0,5,0.102909003,,,,,,,1949812,4000
large,batch,count,spread,b-hash,32,1,0,0.08208985,,,,,,,1861240,4000
large,batch,count,spread,b-hash-combine,32,1,1,0.148625779,,,,,,,1759324,4000
large,batch,count,spread,b-dedup-hash,32,1,2,0.16128462,,,,,,,1136620,4000
large,batch,count,spread,b-dedup-local,32,1,3,0.153172249,,,,,,,1162736,4000
large,batch,count,spread,b-pair-local,32,1,4,0.127976308,,,,,,,1820768,4000
large,batch,count,spread,b-main,32,1,5,0.237913538,,,,,,,1152940,4000
large,batch,count,spread,b-hash-combine,32,2,0,0.134296465,,,,,,,1831516,4000
large,batch,count,spread,b-dedup-hash,32,2,1,0.17991359,,,,,,,1126380,4000
large,batch,count,spread,b-dedup-local,32,2,2,0.155838237,,,,,,,1127912,4000
large,batch,count,spread,b-pair-local,32,2,3,0.14112001,,,,,,,1695832,4000
large,batch,count,spread,b-main,32,2,4,0.173324996,,,,,,,1163244,4000
large,batch,count,spread,b-hash,32,2,5,0.091509886,,,,,,,1765472,4000
large,batch,count,spread,b-dedup-hash,32,3,0,0.164458443,,,,,,,1167344,4000
large,batch,count,spread,b-dedup-local,32,3,1,0.153004095,,,,,,,1156592,4000
large,batch,count,spread,b-pair-local,32,3,2,0.110901698,,,,,,,1922668,4000
large,batch,count,spread,b-main,32,3,3,0.174300825,,,,,,,1156588,4000
large,batch,count,spread,b-hash,32,3,4,0.085982084,,,,,,,1813100,4000
large,batch,count,spread,b-hash-combine,32,3,5,0.121958337,,,,,,,1957996,4000
large,batch,count,spread,b-dedup-local,32,4,0,0.151018795,,,,,,,1162736,4000
large,batch,count,spread,b-pair-local,32,4,1,0.1353495,,,,,,,1837664,4000
large,batch,count,spread,b-main,32,4,2,0.179049716,,,,,,,1181676,4000
large,batch,count,spread,b-hash,32,4,3,0.081965185,,,,,,,1807984,4000
large,batch,count,spread,b-hash-combine,32,4,4,0.149735871,,,,,,,1886312,4000
large,batch,count,spread,b-dedup-hash,32,4,5,0.209397834,,,,,,,1127916,4000
small-dup,batch,min,local,b-hash-local,32,-1,0,0.046164483,,,,,,,1028064,1000000
small-dup,batch,min,local,b-main,32,-1,1,0.172419987,,,,,,,1073128,1000000
small-dup,batch,min,local,b-hash,32,-1,2,0.044015107,,,,,,,1122284,1000000
small-dup,batch,min,local,b-hash-combine,32,-1,3,0.031757915,,,,,,,934364,1000000
small-dup,batch,min,local,b-main,32,0,0,0.111047199,,,,,,,1285636,1000000
small-dup,batch,min,local,b-hash,32,0,1,0.054692562,,,,,,,1034212,1000000
small-dup,batch,min,local,b-hash-combine,32,0,2,0.046448123,,,,,,,937948,1000000
small-dup,batch,min,local,b-hash-local,32,0,3,0.046545239,,,,,,,960776,1000000
small-dup,batch,min,local,b-hash,32,1,0,0.049912632,,,,,,,1058068,1000000
small-dup,batch,min,local,b-hash-combine,32,1,1,0.045742781,,,,,,,1031652,1000000
small-dup,batch,min,local,b-hash-local,32,1,2,0.044326949,,,,,,,979416,1000000
small-dup,batch,min,local,b-main,32,1,3,0.169177114,,,,,,,1275904,1000000
small-dup,batch,min,local,b-hash-combine,32,2,0,0.032579045,,,,,,,996628,1000000
small-dup,batch,min,local,b-hash-local,32,2,1,0.046690414,,,,,,,1011680,1000000
small-dup,batch,min,local,b-main,32,2,2,0.169600994,,,,,,,1073128,1000000
small-dup,batch,min,local,b-hash,32,2,3,0.04639697,,,,,,,971020,1000000
small-dup,batch,min,local,b-hash-local,32,3,0,0.02998675,,,,,,,946132,1000000
small-dup,batch,min,local,b-main,32,3,1,0.139374652,,,,,,,1260984,1000000
small-dup,batch,min,local,b-hash,32,3,2,0.058130332,,,,,,,1095656,1000000
small-dup,batch,min,local,b-hash-combine,32,3,3,0.040868856,,,,,,,927704,1000000
small-dup,batch,min,local,b-main,32,4,0,0.111260811,,,,,,,1173484,1000000
small-dup,batch,min,local,b-hash,32,4,1,0.037934952,,,,,,,1048044,1000000
small-dup,batch,min,local,b-hash-combine,32,4,2,0.039366987,,,,,,,1026020,1000000
small-dup,batch,min,local,b-hash-local,32,4,3,0.045845329,,,,,,,972244,1000000
small-dup,batch,min,spread,b-hash-local,32,-1,0,0.077208885,,,,,,,1062892,1000000
small-dup,batch,min,spread,b-main,32,-1,1,0.173133813,,,,,,,970204,1000000
small-dup,batch,min,spread,b-hash,32,-1,2,0.049529445,,,,,,,956172,1000000
small-dup,batch,min,spread,b-hash-combine,32,-1,3,0.09079346,,,,,,,1198068,1000000
small-dup,batch,min,spread,b-main,32,0,0,0.183364397,,,,,,,1058276,1000000
small-dup,batch,min,spread,b-hash,32,0,1,0.056116223,,,,,,,958428,1000000
small-dup,batch,min,spread,b-hash-combine,32,0,2,0.092046787,,,,,,,1179504,1000000
small-dup,batch,min,spread,b-hash-local,32,0,3,0.081211058,,,,,,,1040160,1000000
small-dup,batch,min,spread,b-hash,32,1,0,0.044602915,,,,,,,1023968,1000000
small-dup,batch,min,spread,b-hash-combine,32,1,1,0.085293465,,,,,,,1253884,1000000
small-dup,batch,min,spread,b-hash-local,32,1,2,0.076935319,,,,,,,1009132,1000000
small-dup,batch,min,spread,b-main,32,1,3,0.114927057,,,,,,,1099244,1000000
small-dup,batch,min,spread,b-hash-combine,32,2,0,0.08828937,,,,,,,1234944,1000000
small-dup,batch,min,spread,b-hash-local,32,2,1,0.077227977,,,,,,,1056600,1000000
small-dup,batch,min,spread,b-main,32,2,2,0.149191235,,,,,,,1249276,1000000
small-dup,batch,min,spread,b-hash,32,2,3,0.057287611,,,,,,,1009632,1000000
small-dup,batch,min,spread,b-hash-local,32,3,0,0.056428624,,,,,,,1071084,1000000
small-dup,batch,min,spread,b-main,32,3,1,0.170087878,,,,,,,1134568,1000000
small-dup,batch,min,spread,b-hash,32,3,2,0.055581491,,,,,,,1011164,1000000
small-dup,batch,min,spread,b-hash-combine,32,3,3,0.068486844,,,,,,,1269252,1000000
small-dup,batch,min,spread,b-main,32,4,0,0.139858292,,,,,,,1011672,1000000
small-dup,batch,min,spread,b-hash,32,4,1,0.053319015,,,,,,,995296,1000000
small-dup,batch,min,spread,b-hash-combine,32,4,2,0.07848002,,,,,,,1259512,1000000
small-dup,batch,min,spread,b-hash-local,32,4,3,0.078979856,,,,,,,1085416,1000000
small-dup,batch,max,local,b-hash-local,32,-1,0,0.04602259,,,,,,,997344,1000000
small-dup,batch,max,local,b-main,32,-1,1,0.177381895,,,,,,,1036252,1000000
small-dup,batch,max,local,b-hash,32,-1,2,0.05075879,,,,,,,1082860,1000000
small-dup,batch,max,local,b-hash-combine,32,-1,3,0.061016577,,,,,,,990676,1000000
small-dup,batch,max,local,b-main,32,0,0,0.120156545,,,,,,,1218552,1000000
small-dup,batch,max,local,b-hash,32,0,1,0.037581637,,,,,,,1035744,1000000
small-dup,batch,max,local,b-hash-combine,32,0,2,0.046719279,,,,,,,913364,1000000
small-dup,batch,max,local,b-hash-local,32,0,3,0.046345099,,,,,,,931588,1000000
small-dup,batch,max,local,b-hash,32,1,0,0.058232188,,,,,,,1009632,1000000
small-dup,batch,max,local,b-hash-combine,32,1,1,0.042619231,,,,,,,878028,1000000
small-dup,batch,max,local,b-hash-local,32,1,2,0.042398023,,,,,,,1013216,1000000
small-dup,batch,max,local,b-main,32,1,3,0.11184814,,,,,,,1271808,1000000
small-dup,batch,max,local,b-hash-combine,32,2,0,0.043743934,,,,,,,955864,1000000
small-dup,batch,max,local,b-hash-local,32,2,1,0.042951721,,,,,,,1005024,1000000
small-dup,batch,max,local,b-main,32,2,2,0.112475742,,,,,,,1347608,1000000
small-dup,batch,max,local,b-hash,32,2,3,0.041135219,,,,,,,1183020,1000000
small-dup,batch,max,local,b-hash-local,32,3,0,0.039886239,,,,,,,958424,1000000
small-dup,batch,max,local,b-main,32,3,1,0.139859742,,,,,,,1234940,1000000
small-dup,batch,max,local,b-hash,32,3,2,0.048738957,,,,,,,984540,1000000
small-dup,batch,max,local,b-hash-combine,32,3,3,0.044373338,,,,,,,1007588,1000000
small-dup,batch,max,local,b-main,32,4,0,0.156873054,,,,,,,1099164,1000000
small-dup,batch,max,local,b-hash,32,4,1,0.051273189,,,,,,,1084904,1000000
small-dup,batch,max,local,b-hash-combine,32,4,2,0.031355468,,,,,,,922072,1000000
small-dup,batch,max,local,b-hash-local,32,4,3,0.046511805,,,,,,,997856,1000000
small-dup,batch,max,spread,b-hash-local,32,-1,0,0.076609681,,,,,,,1044448,1000000
small-dup,batch,max,spread,b-main,32,-1,1,0.146163077,,,,,,,978396,1000000
small-dup,batch,max,spread,b-hash,32,-1,2,0.046563006,,,,,,,1021916,1000000
small-dup,batch,max,spread,b-hash-combine,32,-1,3,0.088400527,,,,,,,1221116,1000000
small-dup,batch,max,spread,b-main,32,0,0,0.116035839,,,,,,,1134564,1000000
small-dup,batch,max,spread,b-hash,32,0,1,0.040140161,,,,,,,1036260,1000000
small-dup,batch,max,spread,b-hash-combine,32,0,2,0.083007511,,,,,,,1183736,1000000
small-dup,batch,max,spread,b-hash-local,32,0,3,0.084024616,,,,,,,1046500,1000000
small-dup,batch,max,spread,b-hash,32,1,0,0.057736625,,,,,,,1070360,1000000
small-dup,batch,max,spread,b-hash-combine,32,1,1,0.088270545,,,,,,,1353740,1000000
small-dup,batch,max,spread,b-hash-local,32,1,2,0.077404963,,,,,,,1058280,1000000
small-dup,batch,max,spread,b-main,32,1,3,0.116740496,,,,,,,1138672,1000000
small-dup,batch,max,spread,b-hash-combine,32,2,0,0.0882071,,,,,,,1277956,1000000
small-dup,batch,max,spread,b-hash-local,32,2,1,0.07253267,,,,,,,1072620,1000000
small-dup,batch,max,spread,b-main,32,2,2,0.187515563,,,,,,,1020380,1000000
small-dup,batch,max,spread,b-hash,32,2,3,0.050277328,,,,,,,1044448,1000000
small-dup,batch,max,spread,b-hash-local,32,3,0,0.051916974,,,,,,,1099756,1000000
small-dup,batch,max,spread,b-main,32,3,1,0.136586175,,,,,,,1009116,1000000
small-dup,batch,max,spread,b-hash,32,3,2,0.052847513,,,,,,,974820,1000000
small-dup,batch,max,spread,b-hash-combine,32,3,3,0.090512329,,,,,,,1259516,1000000
small-dup,batch,max,spread,b-main,32,4,0,0.117008045,,,,,,,1150444,1000000
small-dup,batch,max,spread,b-hash,32,4,1,0.053268567,,,,,,,1037796,1000000
small-dup,batch,max,spread,b-hash-combine,32,4,2,0.084699197,,,,,,,1273860,1000000
small-dup,batch,max,spread,b-hash-local,32,4,3,0.071132467,,,,,,,1077224,1000000
small-dup,batch,sum,local,b-pair-local,32,-1,0,0.093837737,,,,,,,1212924,1000000
small-dup,batch,sum,local,b-main,32,-1,1,0.11653462,,,,,,,1216512,1000000
small-dup,batch,sum,local,b-hash,32,-1,2,0.068866546,,,,,,,1121772,1000000
small-dup,batch,sum,local,b-hash-combine,32,-1,3,0.076357461,,,,,,,979928,1000000
small-dup,batch,sum,local,b-dedup-hash,32,-1,4,0.141052439,,,,,,,1189872,1000000
small-dup,batch,sum,local,b-dedup-local,32,-1,5,0.177771553,,,,,,,1005536,1000000
small-dup,batch,sum,local,b-main,32,0,0,0.108463524,,,,,,,1058784,1000000
small-dup,batch,sum,local,b-hash,32,0,1,0.064147246,,,,,,,1169296,1000000
small-dup,batch,sum,local,b-hash-combine,32,0,2,0.07010348,,,,,,,1013732,1000000
small-dup,batch,sum,local,b-dedup-hash,32,0,3,0.166126906,,,,,,,1093612,1000000
small-dup,batch,sum,local,b-dedup-local,32,0,4,0.19223323,,,,,,,1284100,1000000
small-dup,batch,sum,local,b-pair-local,32,0,5,0.071881983,,,,,,,1193472,1000000
small-dup,batch,sum,local,b-hash,32,1,0,0.051941702,,,,,,,1095656,1000000
small-dup,batch,sum,local,b-hash-combine,32,1,1,0.063503715,,,,,,,1031648,1000000
small-dup,batch,sum,local,b-dedup-hash,32,1,2,0.12982524,,,,,,,1138164,1000000
small-dup,batch,sum,local,b-dedup-local,32,1,3,0.122412572,,,,,,,1193464,1000000
small-dup,batch,sum,local,b-pair-local,32,1,4,0.090815677,,,,,,,1179640,1000000
small-dup,batch,sum,local,b-main,32,1,5,0.169563905,,,,,,,1076572,1000000
small-dup,batch,sum,local,b-hash-combine,32,2,0,0.076786651,,,,,,,1009116,1000000
small-dup,batch,sum,local,b-dedup-hash,32,2,1,0.115995878,,,,,,,1154536,1000000
small-dup,batch,sum,local,b-dedup-local,32,2,2,0.154007152,,,,,,,1193976,1000000
small-dup,batch,sum,local,b-pair-local,32,2,3,0.091769624,,,,,,,1164792,1000000
small-dup,batch,sum,local,b-main,32,2,4,0.147008881,,,,,,,1191932,1000000
small-dup,batch,sum,local,b-hash,32,2,5,0.066938018,,,,,,,1368092,1000000
small-dup,batch,sum,local,b-dedup-hash,32,3,0,0.110302796,,,,,,,1112044,1000000
small-dup,batch,sum,local,b-dedup-local,32,3,1,0.12364941,,,,,,,1144820,1000000
small-dup,batch,sum,local,b-pair-local,32,3,2,0.065160839,,,,,,,1165296,1000000
small-dup,batch,sum,local,b-main,32,3,3,0.147056349,,,,,,,1269764,1000000
small-dup,batch,sum,local,b-hash,32,3,4,0.068513102,,,,,,,1155064,1000000
small-dup,batch,sum,local,b-hash-combine,32,3,5,0.071086272,,,,,,,1031648,1000000
small-dup,batch,sum,local,b-dedup-local,32,4,0,0.118669317,,,,,,,1031648,1000000
small-dup,batch,sum,local,b-pair-local,32,4,1,0.09826314,,,,,,,1179640,1000000
small-dup,batch,sum,local,b-main,32,4,2,0.149120292,,,,,,,1193976,1000000
small-dup,batch,sum,local,b-hash,32,4,3,0.071026456,,,,,,,1187316,1000000
small-dup,batch,sum,local,b-hash-combine,32,4,4,0.078101045,,,,,,,1009632,1000000
small-dup,batch,sum,local,b-dedup-hash,32,4,5,0.135734016,,,,,,,1136616,1000000
small-dup,batch,sum,spread,b-pair-local,32,-1,0,0.09546448,,,,,,,1183224,1000000
small-dup,batch,sum,spread,b-main,32,-1,1,0.134165886,,,,,,,976852,1000000
small-dup,batch,sum,spread,b-hash,32,-1,2,0.06239116,,,,,,,1107948,1000000
small-dup,batch,sum,spread,b-hash-combine,32,-1,3,0.107777251,,,,,,,1850472,1000000
small-dup,batch,sum,spread,b-dedup-hash,32,-1,4,0.178626931,,,,,,,1036252,1000000
small-dup,batch,sum,spread,b-dedup-local,32,-1,5,0.149314559,,,,,,,1097700,1000000
small-dup,batch,sum,spread,b-main,32,0,0,0.190292457,,,,,,,1038156,1000000
small-dup,batch,sum,spread,b-hash,32,0,1,0.063298358,,,,,,,1115628,1000000
small-dup,batch,sum,spread,b-hash-combine,32,0,2,0.099215656,,,,,,,1905256,1000000
small-dup,batch,sum,spread,b-dedup-hash,32,0,3,0.178249098,,,,,,,989148,1000000
small-dup,batch,sum,spread,b-dedup-local,32,0,4,0.200478897,,,,,,,1433624,1000000
small-dup,batch,sum,spread,b-pair-local,32,0,5,0.091324775,,,,,,,1171448,1000000
small-dup,batch,sum,spread,b-hash,32,1,0,0.067016065,,,,,,,1094940,1000000
small-dup,batch,sum,spread,b-hash-combine,32,1,1,0.113908818,,,,,,,1684052,1000000
small-dup,batch,sum,spread,b-dedup-hash,32,1,2,0.145217598,,,,,,,1048544,1000000
small-dup,batch,sum,spread,b-dedup-local,32,1,3,0.197813357,,,,,,,1052136,1000000
small-dup,batch,sum,spread,b-pair-local,32,1,4,0.097052355,,,,,,,1199608,1000000
small-dup,batch,sum,spread,b-main,32,1,5,0.177543227,,,,,,,1034212,1000000
small-dup,batch,sum,spread,b-hash-combine,32,2,0,0.105926323,,,,,,,1894504,1000000
small-dup,batch,sum,spread,b-dedup-hash,32,2,1,0.172501735,,,,,,,985052,1000000
small-dup,batch,sum,spread,b-dedup-local,32,2,2,0.15622925,,,,,,,1136620,1000000
small-dup,batch,sum,spread,b-pair-local,32,2,3,0.084932201,,,,,,,1194492,1000000
small-dup,batch,sum,spread,b-main,32,2,4,0.11600417,,,,,,,1071076,1000000
small-dup,batch,sum,spread,b-hash,32,2,5,0.072926641,,,,,,,1140508,1000000
small-dup,batch,sum,spread,b-dedup-hash,32,3,0,0.146939147,,,,,,,1040348,1000000
small-dup,batch,sum,spread,b-dedup-local,32,3,1,0.187419608,,,,,,,1062372,1000000
small-dup,batch,sum,spread,b-pair-local,32,3,2,0.08803534,,,,,,,1177084,1000000
small-dup,batch,sum,spread,b-main,32,3,3,0.111361544,,,,,,,975832,1000000
small-dup,batch,sum,spread,b-hash,32,3,4,0.069696066,,,,,,,1126384,1000000
small-dup,batch,sum,spread,b-hash-combine,32,3,5,0.134785546,,,,,,,1683540,1000000
small-dup,batch,sum,spread,b-dedup-local,32,4,0,0.148840834,,,,,,,1013216,1000000
small-dup,batch,sum,spread,b-pair-local,32,4,1,0.064561096,,,,,,,1171452,1000000
small-dup,batch,sum,spread,b-main,32,4,2,0.141585681,,,,,,,973268,1000000
small-dup,batch,sum,spread,b-hash,32,4,3,0.064583445,,,,,,,1122288,1000000
small-dup,batch,sum,spread,b-hash-combine,32,4,4,0.122171643,,,,,,,1716828,1000000
small-dup,batch,sum,spread,b-dedup-hash,32,4,5,0.171510669,,,,,,,1030624,1000000
small-dup,batch,count,local,b-pair-local,32,-1,0,0.068776448,,,,,,,1212920,1000000
small-dup,batch,count,local,b-main,32,-1,1,0.171762588,,,,,,,1061348,1000000
small-dup,batch,count,local,b-hash,32,-1,2,0.071519334,,,,,,,1162744,1000000
small-dup,batch,count,local,b-hash-combine,32,-1,3,0.062638978,,,,,,,1027416,1000000
small-dup,batch,count,local,b-dedup-hash,32,-1,4,0.104822819,,,,,,,1079268,1000000
small-dup,batch,count,local,b-dedup-local,32,-1,5,0.116160631,,,,,,,1158640,1000000
small-dup,batch,count,local,b-main,32,0,0,0.107660132,,,,,,,1083368,1000000
small-dup,batch,count,local,b-hash,32,0,1,0.063949417,,,,,,,1072616,1000000
small-dup,batch,count,local,b-hash-combine,32,0,2,0.075748456,,,,,,,1021408,1000000
small-dup,batch,count,local,b-dedup-hash,32,0,3,0.103412577,,,,,,,1011672,1000000
small-dup,batch,count,local,b-dedup-local,32,0,4,0.179319424,,,,,,,1146864,1000000
small-dup,batch,count,local,b-pair-local,32,0,5,0.09393361,,,,,,,1193984,1000000
small-dup,batch,count,local,b-hash,32,1,0,0.047780727,,,,,,,1116140,1000000
small-dup,batch,count,local,b-hash-combine,32,1,1,0.078706679,,,,,,,1081832,1000000
small-dup,batch,count,local,b-dedup-hash,32,1,2,0.132400177,,,,,,,1189880,1000000
small-dup,batch,count,local,b-dedup-local,32,1,3,0.174624017,,,,,,,1056744,1000000
small-dup,batch,count,local,b-pair-local,32,1,4,0.085553944,,,,,,,1210364,1000000
small-dup,batch,count,local,b-main,32,1,5,0.165161878,,,,,,,1007580,1000000
small-dup,batch,count,local,b-hash-combine,32,2,0,0.061277977,,,,,,,1040864,1000000
small-dup,batch,count,local,b-dedup-hash,32,2,1,0.163735098,,,,,,,1030624,1000000
small-dup,batch,count,local,b-dedup-local,32,2,2,0.166569843,,,,,,,991200,1000000
small-dup,batch,count,local,b-pair-local,32,2,3,0.066448796,,,,,,,1185780,1000000
small-dup,batch,count,local,b-main,32,2,4,0.175849255,,,,,,,1103856,1000000
small-dup,batch,count,local,b-hash,32,2,5,0.057446539,,,,,,,1206772,1000000
small-dup,batch,count,local,b-dedup-hash,32,3,0,0.111490301,,,,,,,1089516,1000000
small-dup,batch,count,local,b-dedup-local,32,3,1,0.147630455,,,,,,,1183736,1000000
small-dup,batch,count,local,b-pair-local,32,3,2,0.071644747,,,,,,,1167352,1000000
small-dup,batch,count,local,b-main,32,3,3,0.161278849,,,,,,,1007588,1000000
small-dup,batch,count,local,b-hash,32,3,4,0.072919446,,,,,,,1206712,1000000
small-dup,batch,count,local,b-hash-combine,32,3,5,0.070893186,,,,,,,993240,1000000
small-dup,batch,count,local,b-dedup-local,32,4,0,0.149152442,,,,,,,1064936,1000000
small-dup,batch,count,local,b-pair-local,32,4,1,0.062641998,,,,,,,1200120,1000000
small-dup,batch,count,local,b-main,32,4,2,0.173705313,,,,,,,1060840,1000000
small-dup,batch,count,local,b-hash,32,4,3,0.060510635,,,,,,,1137956,1000000
small-dup,batch,count,local,b-hash-combine,32,4,4,0.060118358,,,,,,,1033696,1000000
small-dup,batch,count,local,b-dedup-hash,32,4,5,0.166059913,,,,,,,1166840,1000000
small-dup,batch,count,spread,b-pair-local,32,-1,0,0.093026211,,,,,,,1233196,1000000
small-dup,batch,count,spread,b-main,32,-1,1,0.12403237,,,,,,,930252,1000000
small-dup,batch,count,spread,b-hash,32,-1,2,0.064636066,,,,,,,1128432,1000000
small-dup,batch,count,spread,b-hash-combine,32,-1,3,0.12342154,,,,,,,1677396,1000000
small-dup,batch,count,spread,b-dedup-hash,32,-1,4,0.168892074,,,,,,,1001952,1000000
small-dup,batch,count,spread,b-dedup-local,32,-1,5,0.137324139,,,,,,,1014240,1000000
small-dup,batch,count,spread,b-main,32,0,0,0.191334086,,,,,,,1032160,1000000
small-dup,batch,count,spread,b-hash,32,0,1,0.06822483,,,,,,,1087768,1000000
small-dup,batch,count,spread,b-hash-combine,32,0,2,0.137709364,,,,,,,1722460,1000000
small-dup,batch,count,spread,b-dedup-hash,32,0,3,0.175105324,,,,,,,1118192,1000000
small-dup,batch,count,spread,b-dedup-local,32,0,4,0.195657033,,,,,,,1044968,1000000
small-dup,batch,count,spread,b-pair-local,32,0,5,0.089104005,,,,,,,1187832,1000000
small-dup,batch,count,spread,b-hash,32,1,0,0.053361812,,,,,,,1111528,1000000
small-dup,batch,count,spread,b-hash-combine,32,1,1,0.094117666,,,,,,,1855604,1000000
small-dup,batch,count,spread,b-dedup-hash,32,1,2,0.11630108,,,,,,,1034204,1000000
small-dup,batch,count,spread,b-dedup-local,32,1,3,0.190699012,,,,,,,1095664,1000000
small-dup,batch,count,spread,b-pair-local,32,1,4,0.075701211,,,,,,,1204732,1000000
small-dup,batch,count,spread,b-main,32,1,5,0.174674181,,,,,,,931800,1000000
small-dup,batch,count,spread,b-hash-combine,32,2,0,0.138960313,,,,,,,1671772,1000000
small-dup,batch,count,spread,b-dedup-hash,32,2,1,0.172171352,,,,,,,1031648,1000000
small-dup,batch,count,spread,b-dedup-local,32,2,2,0.183704637,,,,,,,1044444,1000000
small-dup,batch,count,spread,b-pair-local,32,2,3,0.096687181,,,,,,,1180156,1000000
small-dup,batch,count,spread,b-main,32,2,4,0.142333437,,,,,,,937940,1000000
small-dup,batch,count,spread,b-hash,32,2,5,0.070339874,,,,,,,1138468,1000000
small-dup,batch,count,spread,b-dedup-hash,32,3,0,0.108345311,,,,,,,988636,1000000
small-dup,batch,count,spread,b-dedup-local,32,3,1,0.191299918,,,,,,,1067496,1000000
small-dup,batch,count,spread,b-pair-local,32,3,2,0.068737579,,,,,,,1181692,1000000
small-dup,batch,count,spread,b-main,32,3,3,0.141871926,,,,,,,1007580,1000000
small-dup,batch,count,spread,b-hash,32,3,4,0.053557921,,,,,,,1113580,1000000
small-dup,batch,count,spread,b-hash-combine,32,3,5,0.139468958,,,,,,,1683544,1000000
small-dup,batch,count,spread,b-dedup-local,32,4,0,0.17779382,,,,,,,1030636,1000000
small-dup,batch,count,spread,b-pair-local,32,4,1,0.086373765,,,,,,,1230844,1000000
small-dup,batch,count,spread,b-main,32,4,2,0.174043564,,,,,,,970712,1000000
small-dup,batch,count,spread,b-hash,32,4,3,0.067004989,,,,,,,1103852,1000000
small-dup,batch,count,spread,b-hash-combine,32,4,4,0.134261808,,,,,,,1676888,1000000
small-dup,batch,count,spread,b-dedup-hash,32,4,5,0.183824677,,,,,,,1031552,1000000
large-dup,batch,min,local,b-hash-local,32,-1,0,0.033817899,,,,,,,926168,4000
large-dup,batch,min,local,b-main,32,-1,1,0.179363081,,,,,,,1134580,4000
large-dup,batch,min,local,b-hash,32,-1,2,0.049161732,,,,,,,939992,4000
large-dup,batch,min,local,b-hash-combine,32,-1,3,0.037267734,,,,,,,974812,4000
large-dup,batch,min,local,b-main,32,0,0,0.122107033,,,,,,,1212916,4000
large-dup,batch,min,local,b-hash,32,0,1,0.045958228,,,,,,,983012,4000
large-dup,batch,min,local,b-hash-combine,32,0,2,0.036228403,,,,,,,862024,4000
large-dup,batch,min,local,b-hash-local,32,0,3,0.034775377,,,,,,,940000,4000
large-dup,batch,min,local,b-hash,32,1,0,0.034767096,,,,,,,1023976,4000
large-dup,batch,min,local,b-hash-combine,32,1,1,0.038588095,,,,,,,868304,4000
large-dup,batch,min,local,b-hash-local,32,1,2,0.022330895,,,,,,,906708,4000
large-dup,batch,min,local,b-main,32,1,3,0.174264595,,,,,,,1140716,4000
large-dup,batch,min,local,b-hash-combine,32,2,0,0.037308859,,,,,,,943584,4000
large-dup,batch,min,local,b-hash-local,32,2,1,0.036567411,,,,,,,862156,4000
large-dup,batch,min,local,b-main,32,2,2,0.166249194,,,,,,,1041380,4000
large-dup,batch,min,local,b-hash,32,2,3,0.049745389,,,,,,,1103856,4000
large-dup,batch,min,local,b-hash-local,32,3,0,0.026980608,,,,,,,921552,4000
large-dup,batch,min,local,b-main,32,3,1,0.105587172,,,,,,,1030112,4000
large-dup,batch,min,local,b-hash,32,3,2,0.048036233,,,,,,,1103864,4000
large-dup,batch,min,local,b-hash-combine,32,3,3,0.023760474,,,,,,,906712,4000
large-dup,batch,min,local,b-main,32,4,0,0.152917377,,,,,,,1257476,4000
large-dup,batch,min,local,b-hash,32,4,1,0.042977424,,,,,,,1036260,4000
large-dup,batch,min,local,b-hash-combine,32,4,2,0.036981015,,,,,,,927708,4000
large-dup,batch,min,local,b-hash-local,32,4,3,0.033797291,,,,,,,966108,4000
large-dup,batch,min,spread,b-hash-local,32,-1,0,0.036500603,,,,,,,899540,4000
large-dup,batch,min,spread,b-main,32,-1,1,0.141969369,,,,,,,1006040,4000
large-dup,batch,min,spread,b-hash,32,-1,2,0.035653682,,,,,,,1013724,4000
large-dup,batch,min,spread,b-hash-combine,32,-1,3,0.022578132,,,,,,,861660,4000
large-dup,batch,min,spread,b-main,32,0,0,0.127407567,,,,,,,995272,4000
large-dup,batch,min,spread,b-hash,32,0,1,0.051097185,,,,,,,970716,4000
large-dup,batch,min,spread,b-hash-combine,32,0,2,0.032626831,,,,,,,853960,4000
large-dup,batch,min,spread,b-hash-local,32,0,3,0.036088976,,,,,,,933848,4000
large-dup,batch,min,spread,b-hash,32,1,0,0.046337416,,,,,,,968524,4000
large-dup,batch,min,spread,b-hash-combine,32,1,1,0.027480821,,,,,,,944088,4000
large-dup,batch,min,spread,b-hash-local,32,1,2,0.03909308,,,,,,,935896,4000
large-dup,batch,min,spread,b-main,32,1,3,0.142077448,,,,,,,1034212,4000
large-dup,batch,min,spread,b-hash-combine,32,2,0,0.028291503,,,,,,,904660,4000
large-dup,batch,min,spread,b-hash-local,32,2,1,0.041015268,,,,,,,951764,4000
large-dup,batch,min,spread,b-main,32,2,2,0.187188198,,,,,,,1015256,4000
large-dup,batch,min,spread,b-hash,32,2,3,0.048987355,,,,,,,984540,4000
large-dup,batch,min,spread,b-hash-local,32,3,0,0.025207253,,,,,,,868308,4000
large-dup,batch,min,spread,b-main,32,3,1,0.112673429,,,,,,,1028064,4000
large-dup,batch,min,spread,b-hash,32,3,2,0.033308878,,,,,,,909780,4000
large-dup,batch,min,spread,b-hash-combine,32,3,3,0.037502046,,,,,,,882636,4000
large-dup,batch,min,spread,b-main,32,4,0,0.175854091,,,,,,,966108,4000
large-dup,batch,min,spread,b-hash,32,4,1,0.031870406,,,,,,,896976,4000
large-dup,batch,min,spread,b-hash-combine,32,4,2,0.041878987,,,,,,,880596,4000
large-dup,batch,min,spread,b-hash-local,32,4,3,0.024728182,,,,,,,881104,4000
large-dup,batch,max,local,b-hash-local,32,-1,0,0.036479429,,,,,,,925008,4000
large-dup,batch,max,local,b-main,32,-1,1,0.135457134,,,,,,,1210884,4000
large-dup,batch,max,local,b-hash,32,-1,2,0.047022289,,,,,,,1015780,4000
large-dup,batch,max,local,b-hash-combine,32,-1,3,0.034974886,,,,,,,944088,4000
large-dup,batch,max,local,b-main,32,0,0,0.10513464,,,,,,,1253892,4000
large-dup,batch,max,local,b-hash,32,0,1,0.045438852,,,,,,,1013732,4000
large-dup,batch,max,local,b-hash-combine,32,0,2,0.032858512,,,,,,,1022440,4000
large-dup,batch,max,local,b-hash-local,32,0,3,0.033037186,,,,,,,956892,4000
large-dup,batch,max,local,b-hash,32,1,0,0.053188238,,,,,,,1046504,4000
large-dup,batch,max,local,b-hash-combine,32,1,1,0.032914991,,,,,,,954340,4000
large-dup,batch,max,local,b-hash-local,32,1,2,0.024714279,,,,,,,933848,4000
large-dup,batch,max,local,b-main,32,1,3,0.148505277,,,,,,,1086956,4000
large-dup,batch,max,local,b-hash-combine,32,2,0,0.034465127,,,,,,,1002980,4000
large-dup,batch,max,local,b-hash-local,32,2,1,0.02441503,,,,,,,932312,4000
large-dup,batch,max,local,b-main,32,2,2,0.110189461,,,,,,,1118700,4000
large-dup,batch,max,local,b-hash,32,2,3,0.04969005,,,,,,,1038312,4000
large-dup,batch,max,local,b-hash-local,32,3,0,0.031109052,,,,,,,888800,4000
large-dup,batch,max,local,b-main,32,3,1,0.120651203,,,,,,,1263620,4000
large-dup,batch,max,local,b-hash,32,3,2,0.033655446,,,,,,,999392,4000
large-dup,batch,max,local,b-hash-combine,32,3,3,0.034391528,,,,,,,921556,4000
large-dup,batch,max,local,b-main,32,4,0,0.134196833,,,,,,,1157112,4000
large-dup,batch,max,local,b-hash,32,4,1,0.052862807,,,,,,,1122800,4000
large-dup,batch,max,local,b-hash-combine,32,4,2,0.030997293,,,,,,,949728,4000
large-dup,batch,max,local,b-hash-local,32,4,3,0.031287881,,,,,,,1004004,4000
large-dup,batch,max,spread,b-hash-local,32,-1,0,0.028390479,,,,,,,863692,4000
large-dup,batch,max,spread,b-main,32,-1,1,0.189970525,,,,,,,1126244,4000
large-dup,batch,max,spread,b-hash,32,-1,2,0.037860635,,,,,,,1000920,4000
large-dup,batch,max,spread,b-hash-combine,32,-1,3,0.029313588,,,,,,,870348,4000
large-dup,batch,max,spread,b-main,32,0,0,0.120714942,,,,,,,1028064,4000
large-dup,batch,max,spread,b-hash,32,0,1,0.038640705,,,,,,,1052140,4000
large-dup,batch,max,spread,b-hash-combine,32,0,2,0.034643658,,,,,,,841688,4000
large-dup,batch,max,spread,b-hash-local,32,0,3,0.039703771,,,,,,,924128,4000
large-dup,batch,max,spread,b-hash,32,1,0,0.051644218,,,,,,,915924,4000
large-dup,batch,max,spread,b-hash-combine,32,1,1,0.023318321,,,,,,,844244,4000
large-dup,batch,max,spread,b-hash-local,32,1,2,0.036481563,,,,,,,929748,4000
large-dup,batch,max,spread,b-main,32,1,3,0.110866648,,,,,,,977372,4000
large-dup,batch,max,spread,b-hash-combine,32,2,0,0.034343704,,,,,,,880596,4000
large-dup,batch,max,spread,b-hash-local,32,2,1,0.036623935,,,,,,,872400,4000
large-dup,batch,max,spread,b-main,32,2,2,0.184180964,,,,,,,993752,4000
large-dup,batch,max,spread,b-hash,32,2,3,0.048747732,,,,,,,938456,4000
large-dup,batch,max,spread,b-hash-local,32,3,0,0.034166062,,,,,,,876496,4000
large-dup,batch,max,spread,b-main,32,3,1,0.113322151,,,,,,,1008092,4000
large-dup,batch,max,spread,b-hash,32,3,2,0.043461981,,,,,,,920980,4000
large-dup,batch,max,spread,b-hash-combine,32,3,3,0.036521025,,,,,,,838100,4000
large-dup,batch,max,spread,b-main,32,4,0,0.120693696,,,,,,,932308,4000
large-dup,batch,max,spread,b-hash,32,4,1,0.038111031,,,,,,,993240,4000
large-dup,batch,max,spread,b-hash-combine,32,4,2,0.0234563,,,,,,,874824,4000
large-dup,batch,max,spread,b-hash-local,32,4,3,0.027066453,,,,,,,885208,4000
large-dup,batch,sum,local,b-pair-local,32,-1,0,0.072788268,,,,,,,1118184,4000
large-dup,batch,sum,local,b-main,32,-1,1,0.110940772,,,,,,,1056744,4000
large-dup,batch,sum,local,b-hash,32,-1,2,0.060876558,,,,,,,1064280,4000
large-dup,batch,sum,local,b-hash-combine,32,-1,3,0.06988875,,,,,,,1023968,4000
large-dup,batch,sum,local,b-dedup-hash,32,-1,4,0.18450134,,,,,,,1231356,4000
large-dup,batch,sum,local,b-dedup-local,32,-1,5,0.105945386,,,,,,,1038312,4000
large-dup,batch,sum,local,b-main,32,0,0,0.159442583,,,,,,,1011680,4000
large-dup,batch,sum,local,b-hash,32,0,1,0.059773677,,,,,,,1075180,4000
large-dup,batch,sum,local,b-hash-combine,32,0,2,0.049693948,,,,,,,1073128,4000
large-dup,batch,sum,local,b-dedup-hash,32,0,3,0.127506799,,,,,,,1012196,4000
large-dup,batch,sum,local,b-dedup-local,32,0,4,0.167307899,,,,,,,1077740,4000
large-dup,batch,sum,local,b-pair-local,32,0,5,0.084509598,,,,,,,1108464,4000
large-dup,batch,sum,local,b-hash,32,1,0,0.061467273,,,,,,,1099760,4000
large-dup,batch,sum,local,b-hash-combine,32,1,1,0.085598745,,,,,,,976348,4000
large-dup,batch,sum,local,b-dedup-hash,32,1,2,0.172114955,,,,,,,1143284,4000
large-dup,batch,sum,local,b-dedup-local,32,1,3,0.162659978,,,,,,,1103848,4000
large-dup,batch,sum,local,b-pair-local,32,1,4,0.063491905,,,,,,,1128436,4000
large-dup,batch,sum,local,b-main,32,1,5,0.178745484,,,,,,,1181692,4000
large-dup,batch,sum,local,b-hash-combine,32,2,0,0.064323642,,,,,,,1051108,4000
large-dup,batch,sum,local,b-dedup-hash,32,2,1,0.157403047,,,,,,,1034728,4000
large-dup,batch,sum,local,b-dedup-local,32,2,2,0.168834182,,,,,,,1011684,4000
large-dup,batch,sum,local,b-pair-local,32,2,3,0.077118237,,,,,,,1197564,4000
large-dup,batch,sum,local,b-main,32,2,4,0.167000244,,,,,,,1028068,4000
large-dup,batch,sum,local,b-hash,32,2,5,0.044096241,,,,,,,1116656,4000
large-dup,batch,sum,local,b-dedup-hash,32,3,0,0.173690183,,,,,,,1257984,4000
large-dup,batch,sum,local,b-dedup-local,32,3,1,0.155417709,,,,,,,1066468,4000
large-dup,batch,sum,local,b-pair-local,32,3,2,0.079508081,,,,,,,1144308,4000
large-dup,batch,sum,local,b-main,32,3,3,0.174520205,,,,,,,1079268,4000
large-dup,batch,sum,local,b-hash,32,3,4,0.052429396,,,,,,,1101804,4000
large-dup,batch,sum,local,b-hash-combine,32,3,5,0.04817175,,,,,,,1003484,4000
large-dup,batch,sum,local,b-dedup-local,32,4,0,0.124032432,,,,,,,1161204,4000
large-dup,batch,sum,local,b-pair-local,32,4,1,0.076558322,,,,,,,1064424,4000
large-dup,batch,sum,local,b-main,32,4,2,0.113252599,,,,,,,1032156,4000
large-dup,batch,sum,local,b-hash,32,4,3,0.058634765,,,,,,,1109996,4000
large-dup,batch,sum,local,b-hash-combine,32,4,4,0.072990576,,,,,,,985052,4000
large-dup,batch,sum,local,b-dedup-hash,32,4,5,0.102685674,,,,,,,1028056,4000
large-dup,batch,sum,spread,b-pair-local,32,-1,0,0.079195185,,,,,,,1118704,4000
large-dup,batch,sum,spread,b-main,32,-1,1,0.113137108,,,,,,,1015248,4000
large-dup,batch,sum,spread,b-hash,32,-1,2,0.059752803,,,,,,,1126384,4000
large-dup,batch,sum,spread,b-hash-combine,32,-1,3,0.115558998,,,,,,,1708132,4000
large-dup,batch,sum,spread,b-dedup-hash,32,-1,4,0.19058301,,,,,,,958936,4000
large-dup,batch,sum,spread,b-dedup-local,32,-1,5,0.10694139,,,,,,,942032,4000
large-dup,batch,sum,spread,b-main,32,0,0,0.165356998,,,,,,,937936,4000
large-dup,batch,sum,spread,b-hash,32,0,1,0.062319716,,,,,,,1097708,4000
large-dup,batch,sum,spread,b-hash-combine,32,0,2,0.124528704,,,,,,,1652824,4000
large-dup,batch,sum,spread,b-dedup-hash,32,0,3,0.174700091,,,,,,,974808,4000
large-dup,batch,sum,spread,b-dedup-local,32,0,4,0.180346209,,,,,,,997340,4000
large-dup,batch,sum,spread,b-pair-local,32,0,5,0.060300368,,,,,,,1073132,4000
large-dup,batch,sum,spread,b-hash,32,1,0,0.044616016,,,,,,,1095660,4000
large-dup,batch,sum,spread,b-hash-combine,32,1,1,0.110142898,,,,,,,1644628,4000
large-dup,batch,sum,spread,b-dedup-hash,32,1,2,0.10988081,,,,,,,993244,4000
large-dup,batch,sum,spread,b-dedup-local,32,1,3,0.109327139,,,,,,,942032,4000
large-dup,batch,sum,spread,b-pair-local,32,1,4,0.047856898,,,,,,,1107956,4000
large-dup,batch,sum,spread,b-main,32,1,5,0.112402677,,,,,,,972760,4000
large-dup,batch,sum,spread,b-hash-combine,32,2,0,0.12880874,,,,,,,1712216,4000
large-dup,batch,sum,spread,b-dedup-hash,32,2,1,0.112831511,,,,,,,993244,4000
large-dup,batch,sum,spread,b-dedup-local,32,2,2,0.107603021,,,,,,,1052644,4000
large-dup,batch,sum,spread,b-pair-local,32,2,3,0.05136372,,,,,,,1092580,4000
large-dup,batch,sum,spread,b-main,32,2,4,0.133537107,,,,,,,979416,4000
large-dup,batch,sum,spread,b-hash,32,2,5,0.042490108,,,,,,,1116144,4000
large-dup,batch,sum,spread,b-dedup-hash,32,3,0,0.108871835,,,,,,,966620,4000
large-dup,batch,sum,spread,b-dedup-local,32,3,1,0.111282899,,,,,,,1081832,4000
large-dup,batch,sum,spread,b-pair-local,32,3,2,0.048423812,,,,,,,1118700,4000
large-dup,batch,sum,spread,b-main,32,3,3,0.13693346,,,,,,,1017312,4000
large-dup,batch,sum,spread,b-hash,32,3,4,0.061075596,,,,,,,1115636,4000
large-dup,batch,sum,spread,b-hash-combine,32,3,5,0.095793628,,,,,,,1703504,4000
large-dup,batch,sum,spread,b-dedup-local,32,4,0,0.180668295,,,,,,,929744,4000
large-dup,batch,sum,spread,b-pair-local,32,4,1,0.069066359,,,,,,,1108972,4000
large-dup,batch,sum,spread,b-main,32,4,2,0.11335974,,,,,,,962932,4000
large-dup,batch,sum,spread,b-hash,32,4,3,0.067815611,,,,,,,1118188,4000
large-dup,batch,sum,spread,b-hash-combine,32,4,4,0.127274642,,,,,,,1662552,4000
large-dup,batch,sum,spread,b-dedup-hash,32,4,5,0.149329428,,,,,,,944592,4000
large-dup,batch,count,local,b-pair-local,32,-1,0,0.092587848,,,,,,,1377304,4000
large-dup,batch,count,local,b-main,32,-1,1,0.171449701,,,,,,,1106412,4000
large-dup,batch,count,local,b-hash,32,-1,2,0.057633738,,,,,,,1227264,4000
large-dup,batch,count,local,b-hash-combine,32,-1,3,0.058833737,,,,,,,1030628,4000
large-dup,batch,count,local,b-dedup-hash,32,-1,4,0.124611226,,,,,,,1132536,4000
large-dup,batch,count,local,b-dedup-local,32,-1,5,0.157388897,,,,,,,1119732,4000
large-dup,batch,count,local,b-main,32,0,0,0.173280186,,,,,,,1128424,4000
large-dup,batch,count,local,b-hash,32,0,1,0.061508522,,,,,,,1101292,4000
large-dup,batch,count,local,b-hash-combine,32,0,2,0.064236656,,,,,,,1064936,4000
large-dup,batch,count,local,b-dedup-hash,32,0,3,0.157245341,,,,,,,996828,4000
large-dup,batch,count,local,b-dedup-local,32,0,4,0.104196573,,,,,,,1143276,4000
large-dup,batch,count,local,b-pair-local,32,0,5,0.076546849,,,,,,,1169904,4000
large-dup,batch,count,local,b-hash,32,1,0,0.061632049,,,,,,,1070936,4000
large-dup,batch,count,local,b-hash-combine,32,1,1,0.070080064,,,,,,,1027932,4000
large-dup,batch,count,local,b-dedup-hash,32,1,2,0.107091011,,,,,,,1167352,4000
large-dup,batch,count,local,b-dedup-local,32,1,3,0.164226181,,,,,,,1204216,4000
large-dup,batch,count,local,b-pair-local,32,1,4,0.070161851,,,,,,,1378328,4000
large-dup,batch,count,local,b-main,32,1,5,0.112187551,,,,,,,1234436,4000
large-dup,batch,count,local,b-hash-combine,32,2,0,0.064503004,,,,,,,1036256,4000
large-dup,batch,count,local,b-dedup-hash,32,2,1,0.167041475,,,,,,,1079136,4000
large-dup,batch,count,local,b-dedup-local,32,2,2,0.169157185,,,,,,,1052132,4000
large-dup,batch,count,local,b-pair-local,32,2,3,0.076085718,,,,,,,1114092,4000
large-dup,batch,count,local,b-main,32,2,4,0.168653594,,,,,,,1065956,4000
large-dup,batch,count,local,b-hash,32,2,5,0.057797453,,,,,,,1073636,4000
large-dup,batch,count,local,b-dedup-hash,32,3,0,0.177426991,,,,,,,1277964,4000
large-dup,batch,count,local,b-dedup-local,32,3,1,0.157254006,,,,,,,1132524,4000
large-dup,batch,count,local,b-pair-local,32,3,2,0.07541781,,,,,,,1135084,4000
large-dup,batch,count,local,b-main,32,3,3,0.17468071,,,,,,,1152504,4000
large-dup,batch,count,local,b-hash,32,3,4,0.063969499,,,,,,,1090032,4000
large-dup,batch,count,local,b-hash-combine,32,3,5,0.067267434,,,,,,,1132528,4000
large-dup,batch,count,local,b-dedup-local,32,4,0,0.165862227,,,,,,,1036760,4000
large-dup,batch,count,local,b-pair-local,32,4,1,0.069710893,,,,,,,1142764,4000
large-dup,batch,count,local,b-main,32,4,2,0.142401385,,,,,,,1083884,4000
large-dup,batch,count,local,b-hash,32,4,3,0.046099858,,,,,,,1117680,4000
large-dup,batch,count,local,b-hash-combine,32,4,4,0.063924459,,,,,,,999900,4000
large-dup,batch,count,local,b-dedup-hash,32,4,5,0.11081446,,,,,,,1155064,4000
large-dup,batch,count,spread,b-pair-local,32,-1,0,0.072697883,,,,,,,1090024,4000
large-dup,batch,count,spread,b-main,32,-1,1,0.153511652,,,,,,,948180,4000
large-dup,batch,count,spread,b-hash,32,-1,2,0.065011487,,,,,,,1089508,4000
large-dup,batch,count,spread,b-hash-combine,32,-1,3,0.114730949,,,,,,,1657428,4000
large-dup,batch,count,spread,b-dedup-hash,32,-1,4,0.170686526,,,,,,,1021920,4000
large-dup,batch,count,spread,b-dedup-local,32,-1,5,0.120984627,,,,,,,1003480,4000
large-dup,batch,count,spread,b-main,32,0,0,0.153439214,,,,,,,1023964,4000
large-dup,batch,count,spread,b-hash,32,0,1,0.04633002,,,,,,,1077736,4000
large-dup,batch,count,spread,b-hash-combine,32,0,2,0.122838466,,,,,,,1690708,4000
large-dup,batch,count,spread,b-dedup-hash,32,0,3,0.127396857,,,,,,,1008088,4000
large-dup,batch,count,spread,b-dedup-local,32,0,4,0.184419169,,,,,,,1008092,4000
large-dup,batch,count,spread,b-pair-local,32,0,5,0.066154032,,,,,,,1107952,4000
large-dup,batch,count,spread,b-hash,32,1,0,0.057555052,,,,,,,1122284,4000
large-dup,batch,count,spread,b-hash-combine,32,1,1,0.124172571,,,,,,,1687640,4000
large-dup,batch,count,spread,b-dedup-hash,32,1,2,0.16979274,,,,,,,977368,4000
large-dup,batch,count,spread,b-dedup-local,32,1,3,0.166438971,,,,,,,1034208,4000
large-dup,batch,count,spread,b-pair-local,32,1,4,0.052558893,,,,,,,1097708,4000
large-dup,batch,count,spread,b-main,32,1,5,0.181031717,,,,,,,994780,4000
large-dup,batch,count,spread,b-hash-combine,32,2,0,0.119754274,,,,,,,1739356,4000
large-dup,batch,count,spread,b-dedup-hash,32,2,1,0.190292047,,,,,,,1003488,4000
large-dup,batch,count,spread,b-dedup-local,32,2,2,0.115007126,,,,,,,1099752,4000
large-dup,batch,count,spread,b-pair-local,32,2,3,0.054271247,,,,,,,1101800,4000
large-dup,batch,count,spread,b-main,32,2,4,0.18113423,,,,,,,933832,4000
large-dup,batch,count,spread,b-hash,32,2,5,0.058199994,,,,,,,1060328,4000
large-dup,batch,count,spread,b-dedup-hash,32,3,0,0.137505946,,,,,,,1007580,4000
large-dup,batch,count,spread,b-dedup-local,32,3,1,0.111550253,,,,,,,980948,4000
large-dup,batch,count,spread,b-pair-local,32,3,2,0.070866363,,,,,,,1124844,4000
large-dup,batch,count,spread,b-main,32,3,3,0.164825779,,,,,,,1014236,4000
large-dup,batch,count,spread,b-hash,32,3,4,0.058672963,,,,,,,1091052,4000
large-dup,batch,count,spread,b-hash-combine,32,3,5,0.097429899,,,,,,,1732184,4000
large-dup,batch,count,spread,b-dedup-local,32,4,0,0.180319262,,,,,,,1042400,4000
large-dup,batch,count,spread,b-pair-local,32,4,1,0.052387983,,,,,,,1112552,4000
large-dup,batch,count,spread,b-main,32,4,2,0.11728592,,,,,,,1021920,4000
large-dup,batch,count,spread,b-hash,32,4,3,0.047520947,,,,,,,1090024,4000
large-dup,batch,count,spread,b-hash-combine,32,4,4,0.09759406,,,,,,,1703512,4000
large-dup,batch,count,spread,b-dedup-hash,32,4,5,0.177327802,,,,,,,985564,4000
global,batch,min,local,b-hash-local,32,-1,0,0.147069688,,,,,,,740916,1
global,batch,min,local,b-main,32,-1,1,0.463817313,,,,,,,823040,1
global,batch,min,local,b-hash,32,-1,2,0.2694101,,,,,,,732792,1
global,batch,min,local,b-hash-combine,32,-1,3,0.134239847,,,,,,,741100,1
global,batch,min,local,b-main,32,0,0,0.495517015,,,,,,,822924,1
global,batch,min,local,b-hash,32,0,1,0.265365897,,,,,,,732772,1
global,batch,min,local,b-hash-combine,32,0,2,0.133021735,,,,,,,740864,1
global,batch,min,local,b-hash-local,32,0,3,0.14702845,,,,,,,743072,1
global,batch,min,local,b-hash,32,1,0,0.261877257,,,,,,,732600,1
global,batch,min,local,b-hash-combine,32,1,1,0.134360513,,,,,,,743460,1
global,batch,min,local,b-hash-local,32,1,2,0.148723572,,,,,,,745004,1
global,batch,min,local,b-main,32,1,3,0.478585401,,,,,,,822936,1
global,batch,min,local,b-hash-combine,32,2,0,0.137338165,,,,,,,742932,1
global,batch,min,local,b-hash-local,32,2,1,0.148033591,,,,,,,743124,1
global,batch,min,local,b-main,32,2,2,0.473365313,,,,,,,822872,1
global,batch,min,local,b-hash,32,2,3,0.160406208,,,,,,,732292,1
global,batch,min,local,b-hash-local,32,3,0,0.14688409,,,,,,,742968,1
global,batch,min,local,b-main,32,3,1,0.464584522,,,,,,,822880,1
global,batch,min,local,b-hash,32,3,2,0.162869711,,,,,,,736236,1
global,batch,min,local,b-hash-combine,32,3,3,0.133673413,,,,,,,742948,1
global,batch,min,local,b-main,32,4,0,0.499903263,,,,,,,856380,1
global,batch,min,local,b-hash,32,4,1,0.266177849,,,,,,,732800,1
global,batch,min,local,b-hash-combine,32,4,2,0.133129845,,,,,,,743020,1
global,batch,min,local,b-hash-local,32,4,3,0.148138634,,,,,,,745096,1
global,batch,min,spread,b-hash-local,32,-1,0,0.031269619,,,,,,,860108,1
global,batch,min,spread,b-main,32,-1,1,0.195902106,,,,,,,1117672,1
global,batch,min,spread,b-hash,32,-1,2,0.085570923,,,,,,,944092,1
global,batch,min,spread,b-hash-combine,32,-1,3,0.027584601,,,,,,,839636,1
global,batch,min,spread,b-main,32,0,0,0.193420321,,,,,,,1133032,1
global,batch,min,spread,b-hash,32,0,1,0.108378474,,,,,,,964572,1
global,batch,min,spread,b-hash-combine,32,0,2,0.030949363,,,,,,,845776,1
global,batch,min,spread,b-hash-local,32,0,3,0.025610078,,,,,,,870348,1
global,batch,min,spread,b-hash,32,1,0,0.085758595,,,,,,,935900,1
global,batch,min,spread,b-hash-combine,32,1,1,0.029390705,,,,,,,905120,1
global,batch,min,spread,b-hash-local,32,1,2,0.028715943,,,,,,,870872,1
global,batch,min,spread,b-main,32,1,3,0.25996419,,,,,,,1108452,1
global,batch,min,spread,b-hash-combine,32,2,0,0.028453837,,,,,,,885200,1
global,batch,min,spread,b-hash-local,32,2,1,0.024835346,,,,,,,901076,1
global,batch,min,spread,b-main,32,2,2,0.197775827,,,,,,,1112040,1
global,batch,min,spread,b-hash,32,2,3,0.082461337,,,,,,,913360,1
global,batch,min,spread,b-hash-local,32,3,0,0.02492271,,,,,,,844240,1
global,batch,min,spread,b-main,32,3,1,0.2466584,,,,,,,1128876,1
global,batch,min,spread,b-hash,32,3,2,0.083074942,,,,,,,899024,1
global,batch,min,spread,b-hash-combine,32,3,3,0.036662687,,,,,,,954840,1
global,batch,min,spread,b-main,32,4,0,0.220009265,,,,,,,1118700,1
global,batch,min,spread,b-hash,32,4,1,0.07882427,,,,,,,890836,1
global,batch,min,spread,b-hash-combine,32,4,2,0.03002417,,,,,,,827200,1
global,batch,min,spread,b-hash-local,32,4,3,0.02895446,,,,,,,862168,1
global,batch,max,local,b-hash-local,32,-1,0,0.171526811,,,,,,,743656,1
global,batch,max,local,b-main,32,-1,1,0.468684289,,,,,,,888108,1
global,batch,max,local,b-hash,32,-1,2,0.160543297,,,,,,,733372,1
global,batch,max,local,b-hash-combine,32,-1,3,0.133096954,,,,,,,743080,1
global,batch,max,local,b-main,32,0,0,0.469729433,,,,,,,855852,1
global,batch,max,local,b-hash,32,0,1,0.260290872,,,,,,,732844,1
global,batch,max,local,b-hash-combine,32,0,2,0.149090092,,,,,,,788176,1
global,batch,max,local,b-hash-local,32,0,3,0.148508053,,,,,,,741120,1
global,batch,max,local,b-hash,32,1,0,0.158115545,,,,,,,732744,1
global,batch,max,local,b-hash-combine,32,1,1,0.130890158,,,,,,,743076,1
global,batch,max,local,b-hash-local,32,1,2,0.147781701,,,,,,,740944,1
global,batch,max,local,b-main,32,1,3,0.458793795,,,,,,,823576,1
global,batch,max,local,b-hash-combine,32,2,0,0.131820887,,,,,,,743084,1
global,batch,max,local,b-hash-local,32,2,1,0.147496234,,,,,,,740896,1
global,batch,max,local,b-main,32,2,2,0.469432065,,,,,,,888508,1
global,batch,max,local,b-hash,32,2,3,0.268113718,,,,,,,732300,1
global,batch,max,local,b-hash-local,32,3,0,0.14762246,,,,,,,740912,1
global,batch,max,local,b-main,32,3,1,0.464593981,,,,,,,856316,1
global,batch,max,local,b-hash,32,3,2,0.266003825,,,,,,,732296,1
global,batch,max,local,b-hash-combine,32,3,3,0.131775943,,,,,,,742988,1
global,batch,max,local,b-main,32,4,0,0.464859183,,,,,,,823504,1
global,batch,max,local,b-hash,32,4,1,0.257034458,,,,,,,732300,1
global,batch,max,local,b-hash-combine,32,4,2,0.132349415,,,,,,,742668,1
global,batch,max,local,b-hash-local,32,4,3,0.146621862,,,,,,,742996,1
global,batch,max,spread,b-hash-local,32,-1,0,0.02831022,,,,,,,888788,1
global,batch,max,spread,b-main,32,-1,1,0.250881359,,,,,,,1149424,1
global,batch,max,spread,b-hash,32,-1,2,0.079877478,,,,,,,888276,1
global,batch,max,spread,b-hash-combine,32,-1,3,0.028060191,,,,,,,843212,1
global,batch,max,spread,b-main,32,0,0,0.221618763,,,,,,,1116648,1
global,batch,max,spread,b-hash,32,0,1,0.085353729,,,,,,,983004,1
global,batch,max,spread,b-hash-combine,32,0,2,0.026542522,,,,,,,849872,1
global,batch,max,spread,b-hash-local,32,0,3,0.026951607,,,,,,,880592,1
global,batch,max,spread,b-hash,32,1,0,0.078954446,,,,,,,901076,1
global,batch,max,spread,b-hash-combine,32,1,1,0.028328831,,,,,,,829388,1
global,batch,max,spread,b-hash-local,32,1,2,0.025799567,,,,,,,849868,1
global,batch,max,spread,b-main,32,1,3,0.191489553,,,,,,,1137132,1
global,batch,max,spread,b-hash-combine,32,2,0,0.025858133,,,,,,,875980,1
global,batch,max,spread,b-hash-local,32,2,1,0.028691956,,,,,,,904652,1
global,batch,max,spread,b-main,32,2,2,0.201483065,,,,,,,1159156,1
global,batch,max,spread,b-hash,32,2,3,0.086046654,,,,,,,918992,1
global,batch,max,spread,b-hash-local,32,3,0,0.030741192,,,,,,,898380,1
global,batch,max,spread,b-main,32,3,1,0.27286137,,,,,,,1122796,1
global,batch,max,spread,b-hash,32,3,2,0.081382495,,,,,,,894416,1
global,batch,max,spread,b-hash-combine,32,3,3,0.031641959,,,,,,,906708,1
global,batch,max,spread,b-main,32,4,0,0.255364588,,,,,,,1128928,1
global,batch,max,spread,b-hash,32,4,1,0.08318686,,,,,,,947672,1
global,batch,max,spread,b-hash-combine,32,4,2,0.024201198,,,,,,,889304,1
global,batch,max,spread,b-hash-local,32,4,3,0.025781544,,,,,,,878032,1
global,batch,sum,local,b-pair-local,32,-1,0,0.316081272,,,,,,,1825388,1
global,batch,sum,local,b-main,32,-1,1,0.471190465,,,,,,,823016,1
global,batch,sum,local,b-hash,32,-1,2,1.02435417,,,,,,,1168352,1
global,batch,sum,local,b-hash-combine,32,-1,3,1.433031351,,,,,,,1591204,1
global,batch,sum,local,b-dedup-hash,32,-1,4,0.485236646,,,,,,,855820,1
global,batch,sum,local,b-dedup-local,32,-1,5,0.4116253,,,,,,,822936,1
global,batch,sum,local,b-main,32,0,0,0.473114277,,,,,,,822504,1
global,batch,sum,local,b-hash,32,0,1,1.636534528,,,,,,,1099408,1
global,batch,sum,local,b-hash-combine,32,0,2,1.473341925,,,,,,,1591412,1
global,batch,sum,local,b-dedup-hash,32,0,3,0.496332191,,,,,,,853844,1
global,batch,sum,local,b-dedup-local,32,0,4,0.423138299,,,,,,,887168,1
global,batch,sum,local,b-pair-local,32,0,5,0.323112191,,,,,,,1786464,1
global,batch,sum,local,b-hash,32,1,0,0.978514858,,,,,,,1168448,1
global,batch,sum,local,b-hash-combine,32,1,1,1.648367773,,,,,,,1591840,1
global,batch,sum,local,b-dedup-hash,32,1,2,0.492948212,,,,,,,855908,1
global,batch,sum,local,b-dedup-local,32,1,3,0.489884201,,,,,,,853784,1
global,batch,sum,local,b-pair-local,32,1,4,0.320650212,,,,,,,1835124,1
global,batch,sum,local,b-main,32,1,5,0.47648501,,,,,,,855856,1
global,batch,sum,local,b-hash-combine,32,2,0,1.430395557,,,,,,,1595744,1
global,batch,sum,local,b-dedup-hash,32,2,1,0.492310365,,,,,,,853820,1
global,batch,sum,local,b-dedup-local,32,2,2,0.417069557,,,,,,,882504,1
global,batch,sum,local,b-pair-local,32,2,3,0.328454323,,,,,,,1798764,1
global,batch,sum,local,b-main,32,2,4,0.477501393,,,,,,,822496,1
global,batch,sum,local,b-hash,32,2,5,0.981066849,,,,,,,1169624,1
global,batch,sum,local,b-dedup-hash,32,3,0,0.494119536,,,,,,,855832,1
global,batch,sum,local,b-dedup-local,32,3,1,0.413909884,,,,,,,861816,1
global,batch,sum,local,b-pair-local,32,3,2,0.317105214,,,,,,,1806440,1
global,batch,sum,local,b-main,32,3,3,0.478716014,,,,,,,822580,1
global,batch,sum,local,b-hash,32,3,4,1.059788436,,,,,,,1097328,1
global,batch,sum,local,b-hash-combine,32,3,5,1.43009067,,,,,,,1595984,1
global,batch,sum,local,b-dedup-local,32,4,0,0.418470092,,,,,,,862032,1
global,batch,sum,local,b-pair-local,32,4,1,0.315521938,,,,,,,1822836,1
global,batch,sum,local,b-main,32,4,2,0.477286665,,,,,,,856384,1
global,batch,sum,local,b-hash,32,4,3,1.688174712,,,,,,,1097420,1
global,batch,sum,local,b-hash-combine,32,4,4,1.409377159,,,,,,,1589360,1
global,batch,sum,local,b-dedup-hash,32,4,5,0.487961352,,,,,,,855148,1
global,batch,sum,spread,b-pair-local,32,-1,0,0.12563465,,,,,,,1771620,1
global,batch,sum,spread,b-main,32,-1,1,0.265023307,,,,,,,1101796,1
global,batch,sum,spread,b-hash,32,-1,2,0.904600363,,,,,,,2029920,1
global,batch,sum,spread,b-hash-combine,32,-1,3,8.793890175,,,,,,,1697764,1
global,batch,sum,spread,b-dedup-hash,32,-1,4,0.276851026,,,,,,,1175536,1
global,batch,sum,spread,b-dedup-local,32,-1,5,0.143721641,,,,,,,1120232,1
global,batch,sum,spread,b-main,32,0,0,0.250595627,,,,,,,1130476,1
global,batch,sum,spread,b-hash,32,0,1,1.148276206,,,,,,,2082812,1
global,batch,sum,spread,b-hash-combine,32,0,2,8.63513003,,,,,,,1751644,1
global,batch,sum,spread,b-dedup-hash,32,0,3,0.238661772,,,,,,,1120228,1
global,batch,sum,spread,b-dedup-local,32,0,4,0.143456413,,,,,,,1106408,1
global,batch,sum,spread,b-pair-local,32,0,5,0.127437187,,,,,,,1829488,1
global,batch,sum,spread,b-hash,32,1,0,1.106932594,,,,,,,2019300,1
global,batch,sum,spread,b-hash-combine,32,1,1,10.479752987,,,,,,,1683544,1
global,batch,sum,spread,b-dedup-hash,32,1,2,0.234982672,,,,,,,1118188,1
global,batch,sum,spread,b-dedup-local,32,1,3,0.239273456,,,,,,,1056732,1
global,batch,sum,spread,b-pair-local,32,1,4,0.101606848,,,,,,,1890424,1
global,batch,sum,spread,b-main,32,1,5,0.204458172,,,,,,,1148908,1
global,batch,sum,spread,b-hash-combine,32,2,0,8.803710758,,,,,,,1664972,1
global,batch,sum,spread,b-dedup-hash,32,2,1,0.287903153,,,,,,,1150956,1
global,batch,sum,spread,b-dedup-local,32,2,2,0.148490423,,,,,,,1112044,1
global,batch,sum,spread,b-pair-local,32,2,3,0.093614547,,,,,,,1854060,1
global,batch,sum,spread,b-main,32,2,4,0.200108392,,,,,,,1136620,1
global,batch,sum,spread,b-hash,32,2,5,0.931682722,,,,,,,1943516,1
global,batch,sum,spread,b-dedup-hash,32,3,0,0.262452467,,,,,,,1116648,1
global,batch,sum,spread,b-dedup-local,32,3,1,0.16571105,,,,,,,1128428,1
global,batch,sum,spread,b-pair-local,32,3,2,0.100020085,,,,,,,1847412,1
global,batch,sum,spread,b-main,32,3,3,0.242061349,,,,,,,1116140,1
global,batch,sum,spread,b-hash,32,3,4,0.916959472,,,,,,,2121720,1
global,batch,sum,spread,b-hash-combine,32,3,5,9.879885252,,,,,,,1654872,1
global,batch,sum,spread,b-dedup-local,32,4,0,0.152142478,,,,,,,1114092,1
global,batch,sum,spread,b-pair-local,32,4,1,0.093497023,,,,,,,1861740,1
global,batch,sum,spread,b-main,32,4,2,0.202202207,,,,,,,1352708,1
global,batch,sum,spread,b-hash,32,4,3,0.933674257,,,,,,,1980380,1
global,batch,sum,spread,b-hash-combine,32,4,4,8.681752188,,,,,,,1617996,1
global,batch,sum,spread,b-dedup-hash,32,4,5,0.268532128,,,,,,,1122792,1
global,batch,count,local,b-pair-local,32,-1,0,0.321274133,,,,,,,1781856,1
global,batch,count,local,b-main,32,-1,1,0.473001837,,,,,,,822976,1
global,batch,count,local,b-hash,32,-1,2,1.006393084,,,,,,,1168984,1
global,batch,count,local,b-hash-combine,32,-1,3,1.418212766,,,,,,,1592232,1
global,batch,count,local,b-dedup-hash,32,-1,4,0.487553956,,,,,,,874304,1
global,batch,count,local,b-dedup-local,32,-1,5,0.415339766,,,,,,,831156,1
global,batch,count,local,b-main,32,0,0,0.470701436,,,,,,,855128,1
global,batch,count,local,b-hash,32,0,1,1.06657793,,,,,,,1117784,1
global,batch,count,local,b-hash-combine,32,0,2,1.419193603,,,,,,,1591064,1
global,batch,count,local,b-dedup-hash,32,0,3,0.487277527,,,,,,,888528,1
global,batch,count,local,b-dedup-local,32,0,4,0.437634526,,,,,,,878452,1
global,batch,count,local,b-pair-local,32,0,5,0.31787721,,,,,,,1800296,1
global,batch,count,local,b-hash,32,1,0,0.954418544,,,,,,,1168984,1
global,batch,count,local,b-hash-combine,32,1,1,1.455498431,,,,,,,1595184,1
global,batch,count,local,b-dedup-hash,32,1,2,0.487125943,,,,,,,855284,1
global,batch,count,local,b-dedup-local,32,1,3,0.415392574,,,,,,,823080,1
global,batch,count,local,b-pair-local,32,1,4,0.312535169,,,,,,,1807984,1
global,batch,count,local,b-main,32,1,5,0.473244114,,,,,,,856180,1
global,batch,count,local,b-hash-combine,32,2,0,1.512858632,,,,,,,1559416,1
global,batch,count,local,b-dedup-hash,32,2,1,0.488001217,,,,,,,861444,1
global,batch,count,local,b-dedup-local,32,2,2,0.448077019,,,,,,,823000,1
global,batch,count,local,b-pair-local,32,2,3,0.317250306,,,,,,,1798244,1
global,batch,count,local,b-main,32,2,4,0.471559648,,,,,,,921792,1
global,batch,count,local,b-hash,32,2,5,1.009831778,,,,,,,1169616,1
global,batch,count,local,b-dedup-hash,32,3,0,0.490676828,,,,,,,831628,1
global,batch,count,local,b-dedup-local,32,3,1,0.414663966,,,,,,,855752,1
global,batch,count,local,b-pair-local,32,3,2,0.314923689,,,,,,,1818224,1
global,batch,count,local,b-main,32,3,3,0.477061873,,,,,,,823072,1
global,batch,count,local,b-hash,32,3,4,0.962234608,,,,,,,1168492,1
global,batch,count,local,b-hash-combine,32,3,5,1.475188854,,,,,,,1595440,1
global,batch,count,local,b-dedup-local,32,4,0,0.419152087,,,,,,,856328,1
global,batch,count,local,b-pair-local,32,4,1,0.313672146,,,,,,,1843832,1
global,batch,count,local,b-main,32,4,2,0.474052029,,,,,,,823056,1
global,batch,count,local,b-hash,32,4,3,1.691908184,,,,,,,1203712,1
global,batch,count,local,b-hash-combine,32,4,4,1.407620544,,,,,,,1591492,1
global,batch,count,local,b-dedup-hash,32,4,5,0.496824324,,,,,,,931644,1
global,batch,count,spread,b-pair-local,32,-1,0,0.099165932,,,,,,,1892980,1
global,batch,count,spread,b-main,32,-1,1,0.276891058,,,,,,,1131500,1
global,batch,count,spread,b-hash,32,-1,2,1.094052597,,,,,,,2026980,1
global,batch,count,spread,b-hash-combine,32,-1,3,10.214314245,,,,,,,1701984,1
global,batch,count,spread,b-dedup-hash,32,-1,4,0.266042562,,,,,,,1122792,1
global,batch,count,spread,b-dedup-local,32,-1,5,0.235952461,,,,,,,1109992,1
global,batch,count,spread,b-main,32,0,0,0.266551241,,,,,,,1104356,1
global,batch,count,spread,b-hash,32,0,1,1.14391024,,,,,,,1937372,1
global,batch,count,spread,b-hash-combine,32,0,2,9.511055344,,,,,,,1775716,1
global,batch,count,spread,b-dedup-hash,32,0,3,0.281822126,,,,,,,1069536,1
global,batch,count,spread,b-dedup-local,32,0,4,0.226923862,,,,,,,1114608,1
global,batch,count,spread,b-pair-local,32,0,5,0.131847255,,,,,,,1700444,1
global,batch,count,spread,b-hash,32,1,0,0.948012645,,,,,,,1959908,1
global,batch,count,spread,b-hash-combine,32,1,1,9.299401667,,,,,,,1669200,1
global,batch,count,spread,b-dedup-hash,32,1,2,0.220147951,,,,,,,1136620,1
global,batch,count,spread,b-dedup-local,32,1,3,0.236115117,,,,,,,1124336,1
global,batch,count,spread,b-pair-local,32,1,4,0.115796241,,,,,,,1693788,1
global,batch,count,spread,b-main,32,1,5,0.295739745,,,,,,,1124328,1
global,batch,count,spread,b-hash-combine,32,2,0,9.34975136,,,,,,,1788004,1
global,batch,count,spread,b-dedup-hash,32,2,1,0.233197784,,,,,,,1134564,1
global,batch,count,spread,b-dedup-local,32,2,2,0.226972482,,,,,,,1134576,1
global,batch,count,spread,b-pair-local,32,2,3,0.111071636,,,,,,,1824872,1
global,batch,count,spread,b-main,32,2,4,0.195256631,,,,,,,1134572,1
global,batch,count,spread,b-hash,32,2,5,1.163173965,,,,,,,1918940,1
global,batch,count,spread,b-dedup-hash,32,3,0,0.26121804,,,,,,,1109992,1
global,batch,count,spread,b-dedup-local,32,3,1,0.214511036,,,,,,,1103848,1
global,batch,count,spread,b-pair-local,32,3,2,0.098303636,,,,,,,1876080,1
global,batch,count,spread,b-main,32,3,3,0.255997066,,,,,,,1056728,1
global,batch,count,spread,b-hash,32,3,4,0.928567241,,,,,,,1974244,1
global,batch,count,spread,b-hash-combine,32,3,5,9.996802617,,,,,,,1689692,1
global,batch,count,spread,b-dedup-local,32,4,0,0.150551826,,,,,,,1147376,1
global,batch,count,spread,b-pair-local,32,4,1,0.098265386,,,,,,,1859692,1
global,batch,count,spread,b-main,32,4,2,0.219791764,,,,,,,1131500,1
global,batch,count,spread,b-hash,32,4,3,0.9114047,,,,,,,1982948,1
global,batch,count,spread,b-hash-combine,32,4,4,9.763508327,,,,,,,1697888,1
global,batch,count,spread,b-dedup-hash,32,4,5,0.225417935,,,,,,,1161708,1
global-dup,batch,min,local,b-hash-local,32,-1,0,0.148400076,,,,,,,742988,1
global-dup,batch,min,local,b-main,32,-1,1,0.543250693,,,,,,,822908,1
global-dup,batch,min,local,b-hash,32,-1,2,0.254982036,,,,,,,732176,1
global-dup,batch,min,local,b-hash-combine,32,-1,3,0.134069145,,,,,,,742984,1
global-dup,batch,min,local,b-main,32,0,0,0.387734704,,,,,,,816456,1
global-dup,batch,min,local,b-hash,32,0,1,0.256780568,,,,,,,732236,1
global-dup,batch,min,local,b-hash-combine,32,0,2,0.136294091,,,,,,,771652,1
global-dup,batch,min,local,b-hash-local,32,0,3,0.149080098,,,,,,,745152,1
global-dup,batch,min,local,b-hash,32,1,0,0.272147614,,,,,,,732764,1
global-dup,batch,min,local,b-hash-combine,32,1,1,0.134342401,,,,,,,743500,1
global-dup,batch,min,local,b-hash-local,32,1,2,0.147672836,,,,,,,744924,1
global-dup,batch,min,local,b-main,32,1,3,0.399657882,,,,,,,817328,1
global-dup,batch,min,local,b-hash-combine,32,2,0,0.135033586,,,,,,,741564,1
global-dup,batch,min,local,b-hash-local,32,2,1,0.149159239,,,,,,,745116,1
global-dup,batch,min,local,b-main,32,2,2,0.387501981,,,,,,,817520,1
global-dup,batch,min,local,b-hash,32,2,3,0.251892088,,,,,,,732320,1
global-dup,batch,min,local,b-hash-local,32,3,0,0.149051091,,,,,,,745008,1
global-dup,batch,min,local,b-main,32,3,1,0.40277608,,,,,,,816840,1
global-dup,batch,min,local,b-hash,32,3,2,0.259622942,,,,,,,732792,1
global-dup,batch,min,local,b-hash-combine,32,3,3,0.134544844,,,,,,,742624,1
global-dup,batch,min,local,b-main,32,4,0,0.391626512,,,,,,,818516,1
global-dup,batch,min,local,b-hash,32,4,1,0.257651376,,,,,,,730704,1
global-dup,batch,min,local,b-hash-combine,32,4,2,0.134173662,,,,,,,742956,1
global-dup,batch,min,local,b-hash-local,32,4,3,0.147013417,,,,,,,745172,1
global-dup,batch,min,spread,b-hash-local,32,-1,0,0.024814282,,,,,,,850384,1
global-dup,batch,min,spread,b-main,32,-1,1,0.178715701,,,,,,,942544,1
global-dup,batch,min,spread,b-hash,32,-1,2,0.083250097,,,,,,,917972,1
global-dup,batch,min,spread,b-hash-combine,32,-1,3,0.024463151,,,,,,,833492,1
global-dup,batch,min,spread,b-main,32,0,0,0.115122496,,,,,,,972756,1
global-dup,batch,min,spread,b-hash,32,0,1,0.079747015,,,,,,,906708,1
global-dup,batch,min,spread,b-hash-combine,32,0,2,0.022441794,,,,,,,856532,1
global-dup,batch,min,spread,b-hash-local,32,0,3,0.022722239,,,,,,,853972,1
global-dup,batch,min,spread,b-hash,32,1,0,0.078995629,,,,,,,882128,1
global-dup,batch,min,spread,b-hash-combine,32,1,1,0.027343324,,,,,,,847300,1
global-dup,batch,min,spread,b-hash-local,32,1,2,0.028158199,,,,,,,883668,1
global-dup,batch,min,spread,b-main,32,1,3,0.178055046,,,,,,,966616,1
global-dup,batch,min,spread,b-hash-combine,32,2,0,0.031187787,,,,,,,823244,1
global-dup,batch,min,spread,b-hash-local,32,2,1,0.028147141,,,,,,,874452,1
global-dup,batch,min,spread,b-main,32,2,2,0.150618248,,,,,,,1036256,1
global-dup,batch,min,spread,b-hash,32,2,3,0.084223761,,,,,,,876496,1
global-dup,batch,min,spread,b-hash-local,32,3,0,0.026838884,,,,,,,894420,1
global-dup,batch,min,spread,b-main,32,3,1,0.116156425,,,,,,,950228,1
global-dup,batch,min,spread,b-hash,32,3,2,0.083329471,,,,,,,950232,1
global-dup,batch,min,spread,b-hash-combine,32,3,3,0.022653373,,,,,,,884192,1
global-dup,batch,min,spread,b-main,32,4,0,0.115355978,,,,,,,1008096,1
global-dup,batch,min,spread,b-hash,32,4,1,0.144877309,,,,,,,916948,1
global-dup,batch,min,spread,b-hash-combine,32,4,2,0.027501894,,,,,,,866256,1
global-dup,batch,min,spread,b-hash-local,32,4,3,0.028802901,,,,,,,861644,1
global-dup,batch,max,local,b-hash-local,32,-1,0,0.14754504,,,,,,,743016,1
global-dup,batch,max,local,b-main,32,-1,1,0.385722705,,,,,,,816784,1
global-dup,batch,max,local,b-hash,32,-1,2,0.27062034,,,,,,,762900,1
global-dup,batch,max,local,b-hash-combine,32,-1,3,0.132542523,,,,,,,743060,1
global-dup,batch,max,local,b-main,32,0,0,0.387484668,,,,,,,815432,1
global-dup,batch,max,local,b-hash,32,0,1,0.255810904,,,,,,,732668,1
global-dup,batch,max,local,b-hash-combine,32,0,2,0.133087179,,,,,,,743068,1
global-dup,batch,max,local,b-hash-local,32,0,3,0.147473357,,,,,,,742988,1
global-dup,batch,max,local,b-hash,32,1,0,0.265250621,,,,,,,732684,1
global-dup,batch,max,local,b-hash-combine,32,1,1,0.130779361,,,,,,,742972,1
global-dup,batch,max,local,b-hash-local,32,1,2,0.171669027,,,,,,,743028,1
global-dup,batch,max,local,b-main,32,1,3,0.389015478,,,,,,,814876,1
global-dup,batch,max,local,b-hash-combine,32,2,0,0.134039108,,,,,,,742944,1
global-dup,batch,max,local,b-hash-local,32,2,1,0.151554028,,,,,,,775824,1
global-dup,batch,max,local,b-main,32,2,2,0.386655859,,,,,,,819012,1
global-dup,batch,max,local,b-hash,32,2,3,0.169929726,,,,,,,765508,1
global-dup,batch,max,local,b-hash-local,32,3,0,0.14680863,,,,,,,743024,1
global-dup,batch,max,local,b-main,32,3,1,0.410332025,,,,,,,823068,1
global-dup,batch,max,local,b-hash,32,3,2,0.25855353,,,,,,,732856,1
global-dup,batch,max,local,b-hash-combine,32,3,3,0.132339431,,,,,,,742620,1
global-dup,batch,max,local,b-main,32,4,0,0.387560959,,,,,,,815228,1
global-dup,batch,max,local,b-hash,32,4,1,0.207161284,,,,,,,732892,1
global-dup,batch,max,local,b-hash-combine,32,4,2,0.13127667,,,,,,,743068,1
global-dup,batch,max,local,b-hash-local,32,4,3,0.149389023,,,,,,,745000,1
global-dup,batch,max,spread,b-hash-local,32,-1,0,0.027499568,,,,,,,840144,1
global-dup,batch,max,spread,b-main,32,-1,1,0.130144769,,,,,,,977372,1
global-dup,batch,max,spread,b-hash,32,-1,2,0.078458195,,,,,,,906708,1
global-dup,batch,max,spread,b-hash-combine,32,-1,3,0.028580617,,,,,,,870356,1
global-dup,batch,max,spread,b-main,32,0,0,0.168510951,,,,,,,924112,1
global-dup,batch,max,spread,b-hash,32,0,1,0.076909051,,,,,,,905680,1
global-dup,batch,max,spread,b-hash-combine,32,0,2,0.029275556,,,,,,,835024,1
global-dup,batch,max,spread,b-hash-local,32,0,3,0.02786707,,,,,,,871380,1
global-dup,batch,max,spread,b-hash,32,1,0,0.072562121,,,,,,,880596,1
global-dup,batch,max,spread,b-hash-combine,32,1,1,0.030281802,,,,,,,851916,1
global-dup,batch,max,spread,b-hash-local,32,1,2,0.026603034,,,,,,,928216,1
global-dup,batch,max,spread,b-main,32,1,3,0.139532845,,,,,,,985052,1
global-dup,batch,max,spread,b-hash-combine,32,2,0,0.025116031,,,,,,,870868,1
global-dup,batch,max,spread,b-hash-local,32,2,1,0.023840117,,,,,,,862672,1
global-dup,batch,max,spread,b-main,32,2,2,0.11320762,,,,,,,932304,1
global-dup,batch,max,spread,b-hash,32,2,3,0.071702724,,,,,,,872400,1
global-dup,batch,max,spread,b-hash-local,32,3,0,0.028748733,,,,,,,850892,1
global-dup,batch,max,spread,b-main,32,3,1,0.113168109,,,,,,,991708,1
global-dup,batch,max,spread,b-hash,32,3,2,0.07521287,,,,,,,894928,1
global-dup,batch,max,spread,b-hash-combine,32,3,3,0.023539699,,,,,,,864576,1
global-dup,batch,max,spread,b-main,32,4,0,0.119985684,,,,,,,989148,1
global-dup,batch,max,spread,b-hash,32,4,1,0.079687921,,,,,,,893396,1
global-dup,batch,max,spread,b-hash-combine,32,4,2,0.030098637,,,,,,,841532,1
global-dup,batch,max,spread,b-hash-local,32,4,3,0.022217479,,,,,,,864208,1
global-dup,batch,sum,local,b-pair-local,32,-1,0,0.293862967,,,,,,,1087984,1
global-dup,batch,sum,local,b-main,32,-1,1,0.39120302,,,,,,,812772,1
global-dup,batch,sum,local,b-hash,32,-1,2,0.711910664,,,,,,,812764,1
global-dup,batch,sum,local,b-hash-combine,32,-1,3,0.874324875,,,,,,,888316,1
global-dup,batch,sum,local,b-dedup-hash,32,-1,4,0.391426359,,,,,,,821532,1
global-dup,batch,sum,local,b-dedup-local,32,-1,5,0.380528458,,,,,,,823044,1
global-dup,batch,sum,local,b-main,32,0,0,0.390514922,,,,,,,814776,1
global-dup,batch,sum,local,b-hash,32,0,1,0.806719228,,,,,,,812660,1
global-dup,batch,sum,local,b-hash-combine,32,0,2,0.854614963,,,,,,,888380,1
global-dup,batch,sum,local,b-dedup-hash,32,0,3,0.391481788,,,,,,,821052,1
global-dup,batch,sum,local,b-dedup-local,32,0,4,0.381442095,,,,,,,821044,1
global-dup,batch,sum,local,b-pair-local,32,0,5,0.291353058,,,,,,,1065452,1
global-dup,batch,sum,local,b-hash,32,1,0,0.786519319,,,,,,,813204,1
global-dup,batch,sum,local,b-hash-combine,32,1,1,0.845519292,,,,,,,894536,1
global-dup,batch,sum,local,b-dedup-hash,32,1,2,0.401397943,,,,,,,820540,1
global-dup,batch,sum,local,b-dedup-local,32,1,3,0.37965555,,,,,,,816512,1
global-dup,batch,sum,local,b-pair-local,32,1,4,0.317835986,,,,,,,1093624,1
global-dup,batch,sum,local,b-main,32,1,5,0.39070441,,,,,,,816984,1
global-dup,batch,sum,local,b-hash-combine,32,2,0,0.851801413,,,,,,,892120,1
global-dup,batch,sum,local,b-dedup-hash,32,2,1,0.40527387,,,,,,,814716,1
global-dup,batch,sum,local,b-dedup-local,32,2,2,0.377849147,,,,,,,813356,1
global-dup,batch,sum,local,b-pair-local,32,2,3,0.288721118,,,,,,,1066484,1
global-dup,batch,sum,local,b-main,32,2,4,0.389822307,,,,,,,817452,1
global-dup,batch,sum,local,b-hash,32,2,5,0.725063849,,,,,,,812596,1
global-dup,batch,sum,local,b-dedup-hash,32,3,0,0.40330894,,,,,,,820876,1
global-dup,batch,sum,local,b-dedup-local,32,3,1,0.390120771,,,,,,,823008,1
global-dup,batch,sum,local,b-pair-local,32,3,2,0.2925481,,,,,,,1070580,1
global-dup,batch,sum,local,b-main,32,3,3,0.388309432,,,,,,,815360,1
global-dup,batch,sum,local,b-hash,32,3,4,0.726254754,,,,,,,812584,1
global-dup,batch,sum,local,b-hash-combine,32,3,5,0.865820093,,,,,,,888496,1
global-dup,batch,sum,local,b-dedup-local,32,4,0,0.378116071,,,,,,,820848,1
global-dup,batch,sum,local,b-pair-local,32,4,1,0.287574951,,,,,,,1110008,1
global-dup,batch,sum,local,b-main,32,4,2,0.388012674,,,,,,,816436,1
global-dup,batch,sum,local,b-hash,32,4,3,0.731634401,,,,,,,812680,1
global-dup,batch,sum,local,b-hash-combine,32,4,4,0.85801717,,,,,,,894480,1
global-dup,batch,sum,local,b-dedup-hash,32,4,5,0.3991107,,,,,,,820868,1
global-dup,batch,sum,spread,b-pair-local,32,-1,0,0.059680665,,,,,,,1164788,1
global-dup,batch,sum,spread,b-main,32,-1,1,0.118513159,,,,,,,972764,1
global-dup,batch,sum,spread,b-hash,32,-1,2,0.783672593,,,,,,,1162712,1
global-dup,batch,sum,spread,b-hash-combine,32,-1,3,3.398351367,,,,,,,1740888,1
global-dup,batch,sum,spread,b-dedup-hash,32,-1,4,0.141863351,,,,,,,972748,1
global-dup,batch,sum,spread,b-dedup-local,32,-1,5,0.176941267,,,,,,,1028580,1
global-dup,batch,sum,spread,b-main,32,0,0,0.132615689,,,,,,,1036256,1
global-dup,batch,sum,spread,b-hash,32,0,1,0.67163365,,,,,,,1165284,1
global-dup,batch,sum,spread,b-hash-combine,32,0,2,3.883413952,,,,,,,1748580,1
global-dup,batch,sum,spread,b-dedup-hash,32,0,3,0.131352714,,,,,,,1132392,1
global-dup,batch,sum,spread,b-dedup-local,32,0,4,0.104494031,,,,,,,995292,1
global-dup,batch,sum,spread,b-pair-local,32,0,5,0.066075871,,,,,,,1109992,1
global-dup,batch,sum,spread,b-hash,32,1,0,0.665045895,,,,,,,1218020,1
global-dup,batch,sum,spread,b-hash-combine,32,1,1,3.368611699,,,,,,,1650128,1
global-dup,batch,sum,spread,b-dedup-hash,32,1,2,0.147158097,,,,,,,903636,1
global-dup,batch,sum,spread,b-dedup-local,32,1,3,0.153451702,,,,,,,968664,1
global-dup,batch,sum,spread,b-pair-local,32,1,4,0.070066223,,,,,,,1056724,1
global-dup,batch,sum,spread,b-main,32,1,5,0.115447789,,,,,,,948700,1
global-dup,batch,sum,spread,b-hash-combine,32,2,0,3.472121934,,,,,,,1874032,1
global-dup,batch,sum,spread,b-dedup-hash,32,2,1,0.144707795,,,,,,,1006040,1
global-dup,batch,sum,spread,b-dedup-local,32,2,2,0.104793984,,,,,,,978392,1
global-dup,batch,sum,spread,b-pair-local,32,2,3,0.052342142,,,,,,,1122284,1
global-dup,batch,sum,spread,b-main,32,2,4,0.143708198,,,,,,,1071072,1
global-dup,batch,sum,spread,b-hash,32,2,5,0.66044345,,,,,,,1083208,1
global-dup,batch,sum,spread,b-dedup-hash,32,3,0,0.126335496,,,,,,,954328,1
global-dup,batch,sum,spread,b-dedup-local,32,3,1,0.181931246,,,,,,,1060820,1
global-dup,batch,sum,spread,b-pair-local,32,3,2,0.052974443,,,,,,,1042412,1
global-dup,batch,sum,spread,b-main,32,3,3,0.12239826,,,,,,,1030116,1
global-dup,batch,sum,spread,b-hash,32,3,4,0.675758431,,,,,,,1097172,1
global-dup,batch,sum,spread,b-hash-combine,32,3,5,3.560968919,,,,,,,1799784,1
global-dup,batch,sum,spread,b-dedup-local,32,4,0,0.152359515,,,,,,,997712,1
global-dup,batch,sum,spread,b-pair-local,32,4,1,0.052889178,,,,,,,1103848,1
global-dup,batch,sum,spread,b-main,32,4,2,0.126337886,,,,,,,1120232,1
global-dup,batch,sum,spread,b-hash,32,4,3,0.661991782,,,,,,,1212380,1
global-dup,batch,sum,spread,b-hash-combine,32,4,4,3.33364889,,,,,,,1751148,1
global-dup,batch,sum,spread,b-dedup-hash,32,4,5,0.127145687,,,,,,,1060836,1
global-dup,batch,count,local,b-pair-local,32,-1,0,0.29046893,,,,,,,1062900,1
global-dup,batch,count,local,b-main,32,-1,1,0.398599887,,,,,,,820900,1
global-dup,batch,count,local,b-hash,32,-1,2,0.730862735,,,,,,,812588,1
global-dup,batch,count,local,b-hash-combine,32,-1,3,0.871985566,,,,,,,888560,1
global-dup,batch,count,local,b-dedup-hash,32,-1,4,0.39540949,,,,,,,820928,1
global-dup,batch,count,local,b-dedup-local,32,-1,5,0.377593668,,,,,,,819100,1
global-dup,batch,count,local,b-main,32,0,0,0.395889582,,,,,,,818860,1
global-dup,batch,count,local,b-hash,32,0,1,0.731587423,,,,,,,812764,1
global-dup,batch,count,local,b-hash-combine,32,0,2,0.872037799,,,,,,,891908,1
global-dup,batch,count,local,b-dedup-hash,32,0,3,0.412214928,,,,,,,818472,1
global-dup,batch,count,local,b-dedup-local,32,0,4,0.383375744,,,,,,,820976,1
global-dup,batch,count,local,b-pair-local,32,0,5,0.290162568,,,,,,,1079276,1
global-dup,batch,count,local,b-hash,32,1,0,0.730401438,,,,,,,812628,1
global-dup,batch,count,local,b-hash-combine,32,1,1,0.866401646,,,,,,,888364,1
global-dup,batch,count,local,b-dedup-hash,32,1,2,0.398543038,,,,,,,818788,1
global-dup,batch,count,local,b-dedup-local,32,1,3,0.381275189,,,,,,,821404,1
global-dup,batch,count,local,b-pair-local,32,1,4,0.286979964,,,,,,,1107444,1
global-dup,batch,count,local,b-main,32,1,5,0.386373194,,,,,,,816944,1
global-dup,batch,count,local,b-hash-combine,32,2,0,0.872864072,,,,,,,895092,1
global-dup,batch,count,local,b-dedup-hash,32,2,1,0.401248163,,,,,,,815444,1
global-dup,batch,count,local,b-dedup-local,32,2,2,0.383021548,,,,,,,820856,1
global-dup,batch,count,local,b-pair-local,32,2,3,0.29037621,,,,,,,1046508,1
global-dup,batch,count,local,b-main,32,2,4,0.392165445,,,,,,,816936,1
global-dup,batch,count,local,b-hash,32,2,5,0.744703678,,,,,,,812144,1
global-dup,batch,count,local,b-dedup-hash,32,3,0,0.406756128,,,,,,,821024,1
global-dup,batch,count,local,b-dedup-local,32,3,1,0.381408707,,,,,,,820888,1
global-dup,batch,count,local,b-pair-local,32,3,2,0.289314764,,,,,,,1070576,1
global-dup,batch,count,local,b-main,32,3,3,0.391311207,,,,,,,816248,1
global-dup,batch,count,local,b-hash,32,3,4,0.733716601,,,,,,,813072,1
global-dup,batch,count,local,b-hash-combine,32,3,5,0.853172715,,,,,,,892472,1
global-dup,batch,count,local,b-dedup-local,32,4,0,0.377415916,,,,,,,815252,1
global-dup,batch,count,local,b-pair-local,32,4,1,0.29088546,,,,,,,1089004,1
global-dup,batch,count,local,b-main,32,4,2,0.388161616,,,,,,,814432,1
global-dup,batch,count,local,b-hash,32,4,3,0.709372384,,,,,,,812660,1
global-dup,batch,count,local,b-hash-combine,32,4,4,0.862802409,,,,,,,891984,1
global-dup,batch,count,local,b-dedup-hash,32,4,5,0.394841946,,,,,,,814788,1
global-dup,batch,count,spread,b-pair-local,32,-1,0,0.052784613,,,,,,,1134576,1
global-dup,batch,count,spread,b-main,32,-1,1,0.129601973,,,,,,,968152,1
global-dup,batch,count,spread,b-hash,32,-1,2,0.657880795,,,,,,,1103832,1
global-dup,batch,count,spread,b-hash-combine,32,-1,3,3.45372905,,,,,,,1703520,1
global-dup,batch,count,spread,b-dedup-hash,32,-1,4,0.174903883,,,,,,,948692,1
global-dup,batch,count,spread,b-dedup-local,32,-1,5,0.161882376,,,,,,,1020248,1
global-dup,batch,count,spread,b-main,32,0,0,0.140532742,,,,,,,936404,1
global-dup,batch,count,spread,b-hash,32,0,1,0.655240232,,,,,,,1189856,1
global-dup,batch,count,spread,b-hash-combine,32,0,2,3.420748405,,,,,,,1790056,1
global-dup,batch,count,spread,b-dedup-hash,32,0,3,0.17089305,,,,,,,931796,1
global-dup,batch,count,spread,b-dedup-local,32,0,4,0.157619631,,,,,,,963036,1
global-dup,batch,count,spread,b-pair-local,32,0,5,0.048727313,,,,,,,1136624,1
global-dup,batch,count,spread,b-hash,32,1,0,0.662028336,,,,,,,1136460,1
global-dup,batch,count,spread,b-hash-combine,32,1,1,3.614071597,,,,,,,1698392,1
global-dup,batch,count,spread,b-dedup-hash,32,1,2,0.142624042,,,,,,,933844,1
global-dup,batch,count,spread,b-dedup-local,32,1,3,0.1595027,,,,,,,989660,1
global-dup,batch,count,spread,b-pair-local,32,1,4,0.067495244,,,,,,,1082344,1
global-dup,batch,count,spread,b-main,32,1,5,0.172754216,,,,,,,1060836,1
global-dup,batch,count,spread,b-hash-combine,32,2,0,3.396022494,,,,,,,1732700,1
global-dup,batch,count,spread,b-dedup-hash,32,2,1,0.14069915,,,,,,,993756,1
global-dup,batch,count,spread,b-dedup-local,32,2,2,0.102662765,,,,,,,991196,1
global-dup,batch,count,spread,b-pair-local,32,2,3,0.06743003,,,,,,,1093608,1
global-dup,batch,count,spread,b-main,32,2,4,0.141052193,,,,,,,981468,1
global-dup,batch,count,spread,b-hash,32,2,5,0.648967847,,,,,,,1212392,1
global-dup,batch,count,spread,b-dedup-hash,32,3,0,0.184304777,,,,,,,1034720,1
global-dup,batch,count,spread,b-dedup-local,32,3,1,0.180970229,,,,,,,1028576,1
global-dup,batch,count,spread,b-pair-local,32,3,2,0.067596786,,,,,,,1075692,1
global-dup,batch,count,spread,b-main,32,3,3,0.117930919,,,,,,,958424,1
global-dup,batch,count,spread,b-hash,32,3,4,0.652991386,,,,,,,1076696,1
global-dup,batch,count,spread,b-hash-combine,32,3,5,3.609004606,,,,,,,1704028,1
global-dup,batch,count,spread,b-dedup-local,32,4,0,0.107253989,,,,,,,1052496,1
global-dup,batch,count,spread,b-pair-local,32,4,1,0.047645975,,,,,,,1128944,1
global-dup,batch,count,spread,b-main,32,4,2,0.169529812,,,,,,,1051108,1
global-dup,batch,count,spread,b-hash,32,4,3,0.656463228,,,,,,,1202152,1
global-dup,batch,count,spread,b-hash-combine,32,4,4,3.462696959,,,,,,,1787500,1
global-dup,batch,count,spread,b-dedup-hash,32,4,5,0.127595884,,,,,,,1014232,1
