shape,family,kind,placement,mode,workers,sample,position,load_s,winner-lat_ms,winner-thr_ms,interior-lat_ms,interior-thr_ms,support-lat_ms,support-thr_ms,peak_rss_kib,checked_updates
small,batch,min,local,b-hash-combine,32,-1,0,0.080466436,,,,,,,1053168,4000000
small,batch,min,local,b-main,32,-1,1,0.182498751,,,,,,,1130992,4000000
small,batch,min,local,b-weights,32,-1,2,0.158222263,,,,,,,1014240,4000000
small,batch,min,local,b-weights-combine,32,-1,3,0.066274523,,,,,,,988128,4000000
small,batch,min,local,b-fused,32,-1,4,0.172158965,,,,,,,1117984,4000000
small,batch,min,local,b-hash,32,-1,5,0.066393517,,,,,,,1113820,4000000
small,batch,min,local,b-main,32,0,0,0.203607913,,,,,,,1139184,4000000
small,batch,min,local,b-weights,32,0,1,0.163511724,,,,,,,1054704,4000000
small,batch,min,local,b-weights-combine,32,0,2,0.093127346,,,,,,,1011992,4000000
small,batch,min,local,b-fused,32,0,3,0.130684542,,,,,,,1099556,4000000
small,batch,min,local,b-hash,32,0,4,0.066420166,,,,,,,1070444,4000000
small,batch,min,local,b-hash-combine,32,0,5,0.07596083,,,,,,,1020244,4000000
small,batch,min,local,b-weights,32,1,0,0.125717277,,,,,,,1038820,4000000
small,batch,min,local,b-weights-combine,32,1,1,0.095267906,,,,,,,1057116,4000000
small,batch,min,local,b-fused,32,1,2,0.179233455,,,,,,,1089456,4000000
small,batch,min,local,b-hash,32,1,3,0.069670121,,,,,,,1079664,4000000
small,batch,min,local,b-hash-combine,32,1,4,0.074043308,,,,,,,1036776,4000000
small,batch,min,local,b-main,32,1,5,0.233356018,,,,,,,1175540,4000000
small,batch,min,local,b-weights-combine,32,2,0,0.094759455,,,,,,,991508,4000000
small,batch,min,local,b-fused,32,2,1,0.11832295,,,,,,,1025508,4000000
small,batch,min,local,b-hash,32,2,2,0.067541692,,,,,,,1063280,4000000
small,batch,min,local,b-hash-combine,32,2,3,0.072605957,,,,,,,1063400,4000000
small,batch,min,local,b-main,32,2,4,0.293183518,,,,,,,1069544,4000000
small,batch,min,local,b-weights,32,2,5,0.153820756,,,,,,,946132,4000000
small,batch,min,local,b-fused,32,3,0,0.183316267,,,,,,,1109996,4000000
small,batch,min,local,b-hash,32,3,1,0.067106342,,,,,,,1106140,4000000
small,batch,min,local,b-hash-combine,32,3,2,0.082070188,,,,,,,1069036,4000000
small,batch,min,local,b-main,32,3,3,0.176595729,,,,,,,1146352,4000000
small,batch,min,local,b-weights,32,3,4,0.115051975,,,,,,,1052076,4000000
small,batch,min,local,b-weights-combine,32,3,5,0.100957147,,,,,,,978912,4000000
small,batch,min,local,b-hash,32,4,0,0.073448371,,,,,,,1126780,4000000
small,batch,min,local,b-hash-combine,32,4,1,0.072923917,,,,,,,972772,4000000
small,batch,min,local,b-main,32,4,2,0.260748603,,,,,,,1138668,4000000
small,batch,min,local,b-weights,32,4,3,0.154738719,,,,,,,1064944,4000000
small,batch,min,local,b-weights-combine,32,4,4,0.103780307,,,,,,,995232,4000000
small,batch,min,local,b-fused,32,4,5,0.153512069,,,,,,,1084908,4000000
small,batch,min,spread,b-hash-combine,32,-1,0,0.125579315,,,,,,,1675352,4000000
small,batch,min,spread,b-main,32,-1,1,0.239057139,,,,,,,1091560,4000000
small,batch,min,spread,b-weights,32,-1,2,0.160650914,,,,,,,1019876,4000000
small,batch,min,spread,b-weights-combine,32,-1,3,0.169455463,,,,,,,1698908,4000000
small,batch,min,spread,b-fused,32,-1,4,0.191938055,,,,,,,1094124,4000000
small,batch,min,spread,b-hash,32,-1,5,0.075699928,,,,,,,1123700,4000000
small,batch,min,spread,b-main,32,0,0,0.289214439,,,,,,,1116656,4000000
small,batch,min,spread,b-weights,32,0,1,0.159346767,,,,,,,978912,4000000
small,batch,min,spread,b-weights-combine,32,0,2,0.215627129,,,,,,,1886180,4000000
small,batch,min,spread,b-fused,32,0,3,0.157901089,,,,,,,1047016,4000000
small,batch,min,spread,b-hash,32,0,4,0.07146695,,,,,,,1109224,4000000
small,batch,min,spread,b-hash-combine,32,0,5,0.097799013,,,,,,,1892472,4000000
small,batch,min,spread,b-weights,32,1,0,0.168499129,,,,,,,1001956,4000000
small,batch,min,spread,b-weights-combine,32,1,1,0.240771832,,,,,,,1615956,4000000
small,batch,min,spread,b-fused,32,1,2,0.133499534,,,,,,,1034520,4000000
small,batch,min,spread,b-hash,32,1,3,0.068183712,,,,,,,1091448,4000000
small,batch,min,spread,b-hash-combine,32,1,4,0.11876312,,,,,,,1687648,4000000
small,batch,min,spread,b-main,32,1,5,0.193562922,,,,,,,1165812,4000000
small,batch,min,spread,b-weights-combine,32,2,0,0.168273971,,,,,,,1843308,4000000
small,batch,min,spread,b-fused,32,2,1,0.126402718,,,,,,,1066476,4000000
small,batch,min,spread,b-hash,32,2,2,0.073470484,,,,,,,1081716,4000000
small,batch,min,spread,b-hash-combine,32,2,3,0.130159019,,,,,,,1697020,4000000
small,batch,min,spread,b-main,32,2,4,0.2985807,,,,,,,1120240,4000000
small,batch,min,spread,b-weights,32,2,5,0.172512838,,,,,,,1091052,4000000
small,batch,min,spread,b-fused,32,3,0,0.138252461,,,,,,,1048548,4000000
small,batch,min,spread,b-hash,32,3,1,0.080880961,,,,,,,1060072,4000000
small,batch,min,spread,b-hash-combine,32,3,2,0.101354468,,,,,,,1908844,4000000
small,batch,min,spread,b-main,32,3,3,0.19490629,,,,,,,1187828,4000000
small,batch,min,spread,b-weights,32,3,4,0.177395221,,,,,,,962024,4000000
small,batch,min,spread,b-weights-combine,32,3,5,0.203623072,,,,,,,1720412,4000000
small,batch,min,spread,b-hash,32,4,0,0.055021886,,,,,,,1103224,4000000
small,batch,min,spread,b-hash-combine,32,4,1,0.113399303,,,,,,,1830504,4000000
small,batch,min,spread,b-main,32,4,2,0.230385721,,,,,,,1144816,4000000
small,batch,min,spread,b-weights,32,4,3,0.178198859,,,,,,,989152,4000000
small,batch,min,spread,b-weights-combine,32,4,4,0.24420958,,,,,,,1894504,4000000
small,batch,min,spread,b-fused,32,4,5,0.193582679,,,,,,,1023832,4000000
small,batch,max,local,b-hash-combine,32,-1,0,0.077176681,,,,,,,1038100,4000000
small,batch,max,local,b-main,32,-1,1,0.272308679,,,,,,,1134064,4000000
small,batch,max,local,b-weights,32,-1,2,0.138543692,,,,,,,977372,4000000
small,batch,max,local,b-weights-combine,32,-1,3,0.083156715,,,,,,,975120,4000000
small,batch,max,local,b-fused,32,-1,4,0.121693936,,,,,,,1019872,4000000
small,batch,max,local,b-hash,32,-1,5,0.071093237,,,,,,,1138556,4000000
small,batch,max,local,b-main,32,0,0,0.208249654,,,,,,,1168880,4000000
small,batch,max,local,b-weights,32,0,1,0.118131352,,,,,,,979420,4000000
small,batch,max,local,b-weights-combine,32,0,2,0.100746954,,,,,,,1001228,4000000
small,batch,max,local,b-fused,32,0,3,0.193065016,,,,,,,1064212,4000000
small,batch,max,local,b-hash,32,0,4,0.072520649,,,,,,,1099632,4000000
small,batch,max,local,b-hash-combine,32,0,5,0.076276034,,,,,,,1017316,4000000
small,batch,max,local,b-weights,32,1,0,0.131231873,,,,,,,973280,4000000
small,batch,max,local,b-weights-combine,32,1,1,0.091142735,,,,,,,1028584,4000000
small,batch,max,local,b-fused,32,1,2,0.132377886,,,,,,,1083372,4000000
small,batch,max,local,b-hash,32,1,3,0.072064397,,,,,,,1110900,4000000
small,batch,max,local,b-hash-combine,32,1,4,0.08304681,,,,,,,1005324,4000000
small,batch,max,local,b-main,32,1,5,0.264396797,,,,,,,1147380,4000000
small,batch,max,local,b-weights-combine,32,2,0,0.108290315,,,,,,,1001952,4000000
small,batch,max,local,b-fused,32,2,1,0.123355366,,,,,,,1049884,4000000
small,batch,max,local,b-hash,32,2,2,0.078187879,,,,,,,1109876,4000000
small,batch,max,local,b-hash-combine,32,2,3,0.064418811,,,,,,,1025512,4000000
small,batch,max,local,b-main,32,2,4,0.304041637,,,,,,,1218556,4000000
small,batch,max,local,b-weights,32,2,5,0.107264221,,,,,,,954324,4000000
small,batch,max,local,b-fused,32,3,0,0.202652884,,,,,,,1150964,4000000
small,batch,max,local,b-hash,32,3,1,0.053807257,,,,,,,1128308,4000000
small,batch,max,local,b-hash-combine,32,3,2,0.07994582,,,,,,,987104,4000000
small,batch,max,local,b-main,32,3,3,0.215558545,,,,,,,1167344,4000000
small,batch,max,local,b-weights,32,3,4,0.16039601,,,,,,,1132528,4000000
small,batch,max,local,b-weights-combine,32,3,5,0.105824396,,,,,,,1001240,4000000
small,batch,max,local,b-hash,32,4,0,0.059854008,,,,,,,1146236,4000000
small,batch,max,local,b-hash-combine,32,4,1,0.079923238,,,,,,,1051112,4000000
small,batch,max,local,b-main,32,4,2,0.190514527,,,,,,,1153012,4000000
small,batch,max,local,b-weights,32,4,3,0.132168012,,,,,,,1002972,4000000
small,batch,max,local,b-weights-combine,32,4,4,0.109566219,,,,,,,1026024,4000000
small,batch,max,local,b-fused,32,4,5,0.187034108,,,,,,,1060840,4000000
small,batch,max,spread,b-hash-combine,32,-1,0,0.131124564,,,,,,,1849452,4000000
small,batch,max,spread,b-main,32,-1,1,0.249389621,,,,,,,1137136,4000000
small,batch,max,spread,b-weights,32,-1,2,0.178859771,,,,,,,947988,4000000
small,batch,max,spread,b-weights-combine,32,-1,3,0.238648647,,,,,,,1705568,4000000
small,batch,max,spread,b-fused,32,-1,4,0.194888999,,,,,,,1042264,4000000
small,batch,max,spread,b-hash,32,-1,5,0.076388844,,,,,,,1058680,4000000
small,batch,max,spread,b-main,32,0,0,0.297579986,,,,,,,1118184,4000000
small,batch,max,spread,b-weights,32,0,1,0.135339156,,,,,,,1092884,4000000
small,batch,max,spread,b-weights-combine,32,0,2,0.166909693,,,,,,,1893992,4000000
small,batch,max,spread,b-fused,32,0,3,0.127176539,,,,,,,1015768,4000000
small,batch,max,spread,b-hash,32,0,4,0.067489383,,,,,,,1103736,4000000
small,batch,max,spread,b-hash-combine,32,0,5,0.099274815,,,,,,,1881708,4000000
small,batch,max,spread,b-weights,32,1,0,0.133945869,,,,,,,1073124,4000000
small,batch,max,spread,b-weights-combine,32,1,1,0.232183092,,,,,,,1665624,4000000
small,batch,max,spread,b-fused,32,1,2,0.198693897,,,,,,,1042924,4000000
small,batch,max,spread,b-hash,32,1,3,0.073157731,,,,,,,1136508,4000000
small,batch,max,spread,b-hash-combine,32,1,4,0.121264229,,,,,,,1726048,4000000
small,batch,max,spread,b-main,32,1,5,0.189596631,,,,,,,1119720,4000000
small,batch,max,spread,b-weights-combine,32,2,0,0.24106102,,,,,,,1857608,4000000
small,batch,max,spread,b-fused,32,2,1,0.19986332,,,,,,,1005020,4000000
small,batch,max,spread,b-hash,32,2,2,0.076174052,,,,,,,1066352,4000000
small,batch,max,spread,b-hash-combine,32,2,3,0.144736954,,,,,,,1685080,4000000
small,batch,max,spread,b-main,32,2,4,0.288867104,,,,,,,1172840,4000000
small,batch,max,spread,b-weights,32,2,5,0.138103264,,,,,,,1138460,4000000
small,batch,max,spread,b-fused,32,3,0,0.191356177,,,,,,,1036264,4000000
small,batch,max,spread,b-hash,32,3,1,0.070972995,,,,,,,1107316,4000000
small,batch,max,spread,b-hash-combine,32,3,2,0.13574858,,,,,,,1896052,4000000
small,batch,max,spread,b-main,32,3,3,0.295985881,,,,,,,1123820,4000000
small,batch,max,spread,b-weights,32,3,4,0.181990819,,,,,,,1066464,4000000
small,batch,max,spread,b-weights-combine,32,3,5,0.244715036,,,,,,,1655900,4000000
small,batch,max,spread,b-hash,32,4,0,0.059205443,,,,,,,1125748,4000000
small,batch,max,spread,b-hash-combine,32,4,1,0.101106577,,,,,,,1820768,4000000
small,batch,max,spread,b-main,32,4,2,0.296655212,,,,,,,1161204,4000000
small,batch,max,spread,b-weights,32,4,3,0.183168097,,,,,,,983524,4000000
small,batch,max,spread,b-weights-combine,32,4,4,0.231912982,,,,,,,1665412,4000000
small,batch,max,spread,b-fused,32,4,5,0.211723414,,,,,,,1003484,4000000
small,batch,sum,local,b-hash-combine,32,-1,0,0.150261267,,,,,,,2079344,4000000
small,batch,sum,local,b-main,32,-1,1,0.294462417,,,,,,,1292296,4000000
small,batch,sum,local,b-fused,32,-1,2,0.200504374,,,,,,,1066476,4000000
small,batch,sum,local,b-hash,32,-1,3,0.137134246,,,,,,,1986040,4000000
small,batch,sum,local,b-main,32,0,0,0.18128221,,,,,,,1132528,4000000
small,batch,sum,local,b-fused,32,0,1,0.138172381,,,,,,,1077228,4000000
small,batch,sum,local,b-hash,32,0,2,0.147384166,,,,,,,1851204,4000000
small,batch,sum,local,b-hash-combine,32,0,3,0.190679969,,,,,,,1927776,4000000
small,batch,sum,local,b-fused,32,1,0,0.187863773,,,,,,,1032168,4000000
small,batch,sum,local,b-hash,32,1,1,0.125874041,,,,,,,1839584,4000000
small,batch,sum,local,b-hash-combine,32,1,2,0.199045931,,,,,,,1940068,4000000
small,batch,sum,local,b-main,32,1,3,0.303248743,,,,,,,1111020,4000000
small,batch,sum,local,b-hash,32,2,0,0.13311065,,,,,,,1898980,4000000
small,batch,sum,local,b-hash-combine,32,2,1,0.204578077,,,,,,,1874012,4000000
small,batch,sum,local,b-main,32,2,2,0.235751493,,,,,,,1198072,4000000
small,batch,sum,local,b-fused,32,2,3,0.193207428,,,,,,,1044972,4000000
small,batch,sum,local,b-hash-combine,32,3,0,0.206281614,,,,,,,1919068,4000000
small,batch,sum,local,b-main,32,3,1,0.293492738,,,,,,,1101800,4000000
small,batch,sum,local,b-fused,32,3,2,0.131182947,,,,,,,1097712,4000000
small,batch,sum,local,b-hash,32,3,3,0.127663666,,,,,,,2076664,4000000
small,batch,sum,local,b-main,32,4,0,0.240491733,,,,,,,1108972,4000000
small,batch,sum,local,b-fused,32,4,1,0.191736081,,,,,,,1128736,4000000
small,batch,sum,local,b-hash,32,4,2,0.106550263,,,,,,,1925604,4000000
small,batch,sum,local,b-hash-combine,32,4,3,0.187881673,,,,,,,1868376,4000000
small,batch,sum,spread,b-hash-combine,32,-1,0,0.198389591,,,,,,,1937508,4000000
small,batch,sum,spread,b-main,32,-1,1,0.2558924,,,,,,,1149428,4000000
small,batch,sum,spread,b-fused,32,-1,2,0.174383788,,,,,,,1044964,4000000
small,batch,sum,spread,b-hash,32,-1,3,0.149931527,,,,,,,2019312,4000000
small,batch,sum,spread,b-main,32,0,0,0.215625914,,,,,,,1136628,4000000
small,batch,sum,spread,b-fused,32,0,1,0.197074823,,,,,,,1081324,4000000
small,batch,sum,spread,b-hash,32,0,2,0.131021402,,,,,,,2032120,4000000
small,batch,sum,spread,b-hash-combine,32,0,3,0.19611088,,,,,,,1985128,4000000
small,batch,sum,spread,b-fused,32,1,0,0.120732399,,,,,,,1018340,4000000
small,batch,sum,spread,b-hash,32,1,1,0.104168511,,,,,,,2045956,4000000
small,batch,sum,spread,b-hash-combine,32,1,2,0.206734553,,,,,,,1904224,4000000
small,batch,sum,spread,b-main,32,1,3,0.276988517,,,,,,,1128432,4000000
small,batch,sum,spread,b-hash,32,2,0,0.107775174,,,,,,,1888744,4000000
small,batch,sum,spread,b-hash-combine,32,2,1,0.211671056,,,,,,,1820756,4000000
small,batch,sum,spread,b-main,32,2,2,0.212986124,,,,,,,1138672,4000000
small,batch,sum,spread,b-fused,32,2,3,0.195038322,,,,,,,1014252,4000000
small,batch,sum,spread,b-hash-combine,32,3,0,0.197663736,,,,,,,1871964,4000000
small,batch,sum,spread,b-main,32,3,1,0.213804021,,,,,,,1128428,4000000
small,batch,sum,spread,b-fused,32,3,2,0.20699114,,,,,,,1047320,4000000
small,batch,sum,spread,b-hash,32,3,3,0.14481935,,,,,,,1817060,4000000
small,batch,sum,spread,b-main,32,4,0,0.299163144,,,,,,,1112560,4000000
small,batch,sum,spread,b-fused,32,4,1,0.153249018,,,,,,,1033704,4000000
small,batch,sum,spread,b-hash,32,4,2,0.102592686,,,,,,,2004972,4000000
small,batch,sum,spread,b-hash-combine,32,4,3,0.164798869,,,,,,,1966176,4000000
small,batch,count,local,b-hash-combine,32,-1,0,0.186710947,,,,,,,1896540,4000000
small,batch,count,local,b-main,32,-1,1,0.236793209,,,,,,,1142768,4000000
small,batch,count,local,b-fused,32,-1,2,0.188909604,,,,,,,1079788,4000000
small,batch,count,local,b-hash,32,-1,3,0.141515418,,,,,,,1847272,4000000
small,batch,count,local,b-main,32,0,0,0.295874955,,,,,,,1094124,4000000
small,batch,count,local,b-fused,32,0,1,0.135239315,,,,,,,1169396,4000000
small,batch,count,local,b-hash,32,0,2,0.148285759,,,,,,,1964008,4000000
small,batch,count,local,b-hash-combine,32,0,3,0.181732553,,,,,,,2039920,4000000
small,batch,count,local,b-fused,32,1,0,0.19532425,,,,,,,1124336,4000000
small,batch,count,local,b-hash,32,1,1,0.132482375,,,,,,,2019820,4000000
small,batch,count,local,b-hash-combine,32,1,2,0.190326233,,,,,,,2015708,4000000
small,batch,count,local,b-main,32,1,3,0.184063611,,,,,,,1157100,4000000
small,batch,count,local,b-hash,32,2,0,0.096263495,,,,,,,2035696,4000000
small,batch,count,local,b-hash-combine,32,2,1,0.19098696,,,,,,,1847388,4000000
small,batch,count,local,b-main,32,2,2,0.299650172,,,,,,,1114600,4000000
small,batch,count,local,b-fused,32,2,3,0.199310429,,,,,,,1331220,4000000
small,batch,count,local,b-hash-combine,32,3,0,0.232021695,,,,,,,1851480,4000000
small,batch,count,local,b-main,32,3,1,0.22167259,,,,,,,1208312,4000000
small,batch,count,local,b-fused,32,3,2,0.183507346,,,,,,,1142564,4000000
small,batch,count,local,b-hash,32,3,3,0.120717324,,,,,,,1887576,4000000
small,batch,count,local,b-main,32,4,0,0.29034058,,,,,,,1202684,4000000
small,batch,count,local,b-fused,32,4,1,0.187228069,,,,,,,1070876,4000000
small,batch,count,local,b-hash,32,4,2,0.142409509,,,,,,,1853252,4000000
small,batch,count,local,b-hash-combine,32,4,3,0.21190783,,,,,,,1759312,4000000
small,batch,count,spread,b-hash-combine,32,-1,0,0.199651431,,,,,,,1856088,4000000
small,batch,count,spread,b-main,32,-1,1,0.218358,,,,,,,1147380,4000000
small,batch,count,spread,b-fused,32,-1,2,0.191625161,,,,,,,1128432,4000000
small,batch,count,spread,b-hash,32,-1,3,0.139250991,,,,,,,1836516,4000000
small,batch,count,spread,b-main,32,0,0,0.203753064,,,,,,,1114096,4000000
small,batch,count,spread,b-fused,32,0,1,0.20315362,,,,,,,1017832,4000000
small,batch,count,spread,b-hash,32,0,2,0.100508879,,,,,,,2004980,4000000
small,batch,count,spread,b-hash-combine,32,0,3,0.203404769,,,,,,,1899100,4000000
small,batch,count,spread,b-fused,32,1,0,0.176326655,,,,,,,1064940,4000000
small,batch,count,spread,b-hash,32,1,1,0.10904872,,,,,,,1809892,4000000
small,batch,count,spread,b-hash-combine,32,1,2,0.14363351,,,,,,,2029676,4000000
small,batch,count,spread,b-main,32,1,3,0.29981591,,,,,,,1126380,4000000
small,batch,count,spread,b-hash,32,2,0,0.133736603,,,,,,,1864008,4000000
small,batch,count,spread,b-hash-combine,32,2,1,0.169273249,,,,,,,1974376,4000000
small,batch,count,spread,b-main,32,2,2,0.260185743,,,,,,,1150452,4000000
small,batch,count,spread,b-fused,32,2,3,0.196271716,,,,,,,1052648,4000000
small,batch,count,spread,b-hash-combine,32,3,0,0.201201423,,,,,,,1909340,4000000
small,batch,count,spread,b-main,32,3,1,0.183539602,,,,,,,1144816,4000000
small,batch,count,spread,b-fused,32,3,2,0.19333015,,,,,,,1066988,4000000
small,batch,count,spread,b-hash,32,3,3,0.127484941,,,,,,,1970672,4000000
small,batch,count,spread,b-main,32,4,0,0.258945964,,,,,,,1132528,4000000
small,batch,count,spread,b-fused,32,4,1,0.156770225,,,,,,,1044456,4000000
small,batch,count,spread,b-hash,32,4,2,0.112227608,,,,,,,1972724,4000000
small,batch,count,spread,b-hash-combine,32,4,3,0.19287132,,,,,,,1853524,4000000
large,batch,min,local,b-hash-combine,32,-1,0,0.033616031,,,,,,,874972,4000
large,batch,min,local,b-main,32,-1,1,0.197134479,,,,,,,1149428,4000
large,batch,min,local,b-weights,32,-1,2,0.072490931,,,,,,,948192,4000
large,batch,min,local,b-weights-combine,32,-1,3,0.037407115,,,,,,,844248,4000
large,batch,min,local,b-fused,32,-1,4,0.120920815,,,,,,,985056,4000
large,batch,min,local,b-hash,32,-1,5,0.048517153,,,,,,,1043816,4000
large,batch,min,local,b-main,32,0,0,0.209290813,,,,,,,1122796,4000
large,batch,min,local,b-weights,32,0,1,0.058376991,,,,,,,956380,4000
large,batch,min,local,b-weights-combine,32,0,2,0.033700333,,,,,,,817108,4000
large,batch,min,local,b-fused,32,0,3,0.166197065,,,,,,,1080812,4000
large,batch,min,local,b-hash,32,0,4,0.033603899,,,,,,,1011564,4000
large,batch,min,local,b-hash-combine,32,0,5,0.023144077,,,,,,,855376,4000
large,batch,min,local,b-weights,32,1,0,0.072264589,,,,,,,960476,4000
large,batch,min,local,b-weights-combine,32,1,1,0.0331747,,,,,,,880600,4000
large,batch,min,local,b-fused,32,1,2,0.125266207,,,,,,,1069036,4000
large,batch,min,local,b-hash,32,1,3,0.034488514,,,,,,,913704,4000
large,batch,min,local,b-hash-combine,32,1,4,0.031061114,,,,,,,933852,4000
large,batch,min,local,b-main,32,1,5,0.24292372,,,,,,,1124336,4000
large,batch,min,local,b-weights-combine,32,2,0,0.034910304,,,,,,,858072,4000
large,batch,min,local,b-fused,32,2,1,0.17251009,,,,,,,1000420,4000
large,batch,min,local,b-hash,32,2,2,0.046385612,,,,,,,1003364,4000
large,batch,min,local,b-hash-combine,32,2,3,0.030578744,,,,,,,880600,4000
large,batch,min,local,b-main,32,2,4,0.238679087,,,,,,,1188860,4000
large,batch,min,local,b-weights,32,2,5,0.054850147,,,,,,,958428,4000
large,batch,min,local,b-fused,32,3,0,0.122580977,,,,,,,1038304,4000
large,batch,min,local,b-hash,32,3,1,0.046801981,,,,,,,968032,4000
large,batch,min,local,b-hash-combine,32,3,2,0.03740167,,,,,,,935908,4000
large,batch,min,local,b-main,32,3,3,0.195192029,,,,,,,1243136,4000
large,batch,min,local,b-weights,32,3,4,0.053693091,,,,,,,1032672,4000
large,batch,min,local,b-weights-combine,32,3,5,0.02499849,,,,,,,851416,4000
large,batch,min,local,b-hash,32,4,0,0.048252469,,,,,,,1083252,4000
large,batch,min,local,b-hash-combine,32,4,1,0.02751215,,,,,,,931296,4000
large,batch,min,local,b-main,32,4,2,0.161061362,,,,,,,1451548,4000
large,batch,min,local,b-weights,32,4,3,0.053261057,,,,,,,997864,4000
large,batch,min,local,b-weights-combine,32,4,4,0.030567659,,,,,,,915420,4000
large,batch,min,local,b-fused,32,4,5,0.130513547,,,,,,,1034220,4000
large,batch,min,spread,b-hash-combine,32,-1,0,0.033206241,,,,,,,915420,4000
large,batch,min,spread,b-main,32,-1,1,0.22590038,,,,,,,1130992,4000
large,batch,min,spread,b-weights,32,-1,2,0.078752934,,,,,,,883156,4000
large,batch,min,spread,b-weights-combine,32,-1,3,0.033940124,,,,,,,899032,4000
large,batch,min,spread,b-fused,32,-1,4,0.128375983,,,,,,,956892,4000
large,batch,min,spread,b-hash,32,-1,5,0.045825239,,,,,,,946520,4000
large,batch,min,spread,b-main,32,0,0,0.261745338,,,,,,,1103852,4000
large,batch,min,spread,b-weights,32,0,1,0.091225322,,,,,,,934360,4000
large,batch,min,spread,b-weights-combine,32,0,2,0.036595213,,,,,,,864216,4000
large,batch,min,spread,b-fused,32,0,3,0.190244132,,,,,,,978916,4000
large,batch,min,spread,b-hash,32,0,4,0.052315957,,,,,,,1005416,4000
large,batch,min,spread,b-hash-combine,32,0,5,0.030562354,,,,,,,866264,4000
large,batch,min,spread,b-weights,32,1,0,0.067147648,,,,,,,1014240,4000
large,batch,min,spread,b-weights-combine,32,1,1,0.025195328,,,,,,,863704,4000
large,batch,min,spread,b-fused,32,1,2,0.18652918,,,,,,,931800,4000
large,batch,min,spread,b-hash,32,1,3,0.0460785,,,,,,,946532,4000
large,batch,min,spread,b-hash-combine,32,1,4,0.036559988,,,,,,,821200,4000
large,batch,min,spread,b-main,32,1,5,0.253661039,,,,,,,1139180,4000
large,batch,min,spread,b-weights-combine,32,2,0,0.028585572,,,,,,,852436,4000
large,batch,min,spread,b-fused,32,2,1,0.190917466,,,,,,,1069552,4000
large,batch,min,spread,b-hash,32,2,2,0.047030068,,,,,,,981356,4000
large,batch,min,spread,b-hash-combine,32,2,3,0.023724499,,,,,,,843728,4000
large,batch,min,spread,b-main,32,2,4,0.254535702,,,,,,,1126380,4000
large,batch,min,spread,b-weights,32,2,5,0.082298309,,,,,,,974300,4000
large,batch,min,spread,b-fused,32,3,0,0.194856996,,,,,,,975332,4000
large,batch,min,spread,b-hash,32,3,1,0.053694257,,,,,,,1042264,4000
large,batch,min,spread,b-hash-combine,32,3,2,0.024109376,,,,,,,899032,4000
large,batch,min,spread,b-main,32,3,3,0.181145232,,,,,,,1112044,4000
large,batch,min,spread,b-weights,32,3,4,0.084300821,,,,,,,897492,4000
large,batch,min,spread,b-weights-combine,32,3,5,0.03741357,,,,,,,851920,4000
large,batch,min,spread,b-hash,32,4,0,0.045386951,,,,,,,911200,4000
large,batch,min,spread,b-hash-combine,32,4,1,0.031136894,,,,,,,872912,4000
large,batch,min,spread,b-main,32,4,2,0.288945976,,,,,,,1071072,4000
large,batch,min,spread,b-weights,32,4,3,0.093358146,,,,,,,960480,4000
large,batch,min,spread,b-weights-combine,32,4,4,0.037717044,,,,,,,881112,4000
large,batch,min,spread,b-fused,32,4,5,0.190787528,,,,,,,995304,4000
large,batch,max,local,b-hash-combine,32,-1,0,0.033165997,,,,,,,862168,4000
large,batch,max,local,b-main,32,-1,1,0.261729311,,,,,,,1065444,4000
large,batch,max,local,b-weights,32,-1,2,0.058717108,,,,,,,975336,4000
large,batch,max,local,b-weights-combine,32,-1,3,0.036408439,,,,,,,982496,4000
large,batch,max,local,b-fused,32,-1,4,0.186983702,,,,,,,1057264,4000
large,batch,max,local,b-hash,32,-1,5,0.041510285,,,,,,,1003372,4000
large,batch,max,local,b-main,32,0,0,0.241674114,,,,,,,1416728,4000
large,batch,max,local,b-weights,32,0,1,0.077700557,,,,,,,1157112,4000
large,batch,max,local,b-weights-combine,32,0,2,0.036497462,,,,,,,898524,4000
large,batch,max,local,b-fused,32,0,3,0.151895192,,,,,,,1125876,4000
large,batch,max,local,b-hash,32,0,4,0.040039126,,,,,,,921432,4000
large,batch,max,local,b-hash-combine,32,0,5,0.036446648,,,,,,,862164,4000
large,batch,max,local,b-weights,32,1,0,0.07902262,,,,,,,1044460,4000
large,batch,max,local,b-weights-combine,32,1,1,0.023087615,,,,,,,882644,4000
large,batch,max,local,b-fused,32,1,2,0.162428782,,,,,,,1041900,4000
large,batch,max,local,b-hash,32,1,3,0.054830323,,,,,,,1025900,4000
large,batch,max,local,b-hash-combine,32,1,4,0.034072824,,,,,,,923620,4000
large,batch,max,local,b-main,32,1,5,0.256248138,,,,,,,1167344,4000
large,batch,max,local,b-weights-combine,32,2,0,0.034426526,,,,,,,878552,4000
large,batch,max,local,b-fused,32,2,1,0.167581563,,,,,,,1019356,4000
large,batch,max,local,b-hash,32,2,2,0.04545778,,,,,,,984796,4000
large,batch,max,local,b-hash-combine,32,2,3,0.039565442,,,,,,,914908,4000
large,batch,max,local,b-main,32,2,4,0.238770048,,,,,,,1165300,4000
large,batch,max,local,b-weights,32,2,5,0.05788749,,,,,,,997344,4000
large,batch,max,local,b-fused,32,3,0,0.1741255,,,,,,,1032168,4000
large,batch,max,local,b-hash,32,3,1,0.045539064,,,,,,,1148800,4000
large,batch,max,local,b-hash-combine,32,3,2,0.033125172,,,,,,,931808,4000
large,batch,max,local,b-main,32,3,3,0.262382391,,,,,,,1097704,4000
large,batch,max,local,b-weights,32,3,4,0.067609268,,,,,,,972772,4000
large,batch,max,local,b-weights-combine,32,3,5,0.035673663,,,,,,,980968,4000
large,batch,max,local,b-hash,32,4,0,0.041226722,,,,,,,997224,4000
large,batch,max,local,b-hash-combine,32,4,1,0.029074109,,,,,,,892892,4000
large,batch,max,local,b-main,32,4,2,0.247653296,,,,,,,1453608,4000
large,batch,max,local,b-weights,32,4,3,0.075737911,,,,,,,970716,4000
large,batch,max,local,b-weights-combine,32,4,4,0.033868959,,,,,,,917968,4000
large,batch,max,local,b-fused,32,4,5,0.119231203,,,,,,,993252,4000
large,batch,max,spread,b-hash-combine,32,-1,0,0.022780196,,,,,,,867792,4000
large,batch,max,spread,b-main,32,-1,1,0.258287963,,,,,,,1130476,4000
large,batch,max,spread,b-weights,32,-1,2,0.096281003,,,,,,,905684,4000
large,batch,max,spread,b-weights-combine,32,-1,3,0.039729702,,,,,,,883160,4000
large,batch,max,spread,b-fused,32,-1,4,0.175501502,,,,,,,1049000,4000
large,batch,max,spread,b-hash,32,-1,5,0.04633473,,,,,,,969056,4000
large,batch,max,spread,b-main,32,0,0,0.167100177,,,,,,,1142256,4000
large,batch,max,spread,b-weights,32,0,1,0.084666489,,,,,,,912852,4000
large,batch,max,spread,b-weights-combine,32,0,2,0.038125672,,,,,,,869844,4000
large,batch,max,spread,b-fused,32,0,3,0.123465111,,,,,,,989664,4000
large,batch,max,spread,b-hash,32,0,4,0.033082185,,,,,,,941924,4000
large,batch,max,spread,b-hash-combine,32,0,5,0.036320712,,,,,,,850392,4000
large,batch,max,spread,b-weights,32,1,0,0.060400378,,,,,,,940504,4000
large,batch,max,spread,b-weights-combine,32,1,1,0.040619527,,,,,,,844252,4000
large,batch,max,spread,b-fused,32,1,2,0.218122271,,,,,,,894932,4000
large,batch,max,spread,b-hash,32,1,3,0.046294497,,,,,,,931680,4000
large,batch,max,spread,b-hash-combine,32,1,4,0.023471333,,,,,,,866260,4000
large,batch,max,spread,b-main,32,1,5,0.165402074,,,,,,,1130996,4000
large,batch,max,spread,b-weights-combine,32,2,0,0.023888875,,,,,,,842192,4000
large,batch,max,spread,b-fused,32,2,1,0.208735126,,,,,,,958876,4000
large,batch,max,spread,b-hash,32,2,2,0.048738087,,,,,,,872280,4000
large,batch,max,spread,b-hash-combine,32,2,3,0.037076865,,,,,,,829900,4000
large,batch,max,spread,b-main,32,2,4,0.185108375,,,,,,,1113580,4000
large,batch,max,spread,b-weights,32,2,5,0.084758786,,,,,,,969184,4000
large,batch,max,spread,b-fused,32,3,0,0.202452634,,,,,,,919516,4000
large,batch,max,spread,b-hash,32,3,1,0.03312745,,,,,,,937312,4000
large,batch,max,spread,b-hash-combine,32,3,2,0.033276683,,,,,,,870360,4000
large,batch,max,spread,b-main,32,3,3,0.26265088,,,,,,,1112420,4000
large,batch,max,spread,b-weights,32,3,4,0.09669788,,,,,,,954844,4000
large,batch,max,spread,b-weights-combine,32,3,5,0.037515557,,,,,,,845776,4000
large,batch,max,spread,b-hash,32,4,0,0.046006389,,,,,,,900952,4000
large,batch,max,spread,b-hash-combine,32,4,1,0.037202099,,,,,,,829392,4000
large,batch,max,spread,b-main,32,4,2,0.271146559,,,,,,,1094120,4000
large,batch,max,spread,b-weights,32,4,3,0.087541716,,,,,,,913364,4000
large,batch,max,spread,b-weights-combine,32,4,4,0.036862022,,,,,,,896988,4000
large,batch,max,spread,b-fused,32,4,5,0.175219074,,,,,,,1017828,4000
large,batch,sum,local,b-hash-combine,32,-1,0,0.157163541,,,,,,,1722972,4000
large,batch,sum,local,b-main,32,-1,1,0.179816379,,,,,,,1157108,4000
large,batch,sum,local,b-fused,32,-1,2,0.168990631,,,,,,,1069036,4000
large,batch,sum,local,b-hash,32,-1,3,0.104604305,,,,,,,1794032,4000
large,batch,sum,local,b-main,32,0,0,0.209136646,,,,,,,1144812,4000
large,batch,sum,local,b-fused,32,0,1,0.116005455,,,,,,,1186300,4000
large,batch,sum,local,b-hash,32,0,2,0.108426442,,,,,,,1716196,4000
large,batch,sum,local,b-hash-combine,32,0,3,0.150376741,,,,,,,1679956,4000
large,batch,sum,local,b-fused,32,1,0,0.118773763,,,,,,,959968,4000
large,batch,sum,local,b-hash,32,1,1,0.104859929,,,,,,,1753580,4000
large,batch,sum,local,b-hash-combine,32,1,2,0.116594425,,,,,,,1876584,4000
large,batch,sum,local,b-main,32,1,3,0.18024202,,,,,,,1127916,4000
large,batch,sum,local,b-hash,32,2,0,0.102722436,,,,,,,1764848,4000
large,batch,sum,local,b-hash-combine,32,2,1,0.165265694,,,,,,,1740892,4000
large,batch,sum,local,b-main,32,2,2,0.249565815,,,,,,,1123824,4000
large,batch,sum,local,b-fused,32,2,3,0.187775828,,,,,,,1042912,4000
large,batch,sum,local,b-hash-combine,32,3,0,0.166121006,,,,,,,1786464,4000
large,batch,sum,local,b-main,32,3,1,0.238035182,,,,,,,1228800,4000
large,batch,sum,local,b-fused,32,3,2,0.188822874,,,,,,,1007588,4000
large,batch,sum,local,b-hash,32,3,3,0.104049738,,,,,,,1715692,4000
large,batch,sum,local,b-main,32,4,0,0.165197327,,,,,,,1131496,4000
large,batch,sum,local,b-fused,32,4,1,0.181533939,,,,,,,1130480,4000
large,batch,sum,local,b-hash,32,4,2,0.106696426,,,,,,,1746936,4000
large,batch,sum,local,b-hash-combine,32,4,3,0.154648573,,,,,,,1914988,4000
large,batch,sum,spread,b-hash-combine,32,-1,0,0.166115865,,,,,,,1657288,4000
large,batch,sum,spread,b-main,32,-1,1,0.216841333,,,,,,,1132524,4000
large,batch,sum,spread,b-fused,32,-1,2,0.121995652,,,,,,,969176,4000
large,batch,sum,spread,b-hash,32,-1,3,0.099891853,,,,,,,1759220,4000
large,batch,sum,spread,b-main,32,0,0,0.263259069,,,,,,,1091560,4000
large,batch,sum,spread,b-fused,32,0,1,0.223959479,,,,,,,1011676,4000
large,batch,sum,spread,b-hash,32,0,2,0.107871152,,,,,,,1825268,4000
large,batch,sum,spread,b-hash-combine,32,0,3,0.158011819,,,,,,,1732700,4000
large,batch,sum,spread,b-fused,32,1,0,0.207748982,,,,,,,954332,4000
large,batch,sum,spread,b-hash,32,1,1,0.082024553,,,,,,,1780208,4000
large,batch,sum,spread,b-hash-combine,32,1,2,0.113892106,,,,,,,1871464,4000
large,batch,sum,spread,b-main,32,1,3,0.214832172,,,,,,,1114092,4000
large,batch,sum,spread,b-hash,32,2,0,0.109059952,,,,,,,1735148,4000
large,batch,sum,spread,b-hash-combine,32,2,1,0.168877747,,,,,,,1650772,4000
large,batch,sum,spread,b-main,32,2,2,0.254138993,,,,,,,1134576,4000
large,batch,sum,spread,b-fused,32,2,3,0.212146877,,,,,,,930264,4000
large,batch,sum,spread,b-hash-combine,32,3,0,0.151347614,,,,,,,1751648,4000
large,batch,sum,spread,b-main,32,3,1,0.182347557,,,,,,,1117164,4000
large,batch,sum,spread,b-fused,32,3,2,0.147263513,,,,,,,1056748,4000
large,batch,sum,spread,b-hash,32,3,3,0.075200596,,,,,,,1814520,4000
large,batch,sum,spread,b-main,32,4,0,0.168163631,,,,,,,1130992,4000
large,batch,sum,spread,b-fused,32,4,1,0.12745561,,,,,,,965088,4000
large,batch,sum,spread,b-hash,32,4,2,0.106382317,,,,,,,1753068,4000
large,batch,sum,spread,b-hash-combine,32,4,3,0.120391429,,,,,,,1792096,4000
large,batch,count,local,b-hash-combine,32,-1,0,0.160551164,,,,,,,1919080,4000
large,batch,count,local,b-main,32,-1,1,0.26209589,,,,,,,1181692,4000
large,batch,count,local,b-fused,32,-1,2,0.136954216,,,,,,,1034728,4000
large,batch,count,local,b-hash,32,-1,3,0.094024643,,,,,,,1771500,4000
large,batch,count,local,b-main,32,0,0,0.215837872,,,,,,,1130996,4000
large,batch,count,local,b-fused,32,0,1,0.143946785,,,,,,,1009636,4000
large,batch,count,local,b-hash,32,0,2,0.105851334,,,,,,,1755120,4000
large,batch,count,local,b-hash-combine,32,0,3,0.143393337,,,,,,,1701988,4000
large,batch,count,local,b-fused,32,1,0,0.187287786,,,,,,,983520,4000
large,batch,count,local,b-hash,32,1,1,0.09532011,,,,,,,1881600,4000
large,batch,count,local,b-hash-combine,32,1,2,0.174998092,,,,,,,1761376,4000
large,batch,count,local,b-main,32,1,3,0.244745385,,,,,,,1116652,4000
large,batch,count,local,b-hash,32,2,0,0.095509244,,,,,,,1749480,4000
large,batch,count,local,b-hash-combine,32,2,1,0.14531633,,,,,,,1701464,4000
large,batch,count,local,b-main,32,2,2,0.181280783,,,,,,,1196532,4000
large,batch,count,local,b-fused,32,2,3,0.138891643,,,,,,,1071088,4000
large,batch,count,local,b-hash-combine,32,3,0,0.152122951,,,,,,,1728608,4000
large,batch,count,local,b-main,32,3,1,0.175750777,,,,,,,1129964,4000
large,batch,count,local,b-fused,32,3,2,0.200103301,,,,,,,1023976,4000
large,batch,count,local,b-hash,32,3,3,0.10491613,,,,,,,1714160,4000
large,batch,count,local,b-main,32,4,0,0.181359879,,,,,,,1162736,4000
large,batch,count,local,b-fused,32,4,1,0.187967011,,,,,,,1090036,4000
large,batch,count,local,b-hash,32,4,2,0.078169129,,,,,,,1810944,4000
large,batch,count,local,b-hash-combine,32,4,3,0.162623524,,,,,,,1693776,4000
large,batch,count,spread,b-hash-combine,32,-1,0,0.120468859,,,,,,,1757276,4000
large,batch,count,spread,b-main,32,-1,1,0.16770782,,,,,,,1155572,4000
large,batch,count,spread,b-fused,32,-1,2,0.209998939,,,,,,,1005540,4000
large,batch,count,spread,b-hash,32,-1,3,0.082155488,,,,,,,1789936,4000
large,batch,count,spread,b-main,32,0,0,0.165574605,,,,,,,1146864,4000
large,batch,count,spread,b-fused,32,0,1,0.14470714,,,,,,,985052,4000
large,batch,count,spread,b-hash,32,0,2,0.103871509,,,,,,,1705960,4000
large,batch,count,spread,b-hash-combine,32,0,3,0.120206368,,,,,,,1863784,4000
large,batch,count,spread,b-fused,32,1,0,0.153471175,,,,,,,1038312,4000
large,batch,count,spread,b-hash,32,1,1,0.103911361,,,,,,,1734124,4000
large,batch,count,spread,b-hash-combine,32,1,2,0.13151102,,,,,,,1905260,4000
large,batch,count,spread,b-main,32,1,3,0.177380697,,,,,,,1142768,4000
large,batch,count,spread,b-hash,32,2,0,0.102754331,,,,,,,1759732,4000
large,batch,count,spread,b-hash-combine,32,2,1,0.19210363,,,,,,,1627732,4000
large,batch,count,spread,b-main,32,2,2,0.168870833,,,,,,,1143272,4000
large,batch,count,spread,b-fused,32,2,3,0.21211494,,,,,,,1017828,4000
large,batch,count,spread,b-hash-combine,32,3,0,0.116214179,,,,,,,1962104,4000
large,batch,count,spread,b-main,32,3,1,0.261110247,,,,,,,1160692,4000
large,batch,count,spread,b-fused,32,3,2,0.201730955,,,,,,,1006052,4000
large,batch,count,spread,b-hash,32,3,3,0.08911366,,,,,,,1765868,4000
large,batch,count,spread,b-main,32,4,0,0.261745197,,,,,,,1113580,4000
large,batch,count,spread,b-fused,32,4,1,0.212163967,,,,,,,950752,4000
large,batch,count,spread,b-hash,32,4,2,0.097034023,,,,,,,1773040,4000
large,batch,count,spread,b-hash-combine,32,4,3,0.181253144,,,,,,,1661024,4000
small-dup,batch,min,local,b-hash-combine,32,-1,0,0.041101781,,,,,,,995300,1000000
small-dup,batch,min,local,b-main,32,-1,1,0.193871444,,,,,,,1226752,1000000
small-dup,batch,min,local,b-weights,32,-1,2,0.083093427,,,,,,,1003996,1000000
small-dup,batch,min,local,b-weights-combine,32,-1,3,0.046646772,,,,,,,944092,1000000
small-dup,batch,min,local,b-fused,32,-1,4,0.133988921,,,,,,,1031956,1000000
small-dup,batch,min,local,b-hash,32,-1,5,0.049405955,,,,,,,1019600,1000000
small-dup,batch,min,local,b-main,32,0,0,0.173988564,,,,,,,1140212,1000000
small-dup,batch,min,local,b-weights,32,0,1,0.121121568,,,,,,,998884,1000000
small-dup,batch,min,local,b-weights-combine,32,0,2,0.046229987,,,,,,,968680,1000000
small-dup,batch,min,local,b-fused,32,0,3,0.141303024,,,,,,,1101300,1000000
small-dup,batch,min,local,b-hash,32,0,4,0.054435215,,,,,,,1029844,1000000
small-dup,batch,min,local,b-hash-combine,32,0,5,0.046051261,,,,,,,1044460,1000000
small-dup,batch,min,local,b-weights,32,1,0,0.122735796,,,,,,,1103856,1000000
small-dup,batch,min,local,b-weights-combine,32,1,1,0.03587672,,,,,,,935904,1000000
small-dup,batch,min,local,b-fused,32,1,2,0.137579396,,,,,,,1102328,1000000
small-dup,batch,min,local,b-hash,32,1,3,0.05402743,,,,,,,1111252,1000000
small-dup,batch,min,local,b-hash-combine,32,1,4,0.041575064,,,,,,,900564,1000000
small-dup,batch,min,local,b-main,32,1,5,0.173498819,,,,,,,1121780,1000000
small-dup,batch,min,local,b-weights-combine,32,2,0,0.048995038,,,,,,,1008104,1000000
small-dup,batch,min,local,b-fused,32,2,1,0.141286419,,,,,,,1101808,1000000
small-dup,batch,min,local,b-hash,32,2,2,0.053271619,,,,,,,1263352,1000000
small-dup,batch,min,local,b-hash-combine,32,2,3,0.043597536,,,,,,,978912,1000000
small-dup,batch,min,local,b-main,32,2,4,0.170804261,,,,,,,1056748,1000000
small-dup,batch,min,local,b-weights,32,2,5,0.124242141,,,,,,,1015780,1000000
small-dup,batch,min,local,b-fused,32,3,0,0.145424977,,,,,,,1038316,1000000
small-dup,batch,min,local,b-hash,32,3,1,0.05354939,,,,,,,991020,1000000
small-dup,batch,min,local,b-hash-combine,32,3,2,0.047291872,,,,,,,1001452,1000000
small-dup,batch,min,local,b-main,32,3,3,0.107350196,,,,,,,1040360,1000000
small-dup,batch,min,local,b-weights,32,3,4,0.084855588,,,,,,,1104368,1000000
small-dup,batch,min,local,b-weights-combine,32,3,5,0.049132641,,,,,,,895452,1000000
small-dup,batch,min,local,b-hash,32,4,0,0.04592716,,,,,,,1038700,1000000
small-dup,batch,min,local,b-hash-combine,32,4,1,0.040394505,,,,,,,944100,1000000
small-dup,batch,min,local,b-main,32,4,2,0.173647361,,,,,,,1130488,1000000
small-dup,batch,min,local,b-weights,32,4,3,0.130508135,,,,,,,1167868,1000000
small-dup,batch,min,local,b-weights-combine,32,4,4,0.050759064,,,,,,,894940,1000000
small-dup,batch,min,local,b-fused,32,4,5,0.140488936,,,,,,,1054704,1000000
small-dup,batch,min,spread,b-hash-combine,32,-1,0,0.067084475,,,,,,,1218556,1000000
small-dup,batch,min,spread,b-main,32,-1,1,0.172638741,,,,,,,950236,1000000
small-dup,batch,min,spread,b-weights,32,-1,2,0.144273943,,,,,,,983012,1000000
small-dup,batch,min,spread,b-weights-combine,32,-1,3,0.152850872,,,,,,,1204740,1000000
small-dup,batch,min,spread,b-fused,32,-1,4,0.15775772,,,,,,,972768,1000000
small-dup,batch,min,spread,b-hash,32,-1,5,0.052872953,,,,,,,1017708,1000000
small-dup,batch,min,spread,b-main,32,0,0,0.188531758,,,,,,,971232,1000000
small-dup,batch,min,spread,b-weights,32,0,1,0.153753436,,,,,,,1066840,1000000
small-dup,batch,min,spread,b-weights-combine,32,0,2,0.155052986,,,,,,,1224704,1000000
small-dup,batch,min,spread,b-fused,32,0,3,0.098256717,,,,,,,993244,1000000
small-dup,batch,min,spread,b-hash,32,0,4,0.039545861,,,,,,,1036140,1000000
small-dup,batch,min,spread,b-hash-combine,32,0,5,0.084882328,,,,,,,1253376,1000000
small-dup,batch,min,spread,b-weights,32,1,0,0.131128479,,,,,,,1056676,1000000
small-dup,batch,min,spread,b-weights-combine,32,1,1,0.120684714,,,,,,,1242116,1000000
small-dup,batch,min,spread,b-fused,32,1,2,0.162597157,,,,,,,992732,1000000
small-dup,batch,min,spread,b-hash,32,1,3,0.056784504,,,,,,,1064816,1000000
small-dup,batch,min,spread,b-hash-combine,32,1,4,0.070511373,,,,,,,1226240,1000000
small-dup,batch,min,spread,b-main,32,1,5,0.188373088,,,,,,,1013728,1000000
small-dup,batch,min,spread,b-weights-combine,32,2,0,0.165086204,,,,,,,1265664,1000000
small-dup,batch,min,spread,b-fused,32,2,1,0.155751974,,,,,,,985056,1000000
small-dup,batch,min,spread,b-hash,32,2,2,0.055439884,,,,,,,1006800,1000000
small-dup,batch,min,spread,b-hash-combine,32,2,3,0.09476674,,,,,,,1222652,1000000
small-dup,batch,min,spread,b-main,32,2,4,0.175293801,,,,,,,1070576,1000000
small-dup,batch,min,spread,b-weights,32,2,5,0.128645953,,,,,,,1044444,1000000
small-dup,batch,min,spread,b-fused,32,3,0,0.132252605,,,,,,,953820,1000000
small-dup,batch,min,spread,b-hash,32,3,1,0.055945005,,,,,,,966360,1000000
small-dup,batch,min,spread,b-hash-combine,32,3,2,0.088818939,,,,,,,1189884,1000000
small-dup,batch,min,spread,b-main,32,3,3,0.117365875,,,,,,,1118696,1000000
small-dup,batch,min,spread,b-weights,32,3,4,0.142101486,,,,,,,1017828,1000000
small-dup,batch,min,spread,b-weights-combine,32,3,5,0.154506803,,,,,,,1198076,1000000
small-dup,batch,min,spread,b-hash,32,4,0,0.042412254,,,,,,,1019752,1000000
small-dup,batch,min,spread,b-hash-combine,32,4,1,0.072783019,,,,,,,1287684,1000000
small-dup,batch,min,spread,b-main,32,4,2,0.175393883,,,,,,,1255428,1000000
small-dup,batch,min,spread,b-weights,32,4,3,0.148207407,,,,,,,984956,1000000
small-dup,batch,min,spread,b-weights-combine,32,4,4,0.170925737,,,,,,,1222656,1000000
small-dup,batch,min,spread,b-fused,32,4,5,0.160875152,,,,,,,952792,1000000
small-dup,batch,max,local,b-hash-combine,32,-1,0,0.030720073,,,,,,,966112,1000000
small-dup,batch,max,local,b-main,32,-1,1,0.11519714,,,,,,,1126900,1000000
small-dup,batch,max,local,b-weights,32,-1,2,0.123627397,,,,,,,1058796,1000000
small-dup,batch,max,local,b-weights-combine,32,-1,3,0.049348556,,,,,,,952284,1000000
small-dup,batch,max,local,b-fused,32,-1,4,0.096314453,,,,,,,1058588,1000000
small-dup,batch,max,local,b-hash,32,-1,5,0.050525882,,,,,,,1027432,1000000
small-dup,batch,max,local,b-main,32,0,0,0.147234454,,,,,,,1116656,1000000
small-dup,batch,max,local,b-weights,32,0,1,0.085821097,,,,,,,1167352,1000000
small-dup,batch,max,local,b-weights-combine,32,0,2,0.033663039,,,,,,,930264,1000000
small-dup,batch,max,local,b-fused,32,0,3,0.143535693,,,,,,,1079792,1000000
small-dup,batch,max,local,b-hash,32,0,4,0.052397017,,,,,,,1027432,1000000
small-dup,batch,max,local,b-hash-combine,32,0,5,0.040079724,,,,,,,939384,1000000
small-dup,batch,max,local,b-weights,32,1,0,0.11680816,,,,,,,993252,1000000
small-dup,batch,max,local,b-weights-combine,32,1,1,0.042775656,,,,,,,962528,1000000
small-dup,batch,max,local,b-fused,32,1,2,0.138994874,,,,,,,1069040,1000000
small-dup,batch,max,local,b-hash,32,1,3,0.044094189,,,,,,,1012080,1000000
small-dup,batch,max,local,b-hash-combine,32,1,4,0.046816663,,,,,,,962532,1000000
small-dup,batch,max,local,b-main,32,1,5,0.171270238,,,,,,,1025504,1000000
small-dup,batch,max,local,b-weights-combine,32,2,0,0.051912783,,,,,,,964060,1000000
small-dup,batch,max,local,b-fused,32,2,1,0.137993616,,,,,,,1052448,1000000
small-dup,batch,max,local,b-hash,32,2,2,0.051346174,,,,,,,1056112,1000000
small-dup,batch,max,local,b-hash-combine,32,2,3,0.047764844,,,,,,,992736,1000000
small-dup,batch,max,local,b-main,32,2,4,0.171401228,,,,,,,1046496,1000000
small-dup,batch,max,local,b-weights,32,2,5,0.124517806,,,,,,,1073636,1000000
small-dup,batch,max,local,b-fused,32,3,0,0.144269074,,,,,,,1137652,1000000
small-dup,batch,max,local,b-hash,32,3,1,0.060254676,,,,,,,1159032,1000000
small-dup,batch,max,local,b-hash-combine,32,3,2,0.037151858,,,,,,,958432,1000000
small-dup,batch,max,local,b-main,32,3,3,0.176487886,,,,,,,1263116,1000000
small-dup,batch,max,local,b-weights,32,3,4,0.123339202,,,,,,,1161208,1000000
small-dup,batch,max,local,b-weights-combine,32,3,5,0.052636923,,,,,,,1017832,1000000
small-dup,batch,max,local,b-hash,32,4,0,0.053467396,,,,,,,1115864,1000000
small-dup,batch,max,local,b-hash-combine,32,4,1,0.047937346,,,,,,,1006868,1000000
small-dup,batch,max,local,b-main,32,4,2,0.14908879,,,,,,,1271808,1000000
small-dup,batch,max,local,b-weights,32,4,3,0.125052536,,,,,,,992732,1000000
small-dup,batch,max,local,b-weights-combine,32,4,4,0.033734077,,,,,,,906504,1000000
small-dup,batch,max,local,b-fused,32,4,5,0.132185735,,,,,,,1091052,1000000
small-dup,batch,max,spread,b-hash-combine,32,-1,0,0.081779934,,,,,,,1213948,1000000
small-dup,batch,max,spread,b-main,32,-1,1,0.182639771,,,,,,,1126384,1000000
small-dup,batch,max,spread,b-weights,32,-1,2,0.138158973,,,,,,,968164,1000000
small-dup,batch,max,spread,b-weights-combine,32,-1,3,0.16479618,,,,,,,1219068,1000000
small-dup,batch,max,spread,b-fused,32,-1,4,0.155231915,,,,,,,1037076,1000000
small-dup,batch,max,spread,b-hash,32,-1,5,0.052429685,,,,,,,991596,1000000
small-dup,batch,max,spread,b-main,32,0,0,0.179013702,,,,,,,964060,1000000
small-dup,batch,max,spread,b-weights,32,0,1,0.140994303,,,,,,,970716,1000000
small-dup,batch,max,spread,b-weights-combine,32,0,2,0.164137015,,,,,,,1261572,1000000
small-dup,batch,max,spread,b-fused,32,0,3,0.156870753,,,,,,,978912,1000000
small-dup,batch,max,spread,b-hash,32,0,4,0.053910763,,,,,,,976072,1000000
small-dup,batch,max,spread,b-hash-combine,32,0,5,0.087869657,,,,,,,1239048,1000000
small-dup,batch,max,spread,b-weights,32,1,0,0.152354017,,,,,,,1026536,1000000
small-dup,batch,max,spread,b-weights-combine,32,1,1,0.157927449,,,,,,,1255424,1000000
small-dup,batch,max,spread,b-fused,32,1,2,0.16260129,,,,,,,980964,1000000
small-dup,batch,max,spread,b-hash,32,1,3,0.06362019,,,,,,,1002852,1000000
small-dup,batch,max,spread,b-hash-combine,32,1,4,0.100467572,,,,,,,1189676,1000000
small-dup,batch,max,spread,b-main,32,1,5,0.193615993,,,,,,,1161720,1000000
small-dup,batch,max,spread,b-weights-combine,32,2,0,0.172175692,,,,,,,1251840,1000000
small-dup,batch,max,spread,b-fused,32,2,1,0.159583832,,,,,,,952072,1000000
small-dup,batch,max,spread,b-hash,32,2,2,0.042551667,,,,,,,1027948,1000000
small-dup,batch,max,spread,b-hash-combine,32,2,3,0.094617201,,,,,,,1187844,1000000
small-dup,batch,max,spread,b-main,32,2,4,0.181698521,,,,,,,1000928,1000000
small-dup,batch,max,spread,b-weights,32,2,5,0.147596658,,,,,,,971232,1000000
small-dup,batch,max,spread,b-fused,32,3,0,0.162095204,,,,,,,978916,1000000
small-dup,batch,max,spread,b-hash,32,3,1,0.052394177,,,,,,,992604,1000000
small-dup,batch,max,spread,b-hash-combine,32,3,2,0.068423317,,,,,,,1266180,1000000
small-dup,batch,max,spread,b-main,32,3,3,0.121749629,,,,,,,1056744,1000000
small-dup,batch,max,spread,b-weights,32,3,4,0.125439032,,,,,,,1079268,1000000
small-dup,batch,max,spread,b-weights-combine,32,3,5,0.169951184,,,,,,,1165820,1000000
small-dup,batch,max,spread,b-hash,32,4,0,0.049545131,,,,,,,1001324,1000000
small-dup,batch,max,spread,b-hash-combine,32,4,1,0.070513451,,,,,,,1280524,1000000
small-dup,batch,max,spread,b-main,32,4,2,0.191157827,,,,,,,1062380,1000000
small-dup,batch,max,spread,b-weights,32,4,3,0.152983393,,,,,,,1031132,1000000
small-dup,batch,max,spread,b-weights-combine,32,4,4,0.166378291,,,,,,,1241088,1000000
small-dup,batch,max,spread,b-fused,32,4,5,0.163597185,,,,,,,1021924,1000000
small-dup,batch,sum,local,b-hash-combine,32,-1,0,0.071059984,,,,,,,1003344,1000000
small-dup,batch,sum,local,b-main,32,-1,1,0.175663283,,,,,,,1064932,1000000
small-dup,batch,sum,local,b-fused,32,-1,2,0.139891965,,,,,,,1062684,1000000
small-dup,batch,sum,local,b-hash,32,-1,3,0.062036235,,,,,,,1130356,1000000
small-dup,batch,sum,local,b-main,32,0,0,0.167028231,,,,,,,1167348,1000000
small-dup,batch,sum,local,b-fused,32,0,1,0.10356522,,,,,,,1042408,1000000
small-dup,batch,sum,local,b-hash,32,0,2,0.067229158,,,,,,,1140604,1000000
small-dup,batch,sum,local,b-hash-combine,32,0,3,0.082660809,,,,,,,1105900,1000000
small-dup,batch,sum,local,b-fused,32,1,0,0.147643364,,,,,,,1126388,1000000
small-dup,batch,sum,local,b-hash,32,1,1,0.048593607,,,,,,,1101684,1000000
small-dup,batch,sum,local,b-hash-combine,32,1,2,0.064842501,,,,,,,1023464,1000000
small-dup,batch,sum,local,b-main,32,1,3,0.117794438,,,,,,,1150316,1000000
small-dup,batch,sum,local,b-hash,32,2,0,0.064323768,,,,,,,1125756,1000000
small-dup,batch,sum,local,b-hash-combine,32,2,1,0.072499931,,,,,,,1048044,1000000
small-dup,batch,sum,local,b-main,32,2,2,0.176489654,,,,,,,1204216,1000000
small-dup,batch,sum,local,b-fused,32,2,3,0.128119325,,,,,,,1206280,1000000
small-dup,batch,sum,local,b-hash-combine,32,3,0,0.071435635,,,,,,,1066472,1000000
small-dup,batch,sum,local,b-main,32,3,1,0.180021409,,,,,,,1086956,1000000
small-dup,batch,sum,local,b-fused,32,3,2,0.139176365,,,,,,,1085428,1000000
small-dup,batch,sum,local,b-hash,32,3,3,0.048562711,,,,,,,1109880,1000000
small-dup,batch,sum,local,b-main,32,4,0,0.112013353,,,,,,,1179648,1000000
small-dup,batch,sum,local,b-fused,32,4,1,0.083454184,,,,,,,983008,1000000
small-dup,batch,sum,local,b-hash,32,4,2,0.064527721,,,,,,,1154936,1000000
small-dup,batch,sum,local,b-hash-combine,32,4,3,0.067971697,,,,,,,1038304,1000000
small-dup,batch,sum,spread,b-hash-combine,32,-1,0,0.096624974,,,,,,,1847400,1000000
small-dup,batch,sum,spread,b-main,32,-1,1,0.185162279,,,,,,,1086956,1000000
small-dup,batch,sum,spread,b-fused,32,-1,2,0.099055506,,,,,,,962524,1000000
small-dup,batch,sum,spread,b-hash,32,-1,3,0.065533495,,,,,,,1138552,1000000
small-dup,batch,sum,spread,b-main,32,0,0,0.114479949,,,,,,,994784,1000000
small-dup,batch,sum,spread,b-fused,32,0,1,0.132745068,,,,,,,978912,1000000
small-dup,batch,sum,spread,b-hash,32,0,2,0.055793962,,,,,,,1105768,1000000
small-dup,batch,sum,spread,b-hash-combine,32,0,3,0.127161393,,,,,,,1673304,1000000
small-dup,batch,sum,spread,b-fused,32,1,0,0.160339719,,,,,,,980820,1000000
small-dup,batch,sum,spread,b-hash,32,1,1,0.071400044,,,,,,,1128312,1000000
small-dup,batch,sum,spread,b-hash-combine,32,1,2,0.132020486,,,,,,,1785952,1000000
small-dup,batch,sum,spread,b-main,32,1,3,0.192407812,,,,,,,1161196,1000000
small-dup,batch,sum,spread,b-hash,32,2,0,0.071153391,,,,,,,1109736,1000000
small-dup,batch,sum,spread,b-hash-combine,32,2,1,0.09648505,,,,,,,1894512,1000000
small-dup,batch,sum,spread,b-main,32,2,2,0.187523235,,,,,,,1031652,1000000
small-dup,batch,sum,spread,b-fused,32,2,3,0.157468311,,,,,,,962320,1000000
small-dup,batch,sum,spread,b-hash-combine,32,3,0,0.145235951,,,,,,,1682892,1000000
small-dup,batch,sum,spread,b-main,32,3,1,0.115711493,,,,,,,1069036,1000000
small-dup,batch,sum,spread,b-fused,32,3,2,0.159628317,,,,,,,962524,1000000
small-dup,batch,sum,spread,b-hash,32,3,3,0.05543615,,,,,,,1113456,1000000
small-dup,batch,sum,spread,b-main,32,4,0,0.108668466,,,,,,,1003492,1000000
small-dup,batch,sum,spread,b-fused,32,4,1,0.15609114,,,,,,,954336,1000000
small-dup,batch,sum,spread,b-hash,32,4,2,0.060792828,,,,,,,1085304,1000000
small-dup,batch,sum,spread,b-hash-combine,32,4,3,0.092226955,,,,,,,1818728,1000000
small-dup,batch,count,local,b-hash-combine,32,-1,0,0.080593222,,,,,,,1135096,1000000
small-dup,batch,count,local,b-main,32,-1,1,0.111373819,,,,,,,1061356,1000000
small-dup,batch,count,local,b-fused,32,-1,2,0.142159923,,,,,,,1204224,1000000
small-dup,batch,count,local,b-hash,32,-1,3,0.06699117,,,,,,,1131896,1000000
small-dup,batch,count,local,b-main,32,0,0,0.141560789,,,,,,,1032024,1000000
small-dup,batch,count,local,b-fused,32,0,1,0.107087721,,,,,,,1137956,1000000
small-dup,batch,count,local,b-hash,32,0,2,0.062850087,,,,,,,1158528,1000000
small-dup,batch,count,local,b-hash-combine,32,0,3,0.059478627,,,,,,,1044452,1000000
small-dup,batch,count,local,b-fused,32,1,0,0.120128488,,,,,,,1011176,1000000
small-dup,batch,count,local,b-hash,32,1,1,0.064357365,,,,,,,1116528,1000000
small-dup,batch,count,local,b-hash-combine,32,1,2,0.072075664,,,,,,,1058280,1000000
small-dup,batch,count,local,b-main,32,1,3,0.174915239,,,,,,,1081840,1000000
small-dup,batch,count,local,b-hash,32,2,0,0.061634859,,,,,,,1127644,1000000
small-dup,batch,count,local,b-hash-combine,32,2,1,0.073366701,,,,,,,974808,1000000
small-dup,batch,count,local,b-main,32,2,2,0.151806285,,,,,,,1014240,1000000
small-dup,batch,count,local,b-fused,32,2,3,0.143377359,,,,,,,1100064,1000000
small-dup,batch,count,local,b-hash-combine,32,3,0,0.068883677,,,,,,,1058284,1000000
small-dup,batch,count,local,b-main,32,3,1,0.169724952,,,,,,,1092076,1000000
small-dup,batch,count,local,b-fused,32,3,2,0.098533731,,,,,,,1021204,1000000
small-dup,batch,count,local,b-hash,32,3,3,0.07331531,,,,,,,1085144,1000000
small-dup,batch,count,local,b-main,32,4,0,0.113704001,,,,,,,1051112,1000000
small-dup,batch,count,local,b-fused,32,4,1,0.093232312,,,,,,,1050604,1000000
small-dup,batch,count,local,b-hash,32,4,2,0.069851276,,,,,,,1101688,1000000
small-dup,batch,count,local,b-hash-combine,32,4,3,0.053005307,,,,,,,1011680,1000000
small-dup,batch,count,spread,b-hash-combine,32,-1,0,0.096365576,,,,,,,1800288,1000000
small-dup,batch,count,spread,b-main,32,-1,1,0.173535447,,,,,,,937808,1000000
small-dup,batch,count,spread,b-fused,32,-1,2,0.157440584,,,,,,,962528,1000000
small-dup,batch,count,spread,b-hash,32,-1,3,0.055211512,,,,,,,1134972,1000000
small-dup,batch,count,spread,b-main,32,0,0,0.114007051,,,,,,,1001436,1000000
small-dup,batch,count,spread,b-fused,32,0,1,0.157700181,,,,,,,954840,1000000
small-dup,batch,count,spread,b-hash,32,0,2,0.072128965,,,,,,,1124220,1000000
small-dup,batch,count,spread,b-hash-combine,32,0,3,0.090232179,,,,,,,1802340,1000000
small-dup,batch,count,spread,b-fused,32,1,0,0.097321708,,,,,,,954848,1000000
small-dup,batch,count,spread,b-hash,32,1,1,0.061385325,,,,,,,1118068,1000000
small-dup,batch,count,spread,b-hash-combine,32,1,2,0.123519479,,,,,,,1675352,1000000
small-dup,batch,count,spread,b-main,32,1,3,0.133852557,,,,,,,1021928,1000000
small-dup,batch,count,spread,b-hash,32,2,0,0.062937283,,,,,,,1105620,1000000
small-dup,batch,count,spread,b-hash-combine,32,2,1,0.141342974,,,,,,,1603664,1000000
small-dup,batch,count,spread,b-main,32,2,2,0.144531417,,,,,,,1001952,1000000
small-dup,batch,count,spread,b-fused,32,2,3,0.147762144,,,,,,,958940,1000000
small-dup,batch,count,spread,b-hash-combine,32,3,0,0.117076532,,,,,,,1696344,1000000
small-dup,batch,count,spread,b-main,32,3,1,0.189306399,,,,,,,1009628,1000000
small-dup,batch,count,spread,b-fused,32,3,2,0.13313361,,,,,,,963040,1000000
small-dup,batch,count,spread,b-hash,32,3,3,0.068546754,,,,,,,1113396,1000000
small-dup,batch,count,spread,b-main,32,4,0,0.110038985,,,,,,,995808,1000000
small-dup,batch,count,spread,b-fused,32,4,1,0.15720153,,,,,,,954336,1000000
small-dup,batch,count,spread,b-hash,32,4,2,0.064445252,,,,,,,1113976,1000000
small-dup,batch,count,spread,b-hash-combine,32,4,3,0.100065858,,,,,,,1874024,1000000
large-dup,batch,min,local,b-hash-combine,32,-1,0,0.031899422,,,,,,,929760,4000
large-dup,batch,min,local,b-main,32,-1,1,0.118735743,,,,,,,1126384,4000
large-dup,batch,min,local,b-weights,32,-1,2,0.078081149,,,,,,,1134580,4000
large-dup,batch,min,local,b-weights-combine,32,-1,3,0.036656629,,,,,,,1011696,4000
large-dup,batch,min,local,b-fused,32,-1,4,0.090553137,,,,,,,1011688,4000
large-dup,batch,min,local,b-hash,32,-1,5,0.041644884,,,,,,,1040620,4000
large-dup,batch,min,local,b-main,32,0,0,0.154632127,,,,,,,1021928,4000
large-dup,batch,min,local,b-weights,32,0,1,0.073573029,,,,,,,1005028,4000
large-dup,batch,min,local,b-weights-combine,32,0,2,0.024327178,,,,,,,925668,4000
large-dup,batch,min,local,b-fused,32,0,3,0.112057095,,,,,,,1136120,4000
large-dup,batch,min,local,b-hash,32,0,4,0.050777815,,,,,,,1023848,4000
large-dup,batch,min,local,b-hash-combine,32,0,5,0.03737414,,,,,,,942564,4000
large-dup,batch,min,local,b-weights,32,1,0,0.072738255,,,,,,,1064428,4000
large-dup,batch,min,local,b-weights-combine,32,1,1,0.036764726,,,,,,,919012,4000
large-dup,batch,min,local,b-fused,32,1,2,0.134071141,,,,,,,1026032,4000
large-dup,batch,min,local,b-hash,32,1,3,0.046385162,,,,,,,966000,4000
large-dup,batch,min,local,b-hash-combine,32,1,4,0.027014045,,,,,,,1013740,4000
large-dup,batch,min,local,b-main,32,1,5,0.173434186,,,,,,,1075176,4000
large-dup,batch,min,local,b-weights-combine,32,2,0,0.03766615,,,,,,,880600,4000
large-dup,batch,min,local,b-fused,32,2,1,0.122806934,,,,,,,1036776,4000
large-dup,batch,min,local,b-hash,32,2,2,0.045503573,,,,,,,1052536,4000
large-dup,batch,min,local,b-hash-combine,32,2,3,0.039326581,,,,,,,946144,4000
large-dup,batch,min,local,b-main,32,2,4,0.178204497,,,,,,,1122296,4000
large-dup,batch,min,local,b-weights,32,2,5,0.062614488,,,,,,,1000936,4000
large-dup,batch,min,local,b-fused,32,3,0,0.09064376,,,,,,,1091060,4000
large-dup,batch,min,local,b-hash,32,3,1,0.043511794,,,,,,,963944,4000
large-dup,batch,min,local,b-hash-combine,32,3,2,0.022074283,,,,,,,880604,4000
large-dup,batch,min,local,b-main,32,3,3,0.1654896,,,,,,,983012,4000
large-dup,batch,min,local,b-weights,32,3,4,0.075422265,,,,,,,1066992,4000
large-dup,batch,min,local,b-weights-combine,32,3,5,0.036968325,,,,,,,870360,4000
large-dup,batch,min,local,b-hash,32,4,0,0.046018678,,,,,,,957796,4000
large-dup,batch,min,local,b-hash-combine,32,4,1,0.031811848,,,,,,,917980,4000
large-dup,batch,min,local,b-main,32,4,2,0.114054186,,,,,,,1021412,4000
large-dup,batch,min,local,b-weights,32,4,3,0.061740252,,,,,,,991204,4000
large-dup,batch,min,local,b-weights-combine,32,4,4,0.030426242,,,,,,,929756,4000
large-dup,batch,min,local,b-fused,32,4,5,0.142326002,,,,,,,1181180,4000
large-dup,batch,min,spread,b-hash-combine,32,-1,0,0.034794159,,,,,,,837584,4000
large-dup,batch,min,spread,b-main,32,-1,1,0.189936864,,,,,,,1011680,4000
large-dup,batch,min,spread,b-weights,32,-1,2,0.059521062,,,,,,,954332,4000
large-dup,batch,min,spread,b-weights-combine,32,-1,3,0.042898807,,,,,,,859976,4000
large-dup,batch,min,spread,b-fused,32,-1,4,0.178531561,,,,,,,948700,4000
large-dup,batch,min,spread,b-hash,32,-1,5,0.042183885,,,,,,,909012,4000
large-dup,batch,min,spread,b-main,32,0,0,0.183819667,,,,,,,902100,4000
large-dup,batch,min,spread,b-weights,32,0,1,0.059643869,,,,,,,954848,4000
large-dup,batch,min,spread,b-weights-combine,32,0,2,0.037369258,,,,,,,858068,4000
large-dup,batch,min,spread,b-fused,32,0,3,0.104372786,,,,,,,938460,4000
large-dup,batch,min,spread,b-hash,32,0,4,0.047369664,,,,,,,1042804,4000
large-dup,batch,min,spread,b-hash-combine,32,0,5,0.036899106,,,,,,,913368,4000
large-dup,batch,min,spread,b-weights,32,1,0,0.059952998,,,,,,,907728,4000
large-dup,batch,min,spread,b-weights-combine,32,1,1,0.033855251,,,,,,,883160,4000
large-dup,batch,min,spread,b-fused,32,1,2,0.155490659,,,,,,,981468,4000
large-dup,batch,min,spread,b-hash,32,1,3,0.043160228,,,,,,,1011564,4000
large-dup,batch,min,spread,b-hash-combine,32,1,4,0.033693051,,,,,,,891348,4000
large-dup,batch,min,spread,b-main,32,1,5,0.190330632,,,,,,,1013732,4000
large-dup,batch,min,spread,b-weights-combine,32,2,0,0.038095754,,,,,,,858068,4000
large-dup,batch,min,spread,b-fused,32,2,1,0.15912891,,,,,,,945628,4000
large-dup,batch,min,spread,b-hash,32,2,2,0.029857246,,,,,,,913240,4000
large-dup,batch,min,spread,b-hash-combine,32,2,3,0.037290681,,,,,,,885204,4000
large-dup,batch,min,spread,b-main,32,2,4,0.123953723,,,,,,,946648,4000
large-dup,batch,min,spread,b-weights,32,2,5,0.059455802,,,,,,,899024,4000
large-dup,batch,min,spread,b-fused,32,3,0,0.112052157,,,,,,,1058800,4000
large-dup,batch,min,spread,b-hash,32,3,1,0.042098912,,,,,,,919388,4000
large-dup,batch,min,spread,b-hash-combine,32,3,2,0.037128273,,,,,,,817104,4000
large-dup,batch,min,spread,b-main,32,3,3,0.116877789,,,,,,,949720,4000
large-dup,batch,min,spread,b-weights,32,3,4,0.076096839,,,,,,,903124,4000
large-dup,batch,min,spread,b-weights-combine,32,3,5,0.037888706,,,,,,,836056,4000
large-dup,batch,min,spread,b-hash,32,4,0,0.039748805,,,,,,,954716,4000
large-dup,batch,min,spread,b-hash-combine,32,4,1,0.036206083,,,,,,,810960,4000
large-dup,batch,min,spread,b-main,32,4,2,0.17701316,,,,,,,999908,4000
large-dup,batch,min,spread,b-weights,32,4,3,0.090117972,,,,,,,929756,4000
large-dup,batch,min,spread,b-weights-combine,32,4,4,0.037092589,,,,,,,874456,4000
large-dup,batch,min,spread,b-fused,32,4,5,0.169921615,,,,,,,993256,4000
large-dup,batch,max,local,b-hash-combine,32,-1,0,0.025248595,,,,,,,913368,4000
large-dup,batch,max,local,b-main,32,-1,1,0.106288295,,,,,,,1077740,4000
large-dup,batch,max,local,b-weights,32,-1,2,0.086062561,,,,,,,1108476,4000
large-dup,batch,max,local,b-weights-combine,32,-1,3,0.027862591,,,,,,,893404,4000
large-dup,batch,max,local,b-fused,32,-1,4,0.106328498,,,,,,,1166848,4000
large-dup,batch,max,local,b-hash,32,-1,5,0.043473069,,,,,,,929644,4000
large-dup,batch,max,local,b-main,32,0,0,0.118135738,,,,,,,958428,4000
large-dup,batch,max,local,b-weights,32,0,1,0.078315645,,,,,,,983008,4000
large-dup,batch,max,local,b-weights-combine,32,0,2,0.036080814,,,,,,,870864,4000
large-dup,batch,max,local,b-fused,32,0,3,0.07973113,,,,,,,926168,4000
large-dup,batch,max,local,b-hash,32,0,4,0.053014511,,,,,,,1036140,4000
large-dup,batch,max,local,b-hash-combine,32,0,5,0.031065694,,,,,,,989160,4000
large-dup,batch,max,local,b-weights,32,1,0,0.069137065,,,,,,,1032680,4000
large-dup,batch,max,local,b-weights-combine,32,1,1,0.025362943,,,,,,,1017328,4000
large-dup,batch,max,local,b-fused,32,1,2,0.144596193,,,,,,,1045996,4000
large-dup,batch,max,local,b-hash,32,1,3,0.051789522,,,,,,,1119612,4000
large-dup,batch,max,local,b-hash-combine,32,1,4,0.031769878,,,,,,,972260,4000
large-dup,batch,max,local,b-main,32,1,5,0.17087674,,,,,,,1158648,4000
large-dup,batch,max,local,b-weights-combine,32,2,0,0.02843595,,,,,,,907744,4000
large-dup,batch,max,local,b-fused,32,2,1,0.137083881,,,,,,,1038832,4000
large-dup,batch,max,local,b-hash,32,2,2,0.051385161,,,,,,,1089916,4000
large-dup,batch,max,local,b-hash-combine,32,2,3,0.03729678,,,,,,,872912,4000
large-dup,batch,max,local,b-main,32,2,4,0.117165597,,,,,,,1001444,4000
large-dup,batch,max,local,b-weights,32,2,5,0.068367822,,,,,,,1019876,4000
large-dup,batch,max,local,b-fused,32,3,0,0.133259184,,,,,,,999256,4000
large-dup,batch,max,local,b-hash,32,3,1,0.046109818,,,,,,,939360,4000
large-dup,batch,max,local,b-hash-combine,32,3,2,0.03645609,,,,,,,941536,4000
large-dup,batch,max,local,b-main,32,3,3,0.173537219,,,,,,,1267216,4000
large-dup,batch,max,local,b-weights,32,3,4,0.078569296,,,,,,,1038320,4000
large-dup,batch,max,local,b-weights-combine,32,3,5,0.036365317,,,,,,,935396,4000
large-dup,batch,max,local,b-hash,32,4,0,0.061041815,,,,,,,953700,4000
large-dup,batch,max,local,b-hash-combine,32,4,1,0.040339368,,,,,,,849736,4000
large-dup,batch,max,local,b-main,32,4,2,0.10863065,,,,,,,1054692,4000
large-dup,batch,max,local,b-weights,32,4,3,0.061154437,,,,,,,939996,4000
large-dup,batch,max,local,b-weights-combine,32,4,4,0.033767597,,,,,,,929248,4000
large-dup,batch,max,local,b-fused,32,4,5,0.110259754,,,,,,,1099768,4000
large-dup,batch,max,spread,b-hash-combine,32,-1,0,0.02395418,,,,,,,928224,4000
large-dup,batch,max,spread,b-main,32,-1,1,0.165944124,,,,,,,956896,4000
large-dup,batch,max,spread,b-weights,32,-1,2,0.064252026,,,,,,,893396,4000
large-dup,batch,max,spread,b-weights-combine,32,-1,3,0.036962253,,,,,,,884692,4000
large-dup,batch,max,spread,b-fused,32,-1,4,0.167095545,,,,,,,944608,4000
large-dup,batch,max,spread,b-hash,32,-1,5,0.046904209,,,,,,,952680,4000
large-dup,batch,max,spread,b-main,32,0,0,0.187508359,,,,,,,973276,4000
large-dup,batch,max,spread,b-weights,32,0,1,0.087766158,,,,,,,1013732,4000
large-dup,batch,max,spread,b-weights-combine,32,0,2,0.048843431,,,,,,,782292,4000
large-dup,batch,max,spread,b-fused,32,0,3,0.165479006,,,,,,,1019880,4000
large-dup,batch,max,spread,b-hash,32,0,4,0.04855583,,,,,,,964452,4000
large-dup,batch,max,spread,b-hash-combine,32,0,5,0.024415058,,,,,,,864216,4000
large-dup,batch,max,spread,b-weights,32,1,0,0.080045605,,,,,,,975844,4000
large-dup,batch,max,spread,b-weights-combine,32,1,1,0.039212543,,,,,,,893264,4000
large-dup,batch,max,spread,b-fused,32,1,2,0.115914538,,,,,,,1030128,4000
large-dup,batch,max,spread,b-hash,32,1,3,0.054537348,,,,,,,1032052,4000
large-dup,batch,max,spread,b-hash-combine,32,1,4,0.023411467,,,,,,,880604,4000
large-dup,batch,max,spread,b-main,32,1,5,0.156029828,,,,,,,1024488,4000
large-dup,batch,max,spread,b-weights-combine,32,2,0,0.037943801,,,,,,,946140,4000
large-dup,batch,max,spread,b-fused,32,2,1,0.10876279,,,,,,,909784,4000
large-dup,batch,max,spread,b-hash,32,2,2,0.045489804,,,,,,,935776,4000
large-dup,batch,max,spread,b-hash-combine,32,2,3,0.036433878,,,,,,,884700,4000
large-dup,batch,max,spread,b-main,32,2,4,0.186805049,,,,,,,931800,4000
large-dup,batch,max,spread,b-weights,32,2,5,0.07941147,,,,,,,901072,4000
large-dup,batch,max,spread,b-fused,32,3,0,0.165897077,,,,,,,944604,4000
large-dup,batch,max,spread,b-hash,32,3,1,0.043012603,,,,,,,939872,4000
large-dup,batch,max,spread,b-hash-combine,32,3,2,0.033858144,,,,,,,853972,4000
large-dup,batch,max,spread,b-main,32,3,3,0.189019608,,,,,,,990688,4000
large-dup,batch,max,spread,b-weights,32,3,4,0.087707994,,,,,,,929752,4000
large-dup,batch,max,spread,b-weights-combine,32,3,5,0.036849489,,,,,,,917972,4000
large-dup,batch,max,spread,b-hash,32,4,0,0.03258074,,,,,,,909156,4000
large-dup,batch,max,spread,b-hash-combine,32,4,1,0.034246921,,,,,,,886748,4000
large-dup,batch,max,spread,b-main,32,4,2,0.114851086,,,,,,,1001952,4000
large-dup,batch,max,spread,b-weights,32,4,3,0.093869544,,,,,,,1003484,4000
large-dup,batch,max,spread,b-weights-combine,32,4,4,0.031258038,,,,,,,831440,4000
large-dup,batch,max,spread,b-fused,32,4,5,0.097625486,,,,,,,925656,4000
large-dup,batch,sum,local,b-hash-combine,32,-1,0,0.064374724,,,,,,,1046504,4000
large-dup,batch,sum,local,b-main,32,-1,1,0.19332043,,,,,,,1020392,4000
large-dup,batch,sum,local,b-fused,32,-1,2,0.112557925,,,,,,,987620,4000
large-dup,batch,sum,local,b-hash,32,-1,3,0.060047199,,,,,,,1111860,4000
large-dup,batch,sum,local,b-main,32,0,0,0.165633198,,,,,,,1087332,4000
large-dup,batch,sum,local,b-fused,32,0,1,0.145122454,,,,,,,1181696,4000
large-dup,batch,sum,local,b-hash,32,0,2,0.057341867,,,,,,,1103728,4000
large-dup,batch,sum,local,b-hash-combine,32,0,3,0.053921615,,,,,,,1042404,4000
large-dup,batch,sum,local,b-fused,32,1,0,0.145298451,,,,,,,1015780,4000
large-dup,batch,sum,local,b-hash,32,1,1,0.063151779,,,,,,,1126780,4000
large-dup,batch,sum,local,b-hash-combine,32,1,2,0.069176263,,,,,,,1026028,4000
large-dup,batch,sum,local,b-main,32,1,3,0.175041757,,,,,,,1077228,4000
large-dup,batch,sum,local,b-hash,32,2,0,0.055476073,,,,,,,1081712,4000
large-dup,batch,sum,local,b-hash-combine,32,2,1,0.067603632,,,,,,,1019880,4000
large-dup,batch,sum,local,b-main,32,2,2,0.172931273,,,,,,,1191936,4000
large-dup,batch,sum,local,b-fused,32,2,3,0.148698034,,,,,,,1032688,4000
large-dup,batch,sum,local,b-hash-combine,32,3,0,0.065384212,,,,,,,1071600,4000
large-dup,batch,sum,local,b-main,32,3,1,0.136910144,,,,,,,1011688,4000
large-dup,batch,sum,local,b-fused,32,3,2,0.140718982,,,,,,,1038308,4000
large-dup,batch,sum,local,b-hash,32,3,3,0.055045343,,,,,,,1130360,4000
large-dup,batch,sum,local,b-main,32,4,0,0.117647423,,,,,,,1161208,4000
large-dup,batch,sum,local,b-fused,32,4,1,0.141939148,,,,,,,1122296,4000
large-dup,batch,sum,local,b-hash,32,4,2,0.063452279,,,,,,,1169788,4000
large-dup,batch,sum,local,b-hash-combine,32,4,3,0.06270281,,,,,,,1023976,4000
large-dup,batch,sum,spread,b-hash-combine,32,-1,0,0.11804454,,,,,,,1694304,4000
large-dup,batch,sum,spread,b-main,32,-1,1,0.180549151,,,,,,,968672,4000
large-dup,batch,sum,spread,b-fused,32,-1,2,0.166823113,,,,,,,1047020,4000
large-dup,batch,sum,spread,b-hash,32,-1,3,0.044223378,,,,,,,1094004,4000
large-dup,batch,sum,spread,b-main,32,0,0,0.183649324,,,,,,,941900,4000
large-dup,batch,sum,spread,b-fused,32,0,1,0.105518591,,,,,,,917460,4000
large-dup,batch,sum,spread,b-hash,32,0,2,0.064780088,,,,,,,1109880,4000
large-dup,batch,sum,spread,b-hash-combine,32,0,3,0.110823169,,,,,,,1843304,4000
large-dup,batch,sum,spread,b-fused,32,1,0,0.151493439,,,,,,,933852,4000
large-dup,batch,sum,spread,b-hash,32,1,1,0.062029977,,,,,,,1094004,4000
large-dup,batch,sum,spread,b-hash-combine,32,1,2,0.115246355,,,,,,,1685596,4000
large-dup,batch,sum,spread,b-main,32,1,3,0.179334751,,,,,,,1067500,4000
large-dup,batch,sum,spread,b-hash,32,2,0,0.054806289,,,,,,,1058680,4000
large-dup,batch,sum,spread,b-hash-combine,32,2,1,0.119323676,,,,,,,1675352,4000
large-dup,batch,sum,spread,b-main,32,2,2,0.193743436,,,,,,,958936,4000
large-dup,batch,sum,spread,b-fused,32,2,3,0.162642717,,,,,,,956380,4000
large-dup,batch,sum,spread,b-hash-combine,32,3,0,0.142877662,,,,,,,1620564,4000
large-dup,batch,sum,spread,b-main,32,3,1,0.189262892,,,,,,,1015780,4000
large-dup,batch,sum,spread,b-fused,32,3,2,0.167232337,,,,,,,937948,4000
large-dup,batch,sum,spread,b-hash,32,3,3,0.063772133,,,,,,,1118068,4000
large-dup,batch,sum,spread,b-main,32,4,0,0.109851793,,,,,,,952792,4000
large-dup,batch,sum,spread,b-fused,32,4,1,0.159189837,,,,,,,1007588,4000
large-dup,batch,sum,spread,b-hash,32,4,2,0.056619905,,,,,,,1064816,4000
large-dup,batch,sum,spread,b-hash-combine,32,4,3,0.09851873,,,,,,,1708636,4000
large-dup,batch,count,local,b-hash-combine,32,-1,0,0.047290019,,,,,,,995808,4000
large-dup,batch,count,local,b-main,32,-1,1,0.104928463,,,,,,,997348,4000
large-dup,batch,count,local,b-fused,32,-1,2,0.137217248,,,,,,,1036776,4000
large-dup,batch,count,local,b-hash,32,-1,3,0.057168017,,,,,,,1140604,4000
large-dup,batch,count,local,b-main,32,0,0,0.175004221,,,,,,,1288208,4000
large-dup,batch,count,local,b-fused,32,0,1,0.140002699,,,,,,,1060340,4000
large-dup,batch,count,local,b-hash,32,0,2,0.061066914,,,,,,,1111932,4000
large-dup,batch,count,local,b-hash-combine,32,0,3,0.061513579,,,,,,,1035748,4000
large-dup,batch,count,local,b-fused,32,1,0,0.139839684,,,,,,,1072624,4000
large-dup,batch,count,local,b-hash,32,1,1,0.065263635,,,,,,,1116024,4000
large-dup,batch,count,local,b-hash-combine,32,1,2,0.069856841,,,,,,,985052,4000
large-dup,batch,count,local,b-main,32,1,3,0.163542004,,,,,,,1026524,4000
large-dup,batch,count,local,b-hash,32,2,0,0.058828182,,,,,,,1095024,4000
large-dup,batch,count,local,b-hash-combine,32,2,1,0.053509734,,,,,,,1138680,4000
large-dup,batch,count,local,b-main,32,2,2,0.105480007,,,,,,,1083376,4000
large-dup,batch,count,local,b-fused,32,2,3,0.140553869,,,,,,,1087472,4000
large-dup,batch,count,local,b-hash-combine,32,3,0,0.070258734,,,,,,,949584,4000
large-dup,batch,count,local,b-main,32,3,1,0.166213912,,,,,,,1012200,4000
large-dup,batch,count,local,b-fused,32,3,2,0.139836229,,,,,,,967132,4000
large-dup,batch,count,local,b-hash,32,3,3,0.061742789,,,,,,,1082220,4000
large-dup,batch,count,local,b-main,32,4,0,0.172157614,,,,,,,1130992,4000
large-dup,batch,count,local,b-fused,32,4,1,0.1325726,,,,,,,999400,4000
large-dup,batch,count,local,b-hash,32,4,2,0.061469721,,,,,,,1065336,4000
large-dup,batch,count,local,b-hash-combine,32,4,3,0.073622061,,,,,,,1004008,4000
large-dup,batch,count,spread,b-hash-combine,32,-1,0,0.105953899,,,,,,,1886828,4000
large-dup,batch,count,spread,b-main,32,-1,1,0.186413292,,,,,,,965088,4000
large-dup,batch,count,spread,b-fused,32,-1,2,0.096332868,,,,,,,936412,4000
large-dup,batch,count,spread,b-hash,32,-1,3,0.057898341,,,,,,,1122168,4000
large-dup,batch,count,spread,b-main,32,0,0,0.193264743,,,,,,,996320,4000
large-dup,batch,count,spread,b-fused,32,0,1,0.174018663,,,,,,,1001448,4000
large-dup,batch,count,spread,b-hash,32,0,2,0.058436754,,,,,,,1067376,4000
large-dup,batch,count,spread,b-hash-combine,32,0,3,0.140483443,,,,,,,1656412,4000
large-dup,batch,count,spread,b-fused,32,1,0,0.17408835,,,,,,,993252,4000
large-dup,batch,count,spread,b-hash,32,1,1,0.059341564,,,,,,,1111932,4000
large-dup,batch,count,spread,b-hash-combine,32,1,2,0.135581099,,,,,,,1587284,4000
large-dup,batch,count,spread,b-main,32,1,3,0.19020312,,,,,,,1012196,4000
large-dup,batch,count,spread,b-hash,32,2,0,0.05090561,,,,,,,1111272,4000
large-dup,batch,count,spread,b-hash-combine,32,2,1,0.117868487,,,,,,,1699932,4000
large-dup,batch,count,spread,b-main,32,2,2,0.18492243,,,,,,,1005536,4000
large-dup,batch,count,spread,b-fused,32,2,3,0.126649359,,,,,,,917392,4000
large-dup,batch,count,spread,b-hash-combine,32,3,0,0.122284616,,,,,,,1712732,4000
large-dup,batch,count,spread,b-main,32,3,1,0.183720687,,,,,,,994276,4000
large-dup,batch,count,spread,b-fused,32,3,2,0.174444928,,,,,,,999904,4000
large-dup,batch,count,spread,b-hash,32,3,3,0.048045016,,,,,,,1114488,4000
large-dup,batch,count,spread,b-main,32,4,0,0.183633471,,,,,,,970716,4000
large-dup,batch,count,spread,b-fused,32,4,1,0.170360559,,,,,,,1023972,4000
large-dup,batch,count,spread,b-hash,32,4,2,0.044964568,,,,,,,1064820,4000
large-dup,batch,count,spread,b-hash-combine,32,4,3,0.11946391,,,,,,,1687648,4000
global,batch,min,local,b-hash-combine,32,-1,0,0.131388658,,,,,,,741612,1
global,batch,min,local,b-main,32,-1,1,0.477653409,,,,,,,889212,1
global,batch,min,local,b-weights,32,-1,2,0.364301063,,,,,,,792156,1
global,batch,min,local,b-weights-combine,32,-1,3,0.133466301,,,,,,,762044,1
global,batch,min,local,b-fused,32,-1,4,3.075513842,,,,,,,759552,1
global,batch,min,local,b-hash,32,-1,5,0.264396988,,,,,,,735268,1
global,batch,min,local,b-main,32,0,0,0.474942392,,,,,,,822988,1
global,batch,min,local,b-weights,32,0,1,0.362622026,,,,,,,792152,1
global,batch,min,local,b-weights-combine,32,0,2,0.133493742,,,,,,,761072,1
global,batch,min,local,b-fused,32,0,3,3.054606832,,,,,,,759372,1
global,batch,min,local,b-hash,32,0,4,0.15921504,,,,,,,732188,1
global,batch,min,local,b-hash-combine,32,0,5,0.137137874,,,,,,,773784,1
global,batch,min,local,b-weights,32,1,0,0.355666165,,,,,,,823492,1
global,batch,min,local,b-weights-combine,32,1,1,0.13177485,,,,,,,761508,1
global,batch,min,local,b-fused,32,1,2,3.070096872,,,,,,,759508,1
global,batch,min,local,b-hash,32,1,3,0.196336367,,,,,,,736984,1
global,batch,min,local,b-hash-combine,32,1,4,0.132786263,,,,,,,743548,1
global,batch,min,local,b-main,32,1,5,0.474197379,,,,,,,855816,1
global,batch,min,local,b-weights-combine,32,2,0,0.132754273,,,,,,,761524,1
global,batch,min,local,b-fused,32,2,1,3.05827128,,,,,,,759356,1
global,batch,min,local,b-hash,32,2,2,0.269155217,,,,,,,732824,1
global,batch,min,local,b-hash-combine,32,2,3,0.132204673,,,,,,,743016,1
global,batch,min,local,b-main,32,2,4,0.463444798,,,,,,,855620,1
global,batch,min,local,b-weights,32,2,5,0.254970587,,,,,,,821316,1
global,batch,min,local,b-fused,32,3,0,3.07541057,,,,,,,761024,1
global,batch,min,local,b-hash,32,3,1,0.258512603,,,,,,,732316,1
global,batch,min,local,b-hash-combine,32,3,2,0.131587843,,,,,,,742500,1
global,batch,min,local,b-main,32,3,3,0.469958772,,,,,,,822864,1
global,batch,min,local,b-weights,32,3,4,0.356983051,,,,,,,822932,1
global,batch,min,local,b-weights-combine,32,3,5,0.132610875,,,,,,,759312,1
global,batch,min,local,b-hash,32,4,0,0.265693807,,,,,,,732760,1
global,batch,min,local,b-hash-combine,32,4,1,0.136572471,,,,,,,743148,1
global,batch,min,local,b-main,32,4,2,0.455860442,,,,,,,855836,1
global,batch,min,local,b-weights,32,4,3,0.352214023,,,,,,,822376,1
global,batch,min,local,b-weights-combine,32,4,4,0.131413257,,,,,,,743544,1
global,batch,min,local,b-fused,32,4,5,3.115570442,,,,,,,761496,1
global,batch,min,spread,b-hash-combine,32,-1,0,0.027184243,,,,,,,874972,1
global,batch,min,spread,b-main,32,-1,1,0.197230304,,,,,,,1176564,1
global,batch,min,spread,b-weights,32,-1,2,0.09050387,,,,,,,944088,1
global,batch,min,spread,b-weights-combine,32,-1,3,0.021281114,,,,,,,851928,1
global,batch,min,spread,b-fused,32,-1,4,3.064624097,,,,,,,907224,1
global,batch,min,spread,b-hash,32,-1,5,0.092910133,,,,,,,911192,1
global,batch,min,spread,b-main,32,0,0,0.255607372,,,,,,,1133036,1
global,batch,min,spread,b-weights,32,0,1,0.100859813,,,,,,,1050588,1
global,batch,min,spread,b-weights-combine,32,0,2,0.025474512,,,,,,,820684,1
global,batch,min,spread,b-fused,32,0,3,3.188198622,,,,,,,970720,1
global,batch,min,spread,b-hash,32,0,4,0.087623856,,,,,,,929112,1
global,batch,min,spread,b-hash-combine,32,0,5,0.026785194,,,,,,,903124,1
global,batch,min,spread,b-weights,32,1,0,0.097740294,,,,,,,974812,1
global,batch,min,spread,b-weights-combine,32,1,1,0.027995825,,,,,,,886744,1
global,batch,min,spread,b-fused,32,1,2,3.037371323,,,,,,,944088,1
global,batch,min,spread,b-hash,32,1,3,0.080718893,,,,,,,896352,1
global,batch,min,spread,b-hash-combine,32,1,4,0.030853476,,,,,,,885208,1
global,batch,min,spread,b-main,32,1,5,0.269776495,,,,,,,1120232,1
global,batch,min,spread,b-weights-combine,32,2,0,0.024859805,,,,,,,888788,1
global,batch,min,spread,b-fused,32,2,1,3.150581032,,,,,,,944596,1
global,batch,min,spread,b-hash,32,2,2,0.083492556,,,,,,,921956,1
global,batch,min,spread,b-hash-combine,32,2,3,0.027775366,,,,,,,866768,1
global,batch,min,spread,b-main,32,2,4,0.203402861,,,,,,,1129972,1
global,batch,min,spread,b-weights,32,2,5,0.097049558,,,,,,,965088,1
global,batch,min,spread,b-fused,32,3,0,3.060906418,,,,,,,1026020,1
global,batch,min,spread,b-hash,32,3,1,0.081176405,,,,,,,888668,1
global,batch,min,spread,b-hash-combine,32,3,2,0.03089752,,,,,,,904660,1
global,batch,min,spread,b-main,32,3,3,0.257110522,,,,,,,1157620,1
global,batch,min,spread,b-weights,32,3,4,0.099509985,,,,,,,970712,1
global,batch,min,spread,b-weights-combine,32,3,5,0.029003368,,,,,,,909272,1
global,batch,min,spread,b-hash,32,4,0,0.077509131,,,,,,,904904,1
global,batch,min,spread,b-hash-combine,32,4,1,0.030485875,,,,,,,896976,1
global,batch,min,spread,b-main,32,4,2,0.254457575,,,,,,,1106408,1
global,batch,min,spread,b-weights,32,4,3,0.090292819,,,,,,,972768,1
global,batch,min,spread,b-weights-combine,32,4,4,0.028048828,,,,,,,929752,1
global,batch,min,spread,b-fused,32,4,5,3.031774866,,,,,,,954332,1
global,batch,max,local,b-hash-combine,32,-1,0,0.132291536,,,,,,,742444,1
global,batch,max,local,b-main,32,-1,1,0.516466622,,,,,,,822872,1
global,batch,max,local,b-weights,32,-1,2,0.352212085,,,,,,,823420,1
global,batch,max,local,b-weights-combine,32,-1,3,0.133059058,,,,,,,742972,1
global,batch,max,local,b-fused,32,-1,4,3.185914484,,,,,,,759432,1
global,batch,max,local,b-hash,32,-1,5,0.279241844,,,,,,,732816,1
global,batch,max,local,b-main,32,0,0,0.471843748,,,,,,,855688,1
global,batch,max,local,b-weights,32,0,1,0.258185515,,,,,,,791612,1
global,batch,max,local,b-weights-combine,32,0,2,0.132378263,,,,,,,762000,1
global,batch,max,local,b-fused,32,0,3,3.192535371,,,,,,,758936,1
global,batch,max,local,b-hash,32,0,4,0.269836831,,,,,,,732656,1
global,batch,max,local,b-hash-combine,32,0,5,0.133226983,,,,,,,743044,1
global,batch,max,local,b-weights,32,1,0,0.280801619,,,,,,,790664,1
global,batch,max,local,b-weights-combine,32,1,1,0.131947598,,,,,,,760840,1
global,batch,max,local,b-fused,32,1,2,3.172630956,,,,,,,759420,1
global,batch,max,local,b-hash,32,1,3,0.156901703,,,,,,,732104,1
global,batch,max,local,b-hash-combine,32,1,4,0.131961671,,,,,,,743604,1
global,batch,max,local,b-main,32,1,5,0.494217805,,,,,,,855672,1
global,batch,max,local,b-weights-combine,32,2,0,0.137463819,,,,,,,806404,1
global,batch,max,local,b-fused,32,2,1,3.206556662,,,,,,,760048,1
global,batch,max,local,b-hash,32,2,2,0.270253394,,,,,,,732752,1
global,batch,max,local,b-hash-combine,32,2,3,0.131745099,,,,,,,742468,1
global,batch,max,local,b-main,32,2,4,0.469798429,,,,,,,921484,1
global,batch,max,local,b-weights,32,2,5,0.358867121,,,,,,,792676,1
global,batch,max,local,b-fused,32,3,0,3.147216595,,,,,,,760524,1
global,batch,max,local,b-hash,32,3,1,0.269980847,,,,,,,730236,1
global,batch,max,local,b-hash-combine,32,3,2,0.133127192,,,,,,,743536,1
global,batch,max,local,b-main,32,3,3,0.462344105,,,,,,,823000,1
global,batch,max,local,b-weights,32,3,4,0.366340915,,,,,,,822840,1
global,batch,max,local,b-weights-combine,32,3,5,0.131794246,,,,,,,761392,1
global,batch,max,local,b-hash,32,4,0,0.15836817,,,,,,,732188,1
global,batch,max,local,b-hash-combine,32,4,1,0.131060444,,,,,,,740848,1
global,batch,max,local,b-main,32,4,2,0.470267542,,,,,,,855780,1
global,batch,max,local,b-weights,32,4,3,0.301365448,,,,,,,823384,1
global,batch,max,local,b-weights-combine,32,4,4,0.132786824,,,,,,,761460,1
global,batch,max,local,b-fused,32,4,5,3.282330646,,,,,,,761412,1
global,batch,max,spread,b-hash-combine,32,-1,0,0.033842126,,,,,,,929616,1
global,batch,max,spread,b-main,32,-1,1,0.260728644,,,,,,,1122800,1
global,batch,max,spread,b-weights,32,-1,2,0.087776734,,,,,,,944604,1
global,batch,max,spread,b-weights-combine,32,-1,3,0.028137774,,,,,,,860116,1
global,batch,max,spread,b-fused,32,-1,4,3.157193475,,,,,,,970720,1
global,batch,max,spread,b-hash,32,-1,5,0.079390043,,,,,,,917340,1
global,batch,max,spread,b-main,32,0,0,0.247222236,,,,,,,1150956,1
global,batch,max,spread,b-weights,32,0,1,0.130380366,,,,,,,964572,1
global,batch,max,spread,b-weights-combine,32,0,2,0.02435757,,,,,,,858072,1
global,batch,max,spread,b-fused,32,0,3,3.146719431,,,,,,,888796,1
global,batch,max,spread,b-hash,32,0,4,0.081284057,,,,,,,900956,1
global,batch,max,spread,b-hash-combine,32,0,5,0.030737753,,,,,,,911316,1
global,batch,max,spread,b-weights,32,1,0,0.085131536,,,,,,,956376,1
global,batch,max,spread,b-weights-combine,32,1,1,0.025902408,,,,,,,844244,1
global,batch,max,spread,b-fused,32,1,2,3.152405498,,,,,,,902612,1
global,batch,max,spread,b-hash,32,1,3,0.081647233,,,,,,,897372,1
global,batch,max,spread,b-hash-combine,32,1,4,0.028304861,,,,,,,831440,1
global,batch,max,spread,b-main,32,1,5,0.262201197,,,,,,,1100268,1
global,batch,max,spread,b-weights-combine,32,2,0,0.030761691,,,,,,,852436,1
global,batch,max,spread,b-fused,32,2,1,3.147801086,,,,,,,934360,1
global,batch,max,spread,b-hash,32,2,2,0.08155869,,,,,,,943972,1
global,batch,max,spread,b-hash-combine,32,2,3,0.033403995,,,,,,,909792,1
global,batch,max,spread,b-main,32,2,4,0.295917798,,,,,,,1110516,1
global,batch,max,spread,b-weights,32,2,5,0.087376481,,,,,,,897496,1
global,batch,max,spread,b-fused,32,3,0,3.352232945,,,,,,,1020908,1
global,batch,max,spread,b-hash,32,3,1,0.080385747,,,,,,,927576,1
global,batch,max,spread,b-hash-combine,32,3,2,0.028728526,,,,,,,864208,1
global,batch,max,spread,b-main,32,3,3,0.262220909,,,,,,,1071588,1
global,batch,max,spread,b-weights,32,3,4,0.099886855,,,,,,,1036264,1
global,batch,max,spread,b-weights-combine,32,3,5,0.030713692,,,,,,,915416,1
global,batch,max,spread,b-hash,32,4,0,0.07804552,,,,,,,933212,1
global,batch,max,spread,b-hash-combine,32,4,1,0.021299956,,,,,,,836564,1
global,batch,max,spread,b-main,32,4,2,0.261903483,,,,,,,1151472,1
global,batch,max,spread,b-weights,32,4,3,0.143469733,,,,,,,934360,1
global,batch,max,spread,b-weights-combine,32,4,4,0.024646146,,,,,,,817628,1
global,batch,max,spread,b-fused,32,4,5,3.377627228,,,,,,,915420,1
global,batch,sum,local,b-hash-combine,32,-1,0,1.410987998,,,,,,,1591928,1
global,batch,sum,local,b-main,32,-1,1,0.507305627,,,,,,,888656,1
global,batch,sum,local,b-fused,32,-1,2,3.184330778,,,,,,,790148,1
global,batch,sum,local,b-hash,32,-1,3,0.966701854,,,,,,,1169124,1
global,batch,sum,local,b-main,32,0,0,0.474064043,,,,,,,919244,1
global,batch,sum,local,b-fused,32,0,1,3.189875258,,,,,,,757400,1
global,batch,sum,local,b-hash,32,0,2,0.964493003,,,,,,,1168944,1
global,batch,sum,local,b-hash-combine,32,0,3,1.407616893,,,,,,,1592644,1
global,batch,sum,local,b-fused,32,1,0,3.163031004,,,,,,,760064,1
global,batch,sum,local,b-hash,32,1,1,0.987513261,,,,,,,1168400,1
global,batch,sum,local,b-hash-combine,32,1,2,1.532852163,,,,,,,1595664,1
global,batch,sum,local,b-main,32,1,3,0.55696762,,,,,,,855716,1
global,batch,sum,local,b-hash,32,2,0,1.036893149,,,,,,,1168892,1
global,batch,sum,local,b-hash-combine,32,2,1,1.426508252,,,,,,,1595920,1
global,batch,sum,local,b-main,32,2,2,0.47774425,,,,,,,822936,1
global,batch,sum,local,b-fused,32,2,3,3.193021839,,,,,,,761016,1
global,batch,sum,local,b-hash-combine,32,3,0,1.602573005,,,,,,,1589840,1
global,batch,sum,local,b-main,32,3,1,0.471736698,,,,,,,822556,1
global,batch,sum,local,b-fused,32,3,2,3.181237529,,,,,,,757292,1
global,batch,sum,local,b-hash,32,3,3,1.232032817,,,,,,,1097960,1
global,batch,sum,local,b-main,32,4,0,0.53414076,,,,,,,862448,1
global,batch,sum,local,b-fused,32,4,1,3.839453533,,,,,,,759340,1
global,batch,sum,local,b-hash,32,4,2,1.035807265,,,,,,,1117268,1
global,batch,sum,local,b-hash-combine,32,4,3,1.423682689,,,,,,,1594024,1
global,batch,sum,spread,b-hash-combine,32,-1,0,11.63617689,,,,,,,1691744,1
global,batch,sum,spread,b-main,32,-1,1,0.228925916,,,,,,,1158640,1
global,batch,sum,spread,b-fused,32,-1,2,3.143308968,,,,,,,858580,1
global,batch,sum,spread,b-hash,32,-1,3,1.299891639,,,,,,,2015084,1
global,batch,sum,spread,b-main,32,0,0,0.272501437,,,,,,,1129968,1
global,batch,sum,spread,b-fused,32,0,1,3.167729537,,,,,,,934356,1
global,batch,sum,spread,b-hash,32,0,2,1.095357853,,,,,,,2002284,1
global,batch,sum,spread,b-hash-combine,32,0,3,11.372234211,,,,,,,1796712,1
global,batch,sum,spread,b-fused,32,1,0,3.17160924,,,,,,,907224,1
global,batch,sum,spread,b-hash,32,1,1,0.935072724,,,,,,,2098552,1
global,batch,sum,spread,b-hash-combine,32,1,2,11.887907768,,,,,,,1806440,1
global,batch,sum,spread,b-main,32,1,3,0.327079425,,,,,,,1061348,1
global,batch,sum,spread,b-hash,32,2,0,1.249488238,,,,,,,1968356,1
global,batch,sum,spread,b-hash-combine,32,2,1,10.189104629,,,,,,,1691740,1
global,batch,sum,spread,b-main,32,2,2,0.260483941,,,,,,,1077220,1
global,batch,sum,spread,b-fused,32,2,3,3.256065537,,,,,,,894428,1
global,batch,sum,spread,b-hash-combine,32,3,0,11.861337097,,,,,,,1726564,1
global,batch,sum,spread,b-main,32,3,1,0.248426253,,,,,,,1132528,1
global,batch,sum,spread,b-fused,32,3,2,3.17719736,,,,,,,1079276,1
global,batch,sum,spread,b-hash,32,3,3,1.393932411,,,,,,,1447796,1
global,batch,sum,spread,b-main,32,4,0,0.245406067,,,,,,,1135088,1
global,batch,sum,spread,b-fused,32,4,1,3.154402548,,,,,,,939988,1
global,batch,sum,spread,b-hash,32,4,2,1.157917684,,,,,,,2075012,1
global,batch,sum,spread,b-hash-combine,32,4,3,9.602767646,,,,,,,1652316,1
global,batch,count,local,b-hash-combine,32,-1,0,1.439244749,,,,,,,1595752,1
global,batch,count,local,b-main,32,-1,1,0.518326252,,,,,,,862072,1
global,batch,count,local,b-fused,32,-1,2,3.22131186,,,,,,,756872,1
global,batch,count,local,b-hash,32,-1,3,1.239077754,,,,,,,1099464,1
global,batch,count,local,b-main,32,0,0,0.463845562,,,,,,,822996,1
global,batch,count,local,b-fused,32,0,1,3.176203095,,,,,,,789520,1
global,batch,count,local,b-hash,32,0,2,1.007757109,,,,,,,1169608,1
global,batch,count,local,b-hash-combine,32,0,3,1.429424194,,,,,,,1589352,1
global,batch,count,local,b-fused,32,1,0,3.192831417,,,,,,,759540,1
global,batch,count,local,b-hash,32,1,1,0.971537108,,,,,,,1168956,1
global,batch,count,local,b-hash-combine,32,1,2,1.398570409,,,,,,,1590768,1
global,batch,count,local,b-main,32,1,3,0.464904598,,,,,,,853760,1
global,batch,count,local,b-hash,32,2,0,0.990952879,,,,,,,1169112,1
global,batch,count,local,b-hash-combine,32,2,1,1.413811134,,,,,,,1617956,1
global,batch,count,local,b-main,32,2,2,0.468720959,,,,,,,823624,1
global,batch,count,local,b-fused,32,2,3,3.161837376,,,,,,,759428,1
global,batch,count,local,b-hash-combine,32,3,0,1.410154588,,,,,,,1581308,1
global,batch,count,local,b-main,32,3,1,0.472522308,,,,,,,822968,1
global,batch,count,local,b-fused,32,3,2,3.193763964,,,,,,,759840,1
global,batch,count,local,b-hash,32,3,3,1.186454116,,,,,,,1096912,1
global,batch,count,local,b-main,32,4,0,0.48075526,,,,,,,855776,1
global,batch,count,local,b-fused,32,4,1,3.241963462,,,,,,,759500,1
global,batch,count,local,b-hash,32,4,2,0.999581713,,,,,,,1168476,1
global,batch,count,local,b-hash-combine,32,4,3,1.411974822,,,,,,,1586212,1
global,batch,count,spread,b-hash-combine,32,-1,0,9.489986131,,,,,,,1820784,1
global,batch,count,spread,b-main,32,-1,1,0.263480738,,,,,,,1158640,1
global,batch,count,spread,b-fused,32,-1,2,3.163786648,,,,,,,927712,1
global,batch,count,spread,b-hash,32,-1,3,0.905680563,,,,,,,1951596,1
global,batch,count,spread,b-main,32,0,0,0.338817304,,,,,,,1075176,1
global,batch,count,spread,b-fused,32,0,1,3.179906267,,,,,,,916956,1
global,batch,count,spread,b-hash,32,0,2,1.103804327,,,,,,,1933676,1
global,batch,count,spread,b-hash-combine,32,0,3,10.057157851,,,,,,,1679452,1
global,batch,count,spread,b-fused,32,1,0,3.231388869,,,,,,,954852,1
global,batch,count,spread,b-hash,32,1,1,0.949222961,,,,,,,2035068,1
global,batch,count,spread,b-hash-combine,32,1,2,10.751753809,,,,,,,1724512,1
global,batch,count,spread,b-main,32,1,3,0.255538453,,,,,,,1118700,1
global,batch,count,spread,b-hash,32,2,0,0.946395052,,,,,,,1853288,1
global,batch,count,spread,b-hash-combine,32,2,1,11.80039951,,,,,,,1680992,1
global,batch,count,spread,b-main,32,2,2,0.253877956,,,,,,,1140724,1
global,batch,count,spread,b-fused,32,2,3,3.161262823,,,,,,,891348,1
global,batch,count,spread,b-hash-combine,32,3,0,12.019398123,,,,,,,1836656,1
global,batch,count,spread,b-main,32,3,1,0.256452573,,,,,,,1155052,1
global,batch,count,spread,b-fused,32,3,2,3.30166888,,,,,,,996836,1
global,batch,count,spread,b-hash,32,3,3,0.920969836,,,,,,,1959792,1
global,batch,count,spread,b-main,32,4,0,0.208249212,,,,,,,1120236,1
global,batch,count,spread,b-fused,32,4,1,3.251777331,,,,,,,924120,1
global,batch,count,spread,b-hash,32,4,2,0.928258199,,,,,,,1941348,1
global,batch,count,spread,b-hash-combine,32,4,3,9.516133167,,,,,,,1777776,1
global-dup,batch,min,local,b-hash-combine,32,-1,0,0.132033329,,,,,,,743592,1
global-dup,batch,min,local,b-main,32,-1,1,0.388046776,,,,,,,816284,1
global-dup,batch,min,local,b-weights,32,-1,2,0.352077654,,,,,,,822488,1
global-dup,batch,min,local,b-weights-combine,32,-1,3,0.17654395,,,,,,,773800,1
global-dup,batch,min,local,b-fused,32,-1,4,2.669938152,,,,,,,752824,1
global-dup,batch,min,local,b-hash,32,-1,5,0.157779966,,,,,,,732852,1
global-dup,batch,min,local,b-main,32,0,0,0.390776203,,,,,,,813188,1
global-dup,batch,min,local,b-weights,32,0,1,0.364989424,,,,,,,791640,1
global-dup,batch,min,local,b-weights-combine,32,0,2,0.13656587,,,,,,,776316,1
global-dup,batch,min,local,b-fused,32,0,3,2.65212226,,,,,,,754704,1
global-dup,batch,min,local,b-hash,32,0,4,0.261919111,,,,,,,733276,1
global-dup,batch,min,local,b-hash-combine,32,0,5,0.135461565,,,,,,,743084,1
global-dup,batch,min,local,b-weights,32,1,0,0.370660163,,,,,,,792152,1
global-dup,batch,min,local,b-weights-combine,32,1,1,0.135667668,,,,,,,775728,1
global-dup,batch,min,local,b-fused,32,1,2,2.659604275,,,,,,,757332,1
global-dup,batch,min,local,b-hash,32,1,3,0.259581695,,,,,,,732360,1
global-dup,batch,min,local,b-hash-combine,32,1,4,0.134259332,,,,,,,742460,1
global-dup,batch,min,local,b-main,32,1,5,0.388883711,,,,,,,814284,1
global-dup,batch,min,local,b-weights-combine,32,2,0,0.138686152,,,,,,,790600,1
global-dup,batch,min,local,b-fused,32,2,1,2.64341942,,,,,,,754732,1
global-dup,batch,min,local,b-hash,32,2,2,0.264640894,,,,,,,734928,1
global-dup,batch,min,local,b-hash-combine,32,2,3,0.132405208,,,,,,,740940,1
global-dup,batch,min,local,b-main,32,2,4,0.400111211,,,,,,,816304,1
global-dup,batch,min,local,b-weights,32,2,5,0.256333696,,,,,,,822308,1
global-dup,batch,min,local,b-fused,32,3,0,2.654115227,,,,,,,783900,1
global-dup,batch,min,local,b-hash,32,3,1,0.244455053,,,,,,,732848,1
global-dup,batch,min,local,b-hash-combine,32,3,2,0.13488453,,,,,,,743536,1
global-dup,batch,min,local,b-main,32,3,3,0.39359086,,,,,,,816980,1
global-dup,batch,min,local,b-weights,32,3,4,0.260184489,,,,,,,822776,1
global-dup,batch,min,local,b-weights-combine,32,3,5,0.135541454,,,,,,,775840,1
global-dup,batch,min,local,b-hash,32,4,0,0.269758079,,,,,,,730216,1
global-dup,batch,min,local,b-hash-combine,32,4,1,0.139090259,,,,,,,742416,1
global-dup,batch,min,local,b-main,32,4,2,0.397587,,,,,,,812856,1
global-dup,batch,min,local,b-weights,32,4,3,0.353616592,,,,,,,792136,1
global-dup,batch,min,local,b-weights-combine,32,4,4,0.131909874,,,,,,,758844,1
global-dup,batch,min,local,b-fused,32,4,5,2.647622918,,,,,,,757416,1
global-dup,batch,min,spread,b-hash-combine,32,-1,0,0.022957792,,,,,,,872412,1
global-dup,batch,min,spread,b-main,32,-1,1,0.115258777,,,,,,,949724,1
global-dup,batch,min,spread,b-weights,32,-1,2,0.090303962,,,,,,,922068,1
global-dup,batch,min,spread,b-weights-combine,32,-1,3,0.022557984,,,,,,,841684,1
global-dup,batch,min,spread,b-fused,32,-1,4,2.627357512,,,,,,,891352,1
global-dup,batch,min,spread,b-hash,32,-1,5,0.076651386,,,,,,,874328,1
global-dup,batch,min,spread,b-main,32,0,0,0.116039164,,,,,,,973272,1
global-dup,batch,min,spread,b-weights,32,0,1,0.113739566,,,,,,,958428,1
global-dup,batch,min,spread,b-weights-combine,32,0,2,0.027444681,,,,,,,845780,1
global-dup,batch,min,spread,b-fused,32,0,3,2.718169196,,,,,,,995812,1
global-dup,batch,min,spread,b-hash,32,0,4,0.079770204,,,,,,,849608,1
global-dup,batch,min,spread,b-hash-combine,32,0,5,0.024776806,,,,,,,848336,1
global-dup,batch,min,spread,b-weights,32,1,0,0.092564664,,,,,,,948192,1
global-dup,batch,min,spread,b-weights-combine,32,1,1,0.028209352,,,,,,,837584,1
global-dup,batch,min,spread,b-fused,32,1,2,2.681769964,,,,,,,915416,1
global-dup,batch,min,spread,b-hash,32,1,3,0.084285248,,,,,,,952676,1
global-dup,batch,min,spread,b-hash-combine,32,1,4,0.027867692,,,,,,,851924,1
global-dup,batch,min,spread,b-main,32,1,5,0.132617112,,,,,,,1023968,1
global-dup,batch,min,spread,b-weights-combine,32,2,0,0.021778023,,,,,,,872924,1
global-dup,batch,min,spread,b-fused,32,2,1,2.672409069,,,,,,,884696,1
global-dup,batch,min,spread,b-hash,32,2,2,0.081127808,,,,,,,878424,1
global-dup,batch,min,spread,b-hash-combine,32,2,3,0.028589535,,,,,,,845784,1
global-dup,batch,min,spread,b-main,32,2,4,0.199872922,,,,,,,1001440,1
global-dup,batch,min,spread,b-weights,32,2,5,0.092510667,,,,,,,999252,1
global-dup,batch,min,spread,b-fused,32,3,0,2.674732751,,,,,,,892880,1
global-dup,batch,min,spread,b-hash,32,3,1,0.08199192,,,,,,,872272,1
global-dup,batch,min,spread,b-hash-combine,32,3,2,0.030226009,,,,,,,817620,1
global-dup,batch,min,spread,b-main,32,3,3,0.173959955,,,,,,,971228,1
global-dup,batch,min,spread,b-weights,32,3,4,0.09078743,,,,,,,911828,1
global-dup,batch,min,spread,b-weights-combine,32,3,5,0.025155977,,,,,,,862676,1
global-dup,batch,min,spread,b-hash,32,4,0,0.077493176,,,,,,,872288,1
global-dup,batch,min,spread,b-hash-combine,32,4,1,0.039854853,,,,,,,870864,1
global-dup,batch,min,spread,b-main,32,4,2,0.185490315,,,,,,,1028068,1
global-dup,batch,min,spread,b-weights,32,4,3,0.091870719,,,,,,,921560,1
global-dup,batch,min,spread,b-weights-combine,32,4,4,0.031368545,,,,,,,819668,1
global-dup,batch,min,spread,b-fused,32,4,5,2.698586845,,,,,,,937952,1
global-dup,batch,max,local,b-hash-combine,32,-1,0,0.137215065,,,,,,,773832,1
global-dup,batch,max,local,b-main,32,-1,1,0.386153541,,,,,,,814924,1
global-dup,batch,max,local,b-weights,32,-1,2,0.36341938,,,,,,,822996,1
global-dup,batch,max,local,b-weights-combine,32,-1,3,0.135041087,,,,,,,790164,1
global-dup,batch,max,local,b-fused,32,-1,4,2.757102876,,,,,,,755376,1
global-dup,batch,max,local,b-hash,32,-1,5,0.254120398,,,,,,,732752,1
global-dup,batch,max,local,b-main,32,0,0,0.398972914,,,,,,,818880,1
global-dup,batch,max,local,b-weights,32,0,1,0.277920411,,,,,,,821332,1
global-dup,batch,max,local,b-weights-combine,32,0,2,0.134912783,,,,,,,776256,1
global-dup,batch,max,local,b-fused,32,0,3,2.71831532,,,,,,,755724,1
global-dup,batch,max,local,b-hash,32,0,4,0.258020917,,,,,,,732696,1
global-dup,batch,max,local,b-hash-combine,32,0,5,0.132781619,,,,,,,742520,1
global-dup,batch,max,local,b-weights,32,1,0,0.25924507,,,,,,,820832,1
global-dup,batch,max,local,b-weights-combine,32,1,1,0.132605093,,,,,,,775312,1
global-dup,batch,max,local,b-fused,32,1,2,2.794533944,,,,,,,752796,1
global-dup,batch,max,local,b-hash,32,1,3,0.265731657,,,,,,,734324,1
global-dup,batch,max,local,b-hash-combine,32,1,4,0.133642739,,,,,,,740376,1
global-dup,batch,max,local,b-main,32,1,5,0.391498464,,,,,,,815432,1
global-dup,batch,max,local,b-weights-combine,32,2,0,0.131462298,,,,,,,742596,1
global-dup,batch,max,local,b-fused,32,2,1,2.918250475,,,,,,,752832,1
global-dup,batch,max,local,b-hash,32,2,2,0.27119621,,,,,,,730720,1
global-dup,batch,max,local,b-hash-combine,32,2,3,0.132857932,,,,,,,743068,1
global-dup,batch,max,local,b-main,32,2,4,0.394324893,,,,,,,814740,1
global-dup,batch,max,local,b-weights,32,2,5,0.359630863,,,,,,,823004,1
global-dup,batch,max,local,b-fused,32,3,0,2.678046397,,,,,,,755696,1
global-dup,batch,max,local,b-hash,32,3,1,0.267085169,,,,,,,733248,1
global-dup,batch,max,local,b-hash-combine,32,3,2,0.133544037,,,,,,,740364,1
global-dup,batch,max,local,b-main,32,3,3,0.389604729,,,,,,,814732,1
global-dup,batch,max,local,b-weights,32,3,4,0.372614352,,,,,,,823020,1
global-dup,batch,max,local,b-weights-combine,32,3,5,0.134543172,,,,,,,762012,1
global-dup,batch,max,local,b-hash,32,4,0,0.267778924,,,,,,,732748,1
global-dup,batch,max,local,b-hash-combine,32,4,1,0.133372802,,,,,,,742956,1
global-dup,batch,max,local,b-main,32,4,2,0.453049953,,,,,,,817236,1
global-dup,batch,max,local,b-weights,32,4,3,0.388024741,,,,,,,822912,1
global-dup,batch,max,local,b-weights-combine,32,4,4,0.132226838,,,,,,,743688,1
global-dup,batch,max,local,b-fused,32,4,5,2.720392425,,,,,,,786060,1
global-dup,batch,max,spread,b-hash-combine,32,-1,0,0.027749292,,,,,,,823248,1
global-dup,batch,max,spread,b-main,32,-1,1,0.140267786,,,,,,,940508,1
global-dup,batch,max,spread,b-weights,32,-1,2,0.091915163,,,,,,,944092,1
global-dup,batch,max,spread,b-weights-combine,32,-1,3,0.025161188,,,,,,,883164,1
global-dup,batch,max,spread,b-fused,32,-1,4,2.705682116,,,,,,,915416,1
global-dup,batch,max,spread,b-hash,32,-1,5,0.075853589,,,,,,,903516,1
global-dup,batch,max,spread,b-main,32,0,0,0.171560005,,,,,,,967132,1
global-dup,batch,max,spread,b-weights,32,0,1,0.096475801,,,,,,,934876,1
global-dup,batch,max,spread,b-weights-combine,32,0,2,0.028054141,,,,,,,895968,1
global-dup,batch,max,spread,b-fused,32,0,3,2.714303472,,,,,,,996840,1
global-dup,batch,max,spread,b-hash,32,0,4,0.081628198,,,,,,,938336,1
global-dup,batch,max,spread,b-hash-combine,32,0,5,0.026958602,,,,,,,905684,1
global-dup,batch,max,spread,b-weights,32,1,0,0.089729344,,,,,,,1005540,1
global-dup,batch,max,spread,b-weights-combine,32,1,1,0.024342811,,,,,,,827352,1
global-dup,batch,max,spread,b-fused,32,1,2,2.718273528,,,,,,,911324,1
global-dup,batch,max,spread,b-hash,32,1,3,0.085245245,,,,,,,1011428,1
global-dup,batch,max,spread,b-hash-combine,32,1,4,0.026421618,,,,,,,869840,1
global-dup,batch,max,spread,b-main,32,1,5,0.187093198,,,,,,,1062892,1
global-dup,batch,max,spread,b-weights-combine,32,2,0,0.031040759,,,,,,,856012,1
global-dup,batch,max,spread,b-fused,32,2,1,2.719257914,,,,,,,954332,1
global-dup,batch,max,spread,b-hash,32,2,2,0.080448034,,,,,,,866132,1
global-dup,batch,max,spread,b-hash-combine,32,2,3,0.031687559,,,,,,,873940,1
global-dup,batch,max,spread,b-main,32,2,4,0.151652712,,,,,,,975320,1
global-dup,batch,max,spread,b-weights,32,2,5,0.094386612,,,,,,,959964,1
global-dup,batch,max,spread,b-fused,32,3,0,2.754083484,,,,,,,942044,1
global-dup,batch,max,spread,b-hash,32,3,1,0.073013331,,,,,,,907472,1
global-dup,batch,max,spread,b-hash-combine,32,3,2,0.027956137,,,,,,,858064,1
global-dup,batch,max,spread,b-main,32,3,3,0.115836214,,,,,,,942040,1
global-dup,batch,max,spread,b-weights,32,3,4,0.127020491,,,,,,,979424,1
global-dup,batch,max,spread,b-weights-combine,32,3,5,0.0321536,,,,,,,868308,1
global-dup,batch,max,spread,b-hash,32,4,0,0.076918014,,,,,,,866132,1
global-dup,batch,max,spread,b-hash-combine,32,4,1,0.032158088,,,,,,,905176,1
global-dup,batch,max,spread,b-main,32,4,2,0.117506649,,,,,,,1015788,1
global-dup,batch,max,spread,b-weights,32,4,3,0.091493537,,,,,,,936404,1
global-dup,batch,max,spread,b-weights-combine,32,4,4,0.025117419,,,,,,,842196,1
global-dup,batch,max,spread,b-fused,32,4,5,2.800834334,,,,,,,917832,1
global-dup,batch,sum,local,b-hash-combine,32,-1,0,1.051911808,,,,,,,888476,1
global-dup,batch,sum,local,b-main,32,-1,1,0.389388364,,,,,,,813152,1
global-dup,batch,sum,local,b-fused,32,-1,2,2.682661074,,,,,,,755880,1
global-dup,batch,sum,local,b-hash,32,-1,3,0.701540968,,,,,,,822376,1
global-dup,batch,sum,local,b-main,32,0,0,0.388146634,,,,,,,819440,1
global-dup,batch,sum,local,b-fused,32,0,1,2.769004649,,,,,,,755272,1
global-dup,batch,sum,local,b-hash,32,0,2,0.719384995,,,,,,,813176,1
global-dup,batch,sum,local,b-hash-combine,32,0,3,0.858179311,,,,,,,888404,1
global-dup,batch,sum,local,b-fused,32,1,0,2.677961101,,,,,,,752856,1
global-dup,batch,sum,local,b-hash,32,1,1,0.712941113,,,,,,,813296,1
global-dup,batch,sum,local,b-hash-combine,32,1,2,0.862074251,,,,,,,892516,1
global-dup,batch,sum,local,b-main,32,1,3,0.390353356,,,,,,,816848,1
global-dup,batch,sum,local,b-hash,32,2,0,0.716248747,,,,,,,832652,1
global-dup,batch,sum,local,b-hash-combine,32,2,1,1.027153127,,,,,,,888352,1
global-dup,batch,sum,local,b-main,32,2,2,0.390247663,,,,,,,814756,1
global-dup,batch,sum,local,b-fused,32,2,3,2.686110419,,,,,,,755376,1
global-dup,batch,sum,local,b-hash-combine,32,3,0,0.995949854,,,,,,,894536,1
global-dup,batch,sum,local,b-main,32,3,1,0.390556874,,,,,,,814984,1
global-dup,batch,sum,local,b-fused,32,3,2,2.699351225,,,,,,,757416,1
global-dup,batch,sum,local,b-hash,32,3,3,0.732739164,,,,,,,812704,1
global-dup,batch,sum,local,b-main,32,4,0,0.396641665,,,,,,,817304,1
global-dup,batch,sum,local,b-fused,32,4,1,2.69418009,,,,,,,755448,1
global-dup,batch,sum,local,b-hash,32,4,2,0.70629592,,,,,,,812688,1
global-dup,batch,sum,local,b-hash-combine,32,4,3,0.988386869,,,,,,,888336,1
global-dup,batch,sum,spread,b-hash-combine,32,-1,0,4.337311147,,,,,,,1671260,1
global-dup,batch,sum,spread,b-main,32,-1,1,0.191189756,,,,,,,1036256,1
global-dup,batch,sum,spread,b-fused,32,-1,2,2.697884193,,,,,,,868308,1
global-dup,batch,sum,spread,b-hash,32,-1,3,0.655766551,,,,,,,1148768,1
global-dup,batch,sum,spread,b-main,32,0,0,0.123789048,,,,,,,989668,1
global-dup,batch,sum,spread,b-fused,32,0,1,2.70988247,,,,,,,974812,1
global-dup,batch,sum,spread,b-hash,32,0,2,0.663810786,,,,,,,1128284,1
global-dup,batch,sum,spread,b-hash-combine,32,0,3,3.567265636,,,,,,,1653340,1
global-dup,batch,sum,spread,b-fused,32,1,0,2.700440596,,,,,,,913364,1
global-dup,batch,sum,spread,b-hash,32,1,1,0.666535041,,,,,,,1230696,1
global-dup,batch,sum,spread,b-hash-combine,32,1,2,3.583643716,,,,,,,1681500,1
global-dup,batch,sum,spread,b-main,32,1,3,0.198622815,,,,,,,1275404,1
global-dup,batch,sum,spread,b-hash,32,2,0,0.679812148,,,,,,,1144672,1
global-dup,batch,sum,spread,b-hash-combine,32,2,1,3.823674152,,,,,,,1788524,1
global-dup,batch,sum,spread,b-main,32,2,2,0.188312974,,,,,,,995296,1
global-dup,batch,sum,spread,b-fused,32,2,3,2.797424025,,,,,,,919516,1
global-dup,batch,sum,spread,b-hash-combine,32,3,0,3.697321932,,,,,,,1663064,1
global-dup,batch,sum,spread,b-main,32,3,1,0.179488341,,,,,,,1030116,1
global-dup,batch,sum,spread,b-fused,32,3,2,2.714791231,,,,,,,958940,1
global-dup,batch,sum,spread,b-hash,32,3,3,0.719354805,,,,,,,1167212,1
global-dup,batch,sum,spread,b-main,32,4,0,0.185187353,,,,,,,1026532,1
global-dup,batch,sum,spread,b-fused,32,4,1,2.71299248,,,,,,,954844,1
global-dup,batch,sum,spread,b-hash,32,4,2,0.6607249,,,,,,,1218304,1
global-dup,batch,sum,spread,b-hash-combine,32,4,3,3.628953096,,,,,,,1775724,1
global-dup,batch,count,local,b-hash-combine,32,-1,0,0.917852565,,,,,,,892588,1
global-dup,batch,count,local,b-main,32,-1,1,0.392578072,,,,,,,814848,1
global-dup,batch,count,local,b-fused,32,-1,2,2.720720078,,,,,,,753296,1
global-dup,batch,count,local,b-hash,32,-1,3,0.801958489,,,,,,,812648,1
global-dup,batch,count,local,b-main,32,0,0,0.388466522,,,,,,,814712,1
global-dup,batch,count,local,b-fused,32,0,1,3.271166793,,,,,,,751632,1
global-dup,batch,count,local,b-hash,32,0,2,0.708244935,,,,,,,812672,1
global-dup,batch,count,local,b-hash-combine,32,0,3,0.846830102,,,,,,,894512,1
global-dup,batch,count,local,b-fused,32,1,0,2.673552627,,,,,,,754848,1
global-dup,batch,count,local,b-hash,32,1,1,0.805956321,,,,,,,883784,1
global-dup,batch,count,local,b-hash-combine,32,1,2,0.874317841,,,,,,,887812,1
global-dup,batch,count,local,b-main,32,1,3,0.467752449,,,,,,,816440,1
global-dup,batch,count,local,b-hash,32,2,0,0.743422126,,,,,,,813264,1
global-dup,batch,count,local,b-hash-combine,32,2,1,0.858531009,,,,,,,894644,1
global-dup,batch,count,local,b-main,32,2,2,0.390391752,,,,,,,819012,1
global-dup,batch,count,local,b-fused,32,2,3,2.942597645,,,,,,,755404,1
global-dup,batch,count,local,b-hash-combine,32,3,0,0.852158276,,,,,,,765448,1
global-dup,batch,count,local,b-main,32,3,1,0.397537328,,,,,,,818956,1
global-dup,batch,count,local,b-fused,32,3,2,2.731618416,,,,,,,802472,1
global-dup,batch,count,local,b-hash,32,3,3,1.246560407,,,,,,,812612,1
global-dup,batch,count,local,b-main,32,4,0,0.391236053,,,,,,,816948,1
global-dup,batch,count,local,b-fused,32,4,1,2.679878476,,,,,,,753184,1
global-dup,batch,count,local,b-hash,32,4,2,0.778746161,,,,,,,812240,1
global-dup,batch,count,local,b-hash-combine,32,4,3,0.85971206,,,,,,,892480,1
global-dup,batch,count,spread,b-hash-combine,32,-1,0,3.670184774,,,,,,,1785964,1
global-dup,batch,count,spread,b-main,32,-1,1,0.119721508,,,,,,,932312,1
global-dup,batch,count,spread,b-fused,32,-1,2,2.693387034,,,,,,,868304,1
global-dup,batch,count,spread,b-hash,32,-1,3,0.653117612,,,,,,,1075548,1
global-dup,batch,count,spread,b-main,32,0,0,0.195856354,,,,,,,1204224,1
global-dup,batch,count,spread,b-fused,32,0,1,2.723116219,,,,,,,890844,1
global-dup,batch,count,spread,b-hash,32,0,2,0.775142062,,,,,,,1120096,1
global-dup,batch,count,spread,b-hash-combine,32,0,3,3.725166285,,,,,,,1665112,1
global-dup,batch,count,spread,b-fused,32,1,0,2.713395854,,,,,,,886740,1
global-dup,batch,count,spread,b-hash,32,1,1,0.670237365,,,,,,,1151336,1
global-dup,batch,count,spread,b-hash-combine,32,1,2,3.494735346,,,,,,,1798252,1
global-dup,batch,count,spread,b-main,32,1,3,0.137906373,,,,,,,1012192,1
global-dup,batch,count,spread,b-hash,32,2,0,0.766151429,,,,,,,1145188,1
global-dup,batch,count,spread,b-hash-combine,32,2,1,3.612618371,,,,,,,1759852,1
global-dup,batch,count,spread,b-main,32,2,2,0.140999633,,,,,,,1032164,1
global-dup,batch,count,spread,b-fused,32,2,3,2.701819484,,,,,,,946140,1
global-dup,batch,count,spread,b-hash-combine,32,3,0,2.1333174,,,,,,,1646680,1
global-dup,batch,count,spread,b-main,32,3,1,0.187269132,,,,,,,969120,1
global-dup,batch,count,spread,b-fused,32,3,2,2.715511427,,,,,,,884688,1
global-dup,batch,count,spread,b-hash,32,3,3,0.701328229,,,,,,,1165160,1
global-dup,batch,count,spread,b-main,32,4,0,0.176700924,,,,,,,972768,1
global-dup,batch,count,spread,b-fused,32,4,1,2.696164535,,,,,,,936408,1
global-dup,batch,count,spread,b-hash,32,4,2,0.661226856,,,,,,,1128288,1
global-dup,batch,count,spread,b-hash-combine,32,4,3,4.853973976,,,,,,,1739360,1
small,incremental,min,spread,i-custom,32,-1,0,0.213866464,4.9929243,1.2553501666666667,0.1618968,0.4037551666666666,,,1882704,4262848
small,incremental,min,spread,i-runtime,32,-1,1,0.228784993,0.16790945000000002,1.599045,0.1554125,0.9962108333333334,,,1921416,4262848
small,incremental,min,spread,i-main,32,-1,2,0.453136893,0.29057334999999995,2.2707876666666666,0.24338095,1.9669158333333334,,,2552492,4262848
small,incremental,min,spread,i-scan,32,-1,3,0.312954611,4.843501900000001,9.544116833333334,4.84349335,9.563263000000001,,,1604156,4262848
small,incremental,min,spread,i-endpoint,32,-1,4,0.329940861,4.993423699999999,9.537425166666667,4.84063245,9.566188166666667,,,1569336,4262848
small,incremental,min,spread,i-hier,32,-1,5,0.487519297,0.2768573,2.8275430000000004,0.49474644999999995,1.5368661666666668,,,2826228,4262848
small,incremental,min,spread,i-runtime,32,0,0,0.35498426,4.6946293500000005,10.208214166666666,4.69245195,10.079837166666666,,,1907076,4262848
small,incremental,min,spread,i-main,32,0,1,0.318791115,0.2867128,2.239721,0.25637665,1.1607818333333333,,,2502824,4262848
small,incremental,min,spread,i-scan,32,0,2,0.332045643,5.14347405,10.044123,4.6931132,10.078219500000001,,,1622584,4262848
small,incremental,min,spread,i-endpoint,32,0,3,0.259392888,0.1726609,1.789065,0.16815470000000002,1.1659393333333334,,,1593916,4262848
small,incremental,min,spread,i-hier,32,0,4,0.481145052,0.282454,2.652382333333333,0.24920684999999998,1.6620091666666668,,,2832588,4262848
small,incremental,min,spread,i-custom,32,0,5,0.166744543,0.16775449999999997,9.560365833333334,0.18696695,0.4357783333333333,,,1880444,4262848
small,incremental,min,spread,i-main,32,1,0,0.350044312,0.28371120000000005,2.067725,0.2481223,1.3867033333333332,,,2513360,4262848
small,incremental,min,spread,i-scan,32,1,1,0.333099982,4.6956276500000005,9.537948833333333,1.8260908999999999,0.9629588333333333,,,1591352,4262848
small,incremental,min,spread,i-endpoint,32,1,2,0.333910854,5.34479985,9.543917333333333,4.8426867,10.070579333333333,,,1804656,4262848
small,incremental,min,spread,i-hier,32,1,3,0.69687521,6.638634000000001,44.377371000000004,7.99193485,1.3041876666666667,,,2687680,4262848
small,incremental,min,spread,i-custom,32,1,4,0.196766054,0.1500764,0.8267793333333332,0.15562789999999999,0.41693766666666665,,,1886592,4262848
small,incremental,min,spread,i-runtime,32,1,5,0.297361044,0.1699764,4.7840625,0.15809795000000001,0.7854484999999999,,,1956236,4262848
small,incremental,min,spread,i-scan,32,2,0,0.226032444,0.1763195,1.4795478333333332,1.28433355,0.8489576666666666,,,1577524,4262848
small,incremental,min,spread,i-endpoint,32,2,1,0.213353509,0.17792155,1.3866681666666665,0.31382435,0.7856383333333333,,,1567280,4262848
small,incremental,min,spread,i-hier,32,2,2,0.554427212,0.2782148,2.7892015000000003,0.26404335,1.7722129999999998,,,2789872,4262848
small,incremental,min,spread,i-custom,32,2,3,0.225556421,5.74375,9.625460166666667,0.18570355,0.371756,,,1897560,4262848
small,incremental,min,spread,i-runtime,32,2,4,0.281185921,0.1737707,1.3884238333333332,0.15750025,1.3573901666666666,,,1944456,4262848
small,incremental,min,spread,i-main,32,2,5,0.298191602,0.2731188,2.0512853333333334,0.24434140000000001,1.0125266666666666,,,2498508,4262848
small,incremental,min,spread,i-endpoint,32,3,0,0.331335189,4.69327365,9.5427305,4.84033325,10.071983833333334,,,1575480,4262848
small,incremental,min,spread,i-hier,32,3,1,0.675126141,0.2801328,2.4898131666666665,0.24732690000000002,1.2878321666666666,,,2884096,4262848
small,incremental,min,spread,i-custom,32,3,2,0.16600562,0.1519892,0.8281403333333334,0.15563074999999998,0.3893676666666666,,,1902676,4262848
small,incremental,min,spread,i-runtime,32,3,3,0.308175476,0.18300085,1.8811905,0.17298985,0.8198764999999999,,,1935748,4262848
small,incremental,min,spread,i-main,32,3,4,0.324730492,0.26076715,1.8084161666666667,0.24421324999999997,1.2930896666666667,,,2461852,4262848
small,incremental,min,spread,i-scan,32,3,5,0.339632927,5.1423013,8.570815166666668,1.72373235,1.1920355,,,1580596,4262848
small,incremental,min,spread,i-hier,32,4,0,0.51635507,0.2853018,4.956892333333333,0.2528966,1.3300411666666665,,,2846920,4262848
small,incremental,min,spread,i-custom,32,4,1,0.236359481,6.19368025,0.9230146666666666,0.16161495,0.40156133333333327,,,1882712,4262848
small,incremental,min,spread,i-runtime,32,4,2,0.263860459,0.1857434,1.7712259999999997,0.18122145,1.1822456666666665,,,1930840,4262848
small,incremental,min,spread,i-main,32,4,3,0.338008327,0.28279055,3.159783333333333,0.2486583,1.3651219999999997,,,2472608,4262848
small,incremental,min,spread,i-scan,32,4,4,0.210772782,0.18273425000000001,1.4050993333333333,0.15221615,0.8106768333333334,,,1574444,4262848
small,incremental,min,spread,i-endpoint,32,4,5,0.280432073,0.1836494,1.5552054999999998,0.16819694999999998,0.9655711666666668,,,1599032,4262848
small,incremental,max,spread,i-custom,32,-1,0,0.201363505,0.16245954999999998,0.8589145,0.1573222,0.39208116666666665,,,1888844,4262848
small,incremental,max,spread,i-runtime,32,-1,1,0.299447426,5.59317895,13.043743666666666,5.2936296,10.076794666666666,,,1939032,4262848
small,incremental,max,spread,i-main,32,-1,2,0.51225413,8.59195955,14.548817833333333,0.4786295,1.3844706666666668,,,2477216,4262848
small,incremental,max,spread,i-scan,32,-1,3,0.309408198,4.9937892999999995,5.868958333333334,0.16872775,0.7447733333333334,,,1554484,4262848
small,incremental,max,spread,i-endpoint,32,-1,4,0.197458609,0.16250035000000002,1.3874646666666666,0.16662035,0.7787761666666667,,,1575480,4262848
small,incremental,max,spread,i-hier,32,-1,5,0.480235265,0.28622194999999995,3.729051666666667,0.264013,1.846729833333333,,,2820808,4262848
small,incremental,max,spread,i-runtime,32,0,0,0.363966534,0.19661065000000003,1.4451878333333334,0.3974213,0.930898,,,1997416,4262848
small,incremental,max,spread,i-main,32,0,1,0.304870169,0.28244555,2.2630845,0.2313155,1.0285248333333332,,,2504864,4262848
small,incremental,max,spread,i-scan,32,0,2,0.241508188,0.17820415,1.8556876666666666,0.16062685000000002,1.127225,,,1862012,4262848
small,incremental,max,spread,i-endpoint,32,0,3,0.339900132,4.6939565000000005,10.539732833333334,5.09328055,9.070313166666667,,,1606208,4262848
small,incremental,max,spread,i-hier,32,0,4,0.592025105,0.28707795,3.0247273333333333,0.2579332,1.8298728333333332,,,2763452,4262848
small,incremental,max,spread,i-custom,32,0,5,0.178998907,0.1615151,0.8429438333333333,0.25479430000000003,0.4756391666666666,,,1876044,4262848
small,incremental,max,spread,i-main,32,1,0,0.314105878,0.29258155,1.8467631666666666,0.24181295,0.9558568333333333,,,2439328,4262848
small,incremental,max,spread,i-scan,32,1,1,0.24108967,0.18262240000000002,1.7331804999999998,0.17757485,1.1349725000000002,,,1587040,4262848
small,incremental,max,spread,i-endpoint,32,1,2,0.265134122,0.17922405000000002,1.7995965,0.16761515,1.142125,,,1595448,4262848
small,incremental,max,spread,i-hier,32,1,3,0.513431609,0.26746220000000004,2.2817571666666665,0.2370559,1.2847676666666665,,,2803904,4262848
small,incremental,max,spread,i-custom,32,1,4,0.242718654,7.0433951,11.628254166666666,4.843464549999999,10.134137166666667,,,1923672,4262848
small,incremental,max,spread,i-runtime,32,1,5,0.290066782,0.18041780000000002,2.342674,0.1576603,1.6360768333333333,,,1904720,4262848
small,incremental,max,spread,i-scan,32,2,0,0.331573267,4.99480125,10.044015333333332,5.14255595,10.072226333333333,,,1652800,4262848
small,incremental,max,spread,i-endpoint,32,2,1,0.266396894,0.17933890000000002,1.3376571666666666,0.15060155,0.8136496666666666,,,1568816,4262848
small,incremental,max,spread,i-hier,32,2,2,0.685574493,0.29435895,3.1990635,0.26718145,1.7995786666666669,,,2826952,4262848
small,incremental,max,spread,i-custom,32,2,3,0.204837834,4.9931281,10.125323166666666,4.2076281,0.4338066666666667,,,1891928,4262848
small,incremental,max,spread,i-runtime,32,2,4,0.35150669,6.34398845,9.541723333333332,2.61608945,0.9881101666666666,,,1931864,4262848
small,incremental,max,spread,i-main,32,2,5,0.396225631,0.30031255,2.2667995,5.861549650000001,1.3834671666666667,,,2537636,4262848
small,incremental,max,spread,i-endpoint,32,3,0,0.314919785,0.20335829999999996,1.4480706666666665,0.16322620000000002,0.7997343333333333,,,1585652,4262848
small,incremental,max,spread,i-hier,32,3,1,0.479526772,0.2671928,2.4938148333333334,0.2590332,1.8768721666666668,,,2893516,4262848
small,incremental,max,spread,i-custom,32,3,2,0.23030569,5.6930496999999995,11.616617666666668,0.16676225,0.45762949999999997,,,1886804,4262848
small,incremental,max,spread,i-runtime,32,3,3,0.254086903,0.16916504999999998,1.5687001666666667,0.15310875,0.8340326666666665,,,1947732,4262848
small,incremental,max,spread,i-main,32,3,4,0.325552138,0.2808288,1.9020586666666668,0.24239545,1.004168,,,2491040,4262848
small,incremental,max,spread,i-scan,32,3,5,0.224339673,0.43140280000000003,1.4850918333333334,0.17341925,0.758734,,,1616440,4262848
small,incremental,max,spread,i-hier,32,4,0,0.592407501,0.26892214999999997,3.090337,0.2685725,1.8025593333333332,,,2851528,4262848
small,incremental,max,spread,i-custom,32,4,1,0.191337622,0.1672903,0.7302126666666666,0.1595055,0.4348521666666667,,,1854032,4262848
small,incremental,max,spread,i-runtime,32,4,2,0.259259453,0.1741752,1.4411734999999999,0.15481935,0.8253443333333332,,,1953676,4262848
small,incremental,max,spread,i-main,32,4,3,0.382121422,0.2812039,2.3475620000000004,0.2462738,1.0214305,,,2476188,4262848
small,incremental,max,spread,i-scan,32,4,4,0.210627612,0.17736085000000001,1.4344301666666668,0.16538775,1.6794438333333332,,,1613880,4262848
small,incremental,max,spread,i-endpoint,32,4,5,0.234556854,0.17217095,1.4431121666666666,0.17226645000000002,0.793622,,,1619520,4262848
small,incremental,sum,spread,i-custom,32,-1,0,0.261932175,4.9910766,10.125934333333333,0.18814985,0.5126185,,,2789588,4525696
small,incremental,sum,spread,i-runtime,32,-1,1,0.24352507,0.17925745,1.6256871666666666,0.1687041,1.0320865,,,1929304,4525696
small,incremental,sum,spread,i-main,32,-1,2,0.444625168,4.8379534,12.539398,5.74051305,13.043531833333333,,,2472604,4525696
small,incremental,sum,spread,i-scan,32,-1,3,0.203615576,0.17222010000000001,1.390137,0.17176085,1.0870748333333333,,,1582648,4525696
small,incremental,sum,spread,i-weights,32,-1,4,0.319505096,0.27154165,1.3165766666666667,7.7509817,12.6219005,,,2031720,4525696
small,incremental,sum,spread,i-runtime,32,0,0,0.296798467,0.1659534,1.6379371666666669,0.1632951,0.9861308333333333,,,1946196,4525696
small,incremental,sum,spread,i-main,32,0,1,0.398591073,0.29558765,2.2958418333333332,0.25788715,1.6272861666666667,,,2438600,4525696
small,incremental,sum,spread,i-scan,32,0,2,0.34243776,6.0434085,10.042904333333334,0.19749765,1.4581670000000002,,,1589304,4525696
small,incremental,sum,spread,i-weights,32,0,3,0.381880573,6.1912453,15.6271915,5.513242,1.4450565,,,2029976,4525696
small,incremental,sum,spread,i-custom,32,0,4,0.22929278,0.17106915,0.8368473333333334,0.1546459,0.4622,,,2846732,4525696
small,incremental,sum,spread,i-main,32,1,0,0.397882346,0.27843684999999996,2.4904396666666666,0.24372595000000002,1.2230668333333332,,,2511520,4525696
small,incremental,sum,spread,i-scan,32,1,1,0.340236259,4.83604135,1.8001323333333337,0.17027469999999997,2.1931051666666668,,,1573428,4525696
small,incremental,sum,spread,i-weights,32,1,2,0.338614449,0.28362925,1.5079728333333333,0.26113590000000003,0.7519036666666667,,,2146420,4525696
small,incremental,sum,spread,i-custom,32,1,3,0.228436402,0.1631483,0.9046786666666667,0.16295005,0.4449388333333333,,,2895380,4525696
small,incremental,sum,spread,i-runtime,32,1,4,0.354173343,4.9921248,9.541542833333333,4.83700405,9.552000333333334,,,1980512,4525696
small,incremental,sum,spread,i-scan,32,2,0,0.274386639,0.1767766,1.7661675,0.1733329,1.5552409999999999,,,1581416,4525696
small,incremental,sum,spread,i-weights,32,2,1,0.290601524,0.27909744999999997,1.4576761666666667,0.2619387,0.7698670000000001,,,2048620,4525696
small,incremental,sum,spread,i-custom,32,2,2,0.263589488,6.4867026999999995,6.465735166666668,0.16793154999999999,0.5201176666666667,,,2748412,4525696
small,incremental,sum,spread,i-runtime,32,2,3,0.343594097,4.84209405,11.044698833333333,4.5406448500000005,9.085583,,,1871744,4525696
small,incremental,sum,spread,i-main,32,2,4,0.50708411,7.53440925,13.041505666666666,12.563269499999999,10.6350855,,,2510500,4525696
small,incremental,sum,spread,i-weights,32,3,0,0.310437116,0.2819,1.3347416666666667,0.26247645,0.6700983333333334,,,2046048,4525696
small,incremental,sum,spread,i-custom,32,3,1,0.228818934,0.1542476,0.9025405000000001,0.1647578,0.4502716666666667,,,2973928,4525696
small,incremental,sum,spread,i-runtime,32,3,2,0.30498542,5.4433225499999995,12.042540833333334,6.1913540000000005,10.511620166666665,,,1908824,4525696
small,incremental,sum,spread,i-main,32,3,3,0.418244094,0.30067195,2.322486,0.25109385,1.6751013333333333,,,2403988,4525696
small,incremental,sum,spread,i-scan,32,3,4,0.262985835,0.3824113,1.3544873333333334,0.15306499999999998,1.038888,,,1620024,4525696
small,incremental,sum,spread,i-custom,32,4,0,0.217183174,0.16613065,0.8192775,0.39820734999999996,0.4744778333333333,,,2992156,4525696
small,incremental,sum,spread,i-runtime,32,4,1,0.286254951,0.16753230000000002,1.3503193333333334,0.15541604999999997,1.3926505,,,1898576,4525696
small,incremental,sum,spread,i-main,32,4,2,0.510534896,8.8899798,15.543337999999999,16.942480300000003,14.042395833333336,,,2484384,4525696
small,incremental,sum,spread,i-scan,32,4,3,0.263834675,0.18853935,1.685251166666667,0.4179532,1.4628741666666665,,,1574960,4525696
small,incremental,sum,spread,i-weights,32,4,4,0.352487685,0.30969105,1.5010491666666665,0.25764185000000006,0.7235291666666667,,,2035812,4525696
small,incremental,count,spread,i-custom,32,-1,0,0.259992139,4.9908699,10.125197333333334,4.99074085,10.129710333333334,,,2791932,4525696
small,incremental,count,spread,i-runtime,32,-1,1,0.357136092,4.8433424,9.5429115,4.539789300000001,9.549127166666667,,,1886292,4525696
small,incremental,count,spread,i-main,32,-1,2,0.515874069,6.3449501,13.038851166666666,17.59339275,12.549043166666666,,,2541736,4525696
small,incremental,count,spread,i-scan,32,-1,3,0.336075796,0.19494365,2.0363923333333336,0.18127074999999998,1.0136011666666667,,,1582648,4525696
small,incremental,count,spread,i-weights,32,-1,4,0.29458622,0.284406,1.3030005,0.23128095,0.6902638333333333,,,1941588,4525696
small,incremental,count,spread,i-runtime,32,0,0,0.221817997,0.18850385,1.5464330000000002,0.17507480000000003,1.1209061666666666,,,1933396,4525696
small,incremental,count,spread,i-main,32,0,1,0.439903956,0.2956121,2.727606833333333,0.25746444999999996,1.5055758333333333,,,2450076,4525696
small,incremental,count,spread,i-scan,32,0,2,0.317463609,0.17883805,1.8707271666666665,0.1586633,0.9974966666666667,,,1587248,4525696
small,incremental,count,spread,i-weights,32,0,3,0.233110905,0.28169564999999996,1.1953595000000001,0.2414743,0.6263456666666667,,,1929300,4525696
small,incremental,count,spread,i-custom,32,0,4,0.288197361,4.9899524,1.0328548333333334,0.17036845,0.47257600000000005,,,2608824,4525696
small,incremental,count,spread,i-main,32,1,0,0.50998632,7.1914984,2.0329686666666666,0.25197875000000003,1.196395,,,2478240,4525696
small,incremental,count,spread,i-scan,32,1,1,0.324348116,0.1780163,1.7834878333333333,0.18643805,1.4542086666666665,,,1564724,4525696
small,incremental,count,spread,i-weights,32,1,2,0.342681777,6.395954049999999,14.626593666666666,4.52323345,0.7263193333333332,,,1925504,4525696
small,incremental,count,spread,i-custom,32,1,3,0.212421098,0.16663305,0.9161383333333334,0.1579151,0.4077946666666667,,,2790100,4525696
small,incremental,count,spread,i-runtime,32,1,4,0.399224549,4.8448144,9.542186333333333,4.8430724,9.544240166666667,,,1927052,4525696
small,incremental,count,spread,i-scan,32,2,0,0.330753834,0.2043942,1.7164781666666666,0.1787939,1.3028278333333332,,,1587560,4525696
small,incremental,count,spread,i-weights,32,2,1,0.328881434,6.48964975,12.631257166666666,7.541961549999999,16.127404333333335,,,1954392,4525696
small,incremental,count,spread,i-custom,32,2,2,0.255728601,1.54483535,1.6198389999999998,0.1461913,1.2606126666666666,,,2771152,4525696
small,incremental,count,spread,i-runtime,32,2,3,0.234790665,4.86085645,1.8891133333333334,0.17573385,1.3310541666666669,,,1983072,4525696
small,incremental,count,spread,i-main,32,2,4,0.52964812,8.44198905,13.039671,13.840633149999999,12.548387833333335,,,2337420,4525696
small,incremental,count,spread,i-weights,32,3,0,0.338437356,0.2781538,1.3642503333333336,0.24689289999999997,0.6877533333333333,,,1958488,4525696
small,incremental,count,spread,i-custom,32,3,1,0.224819246,0.16022540000000002,0.825811,0.16136315,0.4409423333333333,,,2842844,4525696
small,incremental,count,spread,i-runtime,32,3,2,0.252318555,0.1771347,1.3156050000000001,0.1715556,1.0097045,,,1925724,4525696
small,incremental,count,spread,i-main,32,3,3,0.365050809,0.45966319999999994,2.4769923333333335,0.25720814999999997,1.7303545,,,2543784,4525696
small,incremental,count,spread,i-scan,32,3,4,0.222636935,0.18123055,1.6970383333333334,0.16870654999999998,1.040001,,,1617976,4525696
small,incremental,count,spread,i-custom,32,4,0,0.260917362,9.0429535,11.112771333333335,5.5933456999999995,10.1266805,,,2842840,4525696
small,incremental,count,spread,i-runtime,32,4,1,0.393363247,7.689942499999999,10.875995666666666,7.093573650000001,1.5060736666666668,,,1921420,4525696
small,incremental,count,spread,i-main,32,4,2,0.394824325,0.2895215,1.8201791666666667,0.25002575,1.188178,,,2491040,4525696
small,incremental,count,spread,i-scan,32,4,3,0.248612252,0.17628565000000002,1.5094515,0.1791101,1.3922188333333334,,,1607736,4525696
small,incremental,count,spread,i-weights,32,4,4,0.253295173,0.2796309,1.6834476666666667,0.24778805000000004,0.7343501666666666,,,1988696,4525696
large,incremental,min,spread,i-custom,32,-1,0,0.17549513,0.16880095,0.32829650000000005,0.15934595000000001,0.27857583333333336,,,1799760,20704
large,incremental,min,spread,i-runtime,32,-1,1,0.224629341,0.48747075000000006,10.44424,0.54460605,8.180433666666667,,,1738816,20704
large,incremental,min,spread,i-main,32,-1,2,0.31758813,0.5924529000000001,9.965514666666667,0.4682896,6.946888666666667,,,2111592,20704
large,incremental,min,spread,i-scan,32,-1,3,0.231573898,0.39008279999999995,7.0039541666666665,0.49440675,7.761559999999999,,,1355276,20704
large,incremental,min,spread,i-endpoint,32,-1,4,0.178764541,0.47318804999999997,10.214496,0.49390494999999995,10.894515499999999,,,1341964,20704
large,incremental,min,spread,i-hier,32,-1,5,0.302601658,3.7735357499999997,1.1064243333333335,7.86169565,12.115028833333334,,,1737280,20704
large,incremental,min,spread,i-runtime,32,0,0,0.269264138,0.40391849999999996,6.735570833333334,0.5077515499999999,7.725210166666667,,,1714236,20704
large,incremental,min,spread,i-main,32,0,1,0.353507121,0.5162385,8.868337166666667,0.49224560000000006,7.901029333333334,,,2074216,20704
large,incremental,min,spread,i-scan,32,0,2,0.281611627,5.27981525,18.577768166666665,2.1667644499999996,10.890857166666665,,,1352208,20704
large,incremental,min,spread,i-endpoint,32,0,3,0.28167749,4.8318681,16.558273333333336,0.5349988499999999,10.083881,,,1342992,20704
large,incremental,min,spread,i-hier,32,0,4,0.240083383,0.3019716,0.9399153333333334,0.26413074999999997,0.7475116666666666,,,1740348,20704
large,incremental,min,spread,i-custom,32,0,5,0.243762301,4.6915856,4.580971666666667,0.4155741,0.25061700000000003,,,1808976,20704
large,incremental,min,spread,i-main,32,1,0,0.437667692,0.6286638,10.188808333333334,0.5998042,10.776853166666667,,,2128492,20704
large,incremental,min,spread,i-scan,32,1,1,0.20623981,0.45013120000000006,10.405154333333334,0.5089876,10.8777605,,,1382928,20704
large,incremental,min,spread,i-endpoint,32,1,2,0.242905161,0.38771305,7.242935833333333,0.43022710000000003,8.124860499999999,,,1360396,20704
large,incremental,min,spread,i-hier,32,1,3,0.194548373,0.2960643,0.80096,0.25381739999999997,0.7048376666666667,,,1698360,20704
large,incremental,min,spread,i-custom,32,1,4,0.165598638,0.1737956,0.28270316666666667,0.15977975,0.278256,,,1816652,20704
large,incremental,min,spread,i-runtime,32,1,5,0.296855113,4.824044349999999,16.559064833333334,4.830018,17.044068166666666,,,1742256,20704
large,incremental,min,spread,i-scan,32,2,0,0.273174739,4.6811491,16.55194283333333,4.8303543,10.856587833333334,,,1337356,20704
large,incremental,min,spread,i-endpoint,32,2,1,0.276001593,4.83141845,16.5392135,3.3114057000000003,8.1743185,,,1343504,20704
large,incremental,min,spread,i-hier,32,2,2,0.198019134,0.3102695,0.960249,0.25373429999999997,1.2787928333333334,,,1718328,20704
large,incremental,min,spread,i-custom,32,2,3,0.178694215,0.17261085,0.3285903333333334,0.1557493,0.29266016666666667,,,1843280,20704
large,incremental,min,spread,i-runtime,32,2,4,0.29469088,4.979297900000001,12.429246999999998,0.49170579999999997,11.153354,,,1736764,20704
large,incremental,min,spread,i-main,32,2,5,0.453472398,6.328928100000001,20.075451166666667,17.26034795,21.6802215,,,2083424,20704
large,incremental,min,spread,i-endpoint,32,3,0,0.254692924,4.53067445,17.10599516666667,4.82729335,17.5536965,,,1347600,20704
large,incremental,min,spread,i-hier,32,3,1,0.309069488,8.1416888,11.112008000000001,6.49077705,10.614879,,,1749568,20704
large,incremental,min,spread,i-custom,32,3,2,0.240323207,5.58979295,7.134617333333334,4.69064,0.31254383333333335,,,1833044,20704
large,incremental,min,spread,i-runtime,32,3,3,0.300080519,5.4305886,18.241465833333333,7.3648672500000005,19.533221833333332,,,1753664,20704
large,incremental,min,spread,i-main,32,3,4,0.454644513,2.9717486,6.8894805,0.4888201,8.228495666666666,,,2032224,20704
large,incremental,min,spread,i-scan,32,3,5,0.269965701,1.8986313000000004,10.205431333333333,0.4755789,10.986306833333336,,,1358356,20704
large,incremental,min,spread,i-hier,32,4,0,0.316134374,8.7419013,10.609352,7.9923046499999995,8.5952925,,,1729088,20704
large,incremental,min,spread,i-custom,32,4,1,0.162458065,0.18504835,0.3116521666666667,0.16181584999999998,0.25362433333333334,,,1795152,20704
large,incremental,min,spread,i-runtime,32,4,2,0.193000934,0.4284367499999999,6.750422,0.4045288,8.21938,,,1691704,20704
large,incremental,min,spread,i-main,32,4,3,0.289767868,0.5622007,7.971332,0.4760282,8.5305295,,,2140780,20704
large,incremental,min,spread,i-scan,32,4,4,0.28397207,4.9798756,16.52217,5.1295857499999995,17.082262333333336,,,1334800,20704
large,incremental,min,spread,i-endpoint,32,4,5,0.276852125,1.60022655,10.511494666666668,0.50934005,10.816259166666667,,,1325580,20704
large,incremental,max,spread,i-custom,32,-1,0,0.180835226,0.1701905,0.30848533333333333,0.1482209,0.2901033333333333,,,1839704,20704
large,incremental,max,spread,i-runtime,32,-1,1,0.287387848,0.45995805,8.614634833333334,0.48504319999999995,11.213552166666666,,,1729084,20704
large,incremental,max,spread,i-main,32,-1,2,0.454512524,5.279020350000001,12.8524995,0.5576382000000001,10.693757833333335,,,2053728,20704
large,incremental,max,spread,i-scan,32,-1,3,0.240601001,0.47474615,6.8517763333333335,0.42312494999999994,8.425400833333333,,,1339404,20704
large,incremental,max,spread,i-endpoint,32,-1,4,0.17338771,0.419571,8.4805365,0.47599925,7.470406333333333,,,1343496,20704
large,incremental,max,spread,i-hier,32,-1,5,0.198320488,0.3043818,0.8341665000000001,0.19094615,0.44383550000000005,,,1728568,20704
large,incremental,max,spread,i-runtime,32,0,0,0.234979583,0.6723082499999999,9.502700833333334,0.39883274999999996,9.329720666666667,,,1735228,20704
large,incremental,max,spread,i-main,32,0,1,0.290251613,0.5220848,8.747567833333333,0.5887182,7.5687675,,,2124396,20704
large,incremental,max,spread,i-scan,32,0,2,0.235259754,0.45918634999999997,10.555453333333332,0.50746325,11.149113666666667,,,1361936,20704
large,incremental,max,spread,i-endpoint,32,0,3,0.260178121,4.82738395,17.59872233333333,4.6784951999999995,9.408497166666667,,,1376264,20704
large,incremental,max,spread,i-hier,32,0,4,0.202705294,0.30720815,1.6631483333333332,0.16626965,0.42055349999999997,,,1717820,20704
large,incremental,max,spread,i-custom,32,0,5,0.228488011,0.17824145,0.3231035,0.1596224,0.2979325,,,1800264,20704
large,incremental,max,spread,i-main,32,1,0,0.458288686,8.5703045,20.0784205,16.88048065,11.490810166666668,,,2130544,20704
large,incremental,max,spread,i-scan,32,1,1,0.257845929,0.46373030000000004,10.509811166666667,0.47173375,10.399998833333333,,,1359880,20704
large,incremental,max,spread,i-endpoint,32,1,2,0.288257293,4.880930950000001,16.06369916666667,3.0315029,7.424853833333334,,,1320972,20704
large,incremental,max,spread,i-hier,32,1,3,0.237717202,0.2991027,0.8577096666666666,0.181091,0.438389,,,1783364,20704
large,incremental,max,spread,i-custom,32,1,4,0.219694906,0.17477104999999998,0.32181366666666666,0.1598595,0.296279,,,1820616,20704
large,incremental,max,spread,i-runtime,32,1,5,0.185661415,0.6292007,7.204308833333333,0.6952955000000001,7.696224999999999,,,1693244,20704
large,incremental,max,spread,i-scan,32,2,0,0.187111932,0.40496669999999996,6.768626,0.4872924,8.676989166666667,,,1362452,20704
large,incremental,max,spread,i-endpoint,32,2,1,0.216687683,0.40183444999999995,7.80603,0.4737064,7.225018666666667,,,1388044,20704
large,incremental,max,spread,i-hier,32,2,2,0.219279896,0.30887739999999997,0.849936,0.1661399,0.4396260000000001,,,1723964,20704
large,incremental,max,spread,i-custom,32,2,3,0.166560228,0.1746928,0.31819,0.1503807,0.28629750000000004,,,1819212,20704
large,incremental,max,spread,i-runtime,32,2,4,0.225925161,0.5412898,10.600984333333335,0.5006811499999999,11.009561,,,1759296,20704
large,incremental,max,spread,i-main,32,2,5,0.375891642,0.51040795,8.070192666666667,0.4914903,9.059273333333332,,,2060384,20704
large,incremental,max,spread,i-endpoint,32,3,0,0.172598045,0.42350195,6.5343495,0.4096071500000001,7.9481934999999995,,,1372176,20704
large,incremental,max,spread,i-hier,32,3,1,0.22507826,0.3118703,1.0848976666666668,0.18264609999999998,0.4455045,,,1725500,20704
large,incremental,max,spread,i-custom,32,3,2,0.166707857,0.17621105,0.3437251666666667,0.16460285000000002,0.27349816666666665,,,1841228,20704
large,incremental,max,spread,i-runtime,32,3,3,0.208145686,0.48896275000000006,8.7619035,0.5064763,7.794914833333333,,,1697848,20704
large,incremental,max,spread,i-main,32,3,4,0.35286299,0.5044704,7.532949500000001,0.5295037499999999,9.2881675,,,2174576,20704
large,incremental,max,spread,i-scan,32,3,5,0.186573869,0.5997330000000001,8.559984333333333,0.42268445000000004,7.811270499999999,,,1415704,20704
large,incremental,max,spread,i-hier,32,4,0,0.214806201,0.3127219,1.7756475,0.3627378,0.45037733333333335,,,1689656,20704
large,incremental,max,spread,i-custom,32,4,1,0.165871321,0.16618565,0.3063561666666667,0.162032,0.28249583333333333,,,1817164,20704
large,incremental,max,spread,i-runtime,32,4,2,0.253916838,0.5139359,7.8583335,0.47556405,7.572346666666667,,,1747516,20704
large,incremental,max,spread,i-main,32,4,3,0.30327491,0.5807592500000001,6.9642805,0.4849214999999999,8.153660833333333,,,2092644,20704
large,incremental,max,spread,i-scan,32,4,4,0.215540668,0.39967935,7.401525499999999,0.63777445,8.205601666666666,,,1316876,20704
large,incremental,max,spread,i-endpoint,32,4,5,0.168231781,0.40578144999999993,6.6055953333333335,0.4130662,7.484084333333333,,,1343500,20704
large,incremental,sum,spread,i-custom,32,-1,0,0.255184755,2.9506428,0.30724216666666665,0.1545955,0.2841765,,,2574516,37408
large,incremental,sum,spread,i-runtime,32,-1,1,0.189650822,0.6531793,7.061104333333333,0.4093782,9.034534666666667,,,1724988,37408
large,incremental,sum,spread,i-main,32,-1,2,0.372512955,0.5437259,6.990805166666667,0.5118609,7.127108166666667,,,2161268,37408
large,incremental,sum,spread,i-scan,32,-1,3,0.221454844,0.45168474999999997,7.463441333333333,0.42364985,7.449321666666667,,,1348116,37408
large,incremental,sum,spread,i-weights,32,-1,4,0.221664817,0.2705688,0.45471733333333336,0.2466298,0.4045003333333334,,,1808452,37408
large,incremental,sum,spread,i-runtime,32,0,0,0.211364964,0.38638819999999996,8.263448166666667,0.6643651,7.823740666666667,,,1712696,37408
large,incremental,sum,spread,i-main,32,0,1,0.329422733,0.5636574999999999,8.270492166666665,0.49629009999999996,7.099017666666666,,,2083428,37408
large,incremental,sum,spread,i-scan,32,0,2,0.270173926,0.42944934999999995,7.610679166666666,0.68341085,7.933277666666666,,,1384460,37408
large,incremental,sum,spread,i-weights,32,0,3,0.228690809,0.27200305,0.39569066666666664,0.23545069999999999,0.4051011666666667,,,1821268,37408
large,incremental,sum,spread,i-custom,32,0,4,0.19394721,0.159459,0.2737495,0.1706883,0.2961956666666667,,,2869472,37408
large,incremental,sum,spread,i-main,32,1,0,0.455554286,4.8315775,6.818347833333333,0.7874454499999999,7.364659166666667,,,2102884,37408
large,incremental,sum,spread,i-scan,32,1,1,0.191861599,0.4094147,8.418279166666666,0.42148215,8.082556833333333,,,1327632,37408
large,incremental,sum,spread,i-weights,32,1,2,0.219329195,0.2746404,0.4603621666666667,0.22295335,0.42739616666666663,,,1827404,37408
large,incremental,sum,spread,i-custom,32,1,3,0.197365189,0.16777515,0.3068728333333333,0.17051525,0.28503316666666667,,,2674888,37408
large,incremental,sum,spread,i-runtime,32,1,4,0.256387986,0.40573049999999994,6.589937333333334,0.41677739999999996,8.762400999999999,,,1745464,37408
large,incremental,sum,spread,i-scan,32,2,0,0.17481783,0.38877375,7.587175166666667,0.48260654999999997,7.600239666666667,,,1388048,37408
large,incremental,sum,spread,i-weights,32,2,1,0.273427878,0.28440845000000003,0.45128150000000006,0.24034065,0.40369533333333335,,,1864780,37408
large,incremental,sum,spread,i-custom,32,2,2,0.197790111,0.15124235000000003,0.29966349999999997,0.15809335,0.5724785,,,2685120,37408
large,incremental,sum,spread,i-runtime,32,2,3,0.2948542,4.826181849999999,15.066998666666668,0.64210035,8.749520666666667,,,1759816,37408
large,incremental,sum,spread,i-main,32,2,4,0.468100744,7.223290799999999,20.099437666666667,16.56669045,9.504524333333334,,,2110572,37408
large,incremental,sum,spread,i-weights,32,3,0,0.229949801,0.2619116,0.47446583333333336,0.2503514,0.42570983333333334,,,1851976,37408
large,incremental,sum,spread,i-custom,32,3,1,0.256481545,4.9913833499999996,7.643094166666667,0.1811492,0.281337,,,2576560,37408
large,incremental,sum,spread,i-runtime,32,3,2,0.201627177,0.49594185,9.281448,0.46592325,9.749377666666666,,,1709624,37408
large,incremental,sum,spread,i-main,32,3,3,0.372453504,0.53586285,10.297053666666667,0.54869915,20.352507833333334,,,2099308,37408
large,incremental,sum,spread,i-scan,32,3,4,0.27237169,4.8230886,15.604538500000002,1.3524802,9.228936,,,1355792,37408
large,incremental,sum,spread,i-custom,32,4,0,0.20277739,0.16697875,1.0950161666666667,0.1627571,0.28454283333333336,,,2799712,37408
large,incremental,sum,spread,i-runtime,32,4,1,0.28955813,4.8304066,16.05949683333333,5.01428795,18.036259833333336,,,1724476,37408
large,incremental,sum,spread,i-main,32,4,2,0.384470859,0.5526520500000001,9.440087833333335,0.5238555500000001,9.746923666666666,,,2121832,37408
large,incremental,sum,spread,i-scan,32,4,3,0.178565996,0.4493838,8.828283333333333,0.48917014999999997,9.249452833333335,,,1340428,37408
large,incremental,sum,spread,i-weights,32,4,4,0.291609549,0.284534,0.4210055,0.24150585000000002,0.43727099999999997,,,1863760,37408
large,incremental,count,spread,i-custom,32,-1,0,0.203996029,0.17193985,0.32233283333333335,0.16305015,0.28251833333333337,,,2705612,37408
large,incremental,count,spread,i-runtime,32,-1,1,0.301836785,4.98169455,18.132519499999997,5.1274665,18.544994666666664,,,1726524,37408
large,incremental,count,spread,i-main,32,-1,2,0.419511031,6.174799,21.068349,7.66608085,9.578657,,,2138672,37408
large,incremental,count,spread,i-scan,32,-1,3,0.282328335,4.98010485,16.571354333333336,4.80469455,17.559700333333332,,,1323024,37408
large,incremental,count,spread,i-weights,32,-1,4,0.32587134,6.33545175,12.635092166666666,7.691586150000001,12.638128000000002,,,1805900,37408
large,incremental,count,spread,i-runtime,32,0,0,0.31565528,0.46262480000000006,9.399541833333334,0.46221835,9.801612166666667,,,1732672,37408
large,incremental,count,spread,i-main,32,0,1,0.465422399,6.481352849999999,21.572599333333333,18.317438950000003,20.063110833333333,,,2103400,37408
large,incremental,count,spread,i-scan,32,0,2,0.179044908,0.5157257000000001,8.580626833333334,0.44592475,8.844125166666666,,,1374220,37408
large,incremental,count,spread,i-weights,32,0,3,0.340229718,7.892976299999999,0.5499930000000001,0.2513438,1.2116701666666667,,,1839176,37408
large,incremental,count,spread,i-custom,32,0,4,0.262111096,8.59276225,10.6402555,6.792409000000001,9.627533999999999,,,2484400,37408
large,incremental,count,spread,i-main,32,1,0,0.422808135,0.5408739,9.359894666666667,0.5338961,9.884267,,,2124400,37408
large,incremental,count,spread,i-scan,32,1,1,0.271718907,4.9750642,16.60422733333333,4.8151335500000005,17.889182333333334,,,1351692,37408
large,incremental,count,spread,i-weights,32,1,2,0.316387371,3.0983309500000003,1.2726168333333334,0.24086515,0.40686633333333333,,,1855564,37408
large,incremental,count,spread,i-custom,32,1,3,0.190359426,0.15882675,6.667602666666667,5.19307005,0.2676948333333333,,,2786004,37408
large,incremental,count,spread,i-runtime,32,1,4,0.239493215,0.4904654,9.138755166666666,0.4496506,9.3199145,,,1740860,37408
large,incremental,count,spread,i-scan,32,2,0,0.229876079,0.41399795,8.693316333333334,0.47648509999999994,8.818684333333334,,,1344388,37408
large,incremental,count,spread,i-weights,32,2,1,0.32711908,7.2421297,0.5319926666666667,0.23739755,0.4027691666666667,,,1849928,37408
large,incremental,count,spread,i-custom,32,2,2,0.195995638,0.19794115,0.29070583333333333,0.16102855,0.31600283333333334,,,2749136,37408
large,incremental,count,spread,i-runtime,32,2,3,0.192830187,0.43270479999999995,8.918454666666667,0.4471183999999999,9.495654333333333,,,1727032,37408
large,incremental,count,spread,i-main,32,2,4,0.439237329,7.8277543000000005,18.881630833333336,16.81845705,21.27073366666667,,,2105448,37408
large,incremental,count,spread,i-weights,32,3,0,0.313738416,8.089512449999999,12.141236,0.26130595,0.41772849999999995,,,1822280,37408
large,incremental,count,spread,i-custom,32,3,1,0.219811451,4.69251555,0.38904316666666666,0.17366545,0.2866241666666666,,,2581176,37408
large,incremental,count,spread,i-runtime,32,3,2,0.204931799,0.43239985000000003,9.291989666666668,0.45210540000000005,9.811882333333333,,,1693752,37408
large,incremental,count,spread,i-main,32,3,3,0.414327005,0.5383956999999999,9.193918,0.5342893,9.494099,,,2124392,37408
large,incremental,count,spread,i-scan,32,3,4,0.218511662,0.41898235,8.805263333333334,0.5187397499999999,9.1185505,,,1350160,37408
large,incremental,count,spread,i-custom,32,4,0,0.212444638,0.15498585,0.2636795,0.16223579999999999,0.2845625,,,2603704,37408
large,incremental,count,spread,i-runtime,32,4,1,0.298106156,4.9804999500000005,16.085186833333335,4.9802706,17.620978,,,1715768,37408
large,incremental,count,spread,i-main,32,4,2,0.441210134,7.830489249999999,20.026079333333332,17.2788649,9.650496166666667,,,2112104,37408
large,incremental,count,spread,i-scan,32,4,3,0.267617185,4.9817743,17.072370000000003,4.67814675,17.062298666666667,,,1323532,37408
large,incremental,count,spread,i-weights,32,4,4,0.205131605,0.27129935,0.455017,0.23498705000000003,0.38909883333333334,,,1833540,37408
small-dup,incremental,min,spread,i-custom,32,-1,0,0.133689171,0.17594215,0.6465664999999999,0.41154985,0.5999758333333333,0.1756306,1.1713126666666667,1896332,1262848
small-dup,incremental,min,spread,i-runtime,32,-1,1,0.221893067,5.297454050000001,1.8221353333333334,0.16441275,1.0946836666666668,0.17190529999999998,0.9738264999999999,1463864,1262848
small-dup,incremental,min,spread,i-main,32,-1,2,0.258349725,4.8475947,2.4548686666666666,0.2535014,1.5629635000000002,0.15879175,0.5444653333333334,1413144,1262848
small-dup,incremental,min,spread,i-scan,32,-1,3,0.15076801,0.16250045,1.6453748333333333,0.15767000000000003,1.3054048333333335,0.17750190000000002,1.2135958333333334,1380692,1262848
small-dup,incremental,min,spread,i-endpoint,32,-1,4,0.12474132,0.17567254999999998,1.8246573333333334,0.1748247,0.8389644999999999,0.17690935,0.8343600000000001,1350180,1262848
small-dup,incremental,min,spread,i-hier,32,-1,5,0.202463389,0.28172525,2.6795516666666668,0.25528775000000004,1.4684665,0.17286315,0.7023193333333334,1501224,1262848
small-dup,incremental,min,spread,i-runtime,32,0,0,0.183900568,4.27801295,1.6048295000000001,4.9878008000000005,1.7099261666666667,0.1644297,0.8302025,1434168,1262848
small-dup,incremental,min,spread,i-main,32,0,1,0.199439892,1.23427295,1.887037,0.22846175,1.1109605,0.1699578,0.4521928333333333,1423896,1262848
small-dup,incremental,min,spread,i-scan,32,0,2,0.135902703,0.16241255000000002,1.1669363333333334,0.1673176,1.268648,0.16846095,0.8111083333333333,1554996,1262848
small-dup,incremental,min,spread,i-endpoint,32,0,3,0.150685791,0.17497605,1.7687438333333334,0.16595645,1.0138138333333333,0.1651435,0.9682415000000001,1386536,1262848
small-dup,incremental,min,spread,i-hier,32,0,4,0.33053206,3.68728615,2.796282833333333,0.25815425000000003,1.5033659999999998,0.17728285,0.9228728333333334,1644912,1262848
small-dup,incremental,min,spread,i-custom,32,0,5,0.163606026,4.6928769,0.6734121666666667,0.1603892,0.48841616666666665,0.1593131,0.3650521666666667,1835092,1262848
small-dup,incremental,min,spread,i-main,32,1,0,0.163266342,0.50305515,1.7332486666666667,0.24415575,1.1156836666666667,0.16757070000000002,0.41485733333333336,1440280,1262848
small-dup,incremental,min,spread,i-scan,32,1,1,0.13132333,0.18056115,1.2978821666666667,0.16725030000000002,0.9531145,0.17585409999999999,0.9876918333333333,1354272,1262848
small-dup,incremental,min,spread,i-endpoint,32,1,2,0.2101571,0.17765725000000002,1.1819526666666667,0.33029825,0.880707,0.1776957,1.0355273333333332,1388584,1262848
small-dup,incremental,min,spread,i-hier,32,1,3,0.197458229,0.2771832,2.4323378333333334,0.25374925,1.4767481666666666,0.3229104,0.8215034999999999,1493040,1262848
small-dup,incremental,min,spread,i-custom,32,1,4,0.151913414,0.16419255,0.6739364999999999,0.1598364,0.5054751666666667,0.1607219,1.1221664999999998,1828948,1262848
small-dup,incremental,min,spread,i-runtime,32,1,5,0.232696634,0.20615365,1.7473653333333334,0.16392465,1.2592251666666667,0.18194680000000002,1.1905215,1488952,1262848
small-dup,incremental,min,spread,i-scan,32,2,0,0.131745873,0.18193874999999998,1.2084491666666666,0.1639933,1.2972481666666666,0.16606455,1.6988306666666668,1380388,1262848
small-dup,incremental,min,spread,i-endpoint,32,2,1,0.137592155,0.19354965,1.6502088333333333,0.4093731500000001,1.1422461666666666,0.16787445,1.0240033333333334,1376808,1262848
small-dup,incremental,min,spread,i-hier,32,2,2,0.328575512,3.63090075,2.759789833333333,0.24812025,1.7769093333333332,0.1746088,1.0395513333333333,1477980,1262848
small-dup,incremental,min,spread,i-custom,32,2,3,0.180390997,5.5931607,10.102133833333333,0.18615605,1.278945,0.15078545000000002,0.36669016666666665,1802324,1262848
small-dup,incremental,min,spread,i-runtime,32,2,4,0.233745361,6.200666249999999,9.535575833333334,2.94773835,0.9126431666666667,0.17467605,0.8287915,1417264,1262848
small-dup,incremental,min,spread,i-main,32,2,5,0.160519563,0.2875,1.9655381666666667,0.32658845,1.224617,0.2690612,0.4243881666666667,1409048,1262848
small-dup,incremental,min,spread,i-endpoint,32,3,0,0.183729256,0.17795155,1.1966946666666667,0.16567305000000002,1.3232835,0.173724,0.9104041666666666,1374756,1262848
small-dup,incremental,min,spread,i-hier,32,3,1,0.199693661,0.26236525,2.2164273333333333,0.26026720000000003,1.7964056666666668,0.1787621,0.691294,1507884,1262848
small-dup,incremental,min,spread,i-custom,32,3,2,0.136810394,0.16372314999999998,0.6355696666666667,0.1611671,0.5424243333333333,0.15775999999999998,0.3777066666666667,1834068,1262848
small-dup,incremental,min,spread,i-runtime,32,3,3,0.172728223,0.16975795,1.807837,0.15646935,0.9532988333333333,0.16600365,0.8886826666666666,1490484,1262848
small-dup,incremental,min,spread,i-main,32,3,4,0.179620753,0.27611519999999995,1.5269365,0.23701350000000004,1.3822248333333336,0.1644476,0.4697453333333333,1430040,1262848
small-dup,incremental,min,spread,i-scan,32,3,5,0.21620673,4.850519,9.522871499999999,4.6965422,10.070877833333332,4.99259505,10.071566833333334,1350700,1262848
small-dup,incremental,min,spread,i-hier,32,4,0,0.32268311,7.5500158,15.535374166666665,7.5438085,13.567464,5.66804405,0.7675386666666667,1493040,1262848
small-dup,incremental,min,spread,i-custom,32,4,1,0.131383099,0.17064249999999997,0.696363,0.15664335000000001,0.49571633333333326,0.15903214999999998,0.34176066666666666,1827412,1262848
small-dup,incremental,min,spread,i-runtime,32,4,2,0.143642533,0.18052315,1.246855,0.16431695,0.9260293333333335,0.16797195,0.7849054999999999,1413172,1262848
small-dup,incremental,min,spread,i-main,32,4,3,0.270208739,8.14881505,14.530818000000002,7.80331935,1.1946800000000002,0.16784295,0.47999016666666666,1441816,1262848
small-dup,incremental,min,spread,i-scan,32,4,4,0.182351698,0.18528725,1.58709,0.1628498,1.0748486666666668,0.15588439999999998,0.8143408333333334,1370156,1262848
small-dup,incremental,min,spread,i-endpoint,32,4,5,0.183131425,0.41433255,1.2127763333333335,0.16501525,0.9423095,0.1720824,1.1569158333333334,1339944,1262848
small-dup,incremental,max,spread,i-custom,32,-1,0,0.189793985,0.16883379999999998,0.7299358333333333,0.16292915,0.5187015,0.16363685,0.3476455,1833044,1262848
small-dup,incremental,max,spread,i-runtime,32,-1,1,0.231504702,5.2982723499999995,6.526639166666666,0.17077965,0.919383,0.1635464,1.130403,1372204,1262848
small-dup,incremental,max,spread,i-main,32,-1,2,0.185959973,0.2772995,4.6852893333333325,0.23475865,1.127645,0.16382180000000002,0.4573061666666666,1427480,1262848
small-dup,incremental,max,spread,i-scan,32,-1,3,0.169981253,0.17288505,1.2612443333333334,0.1644779,4.2459731666666665,0.1508232,0.8221871666666667,1372712,1262848
small-dup,incremental,max,spread,i-endpoint,32,-1,4,0.164839077,0.17929889999999998,1.1679098333333333,0.16573279999999999,0.8673491666666666,0.165008,0.9210181666666668,1372204,1262848
small-dup,incremental,max,spread,i-hier,32,-1,5,0.206965143,0.27487375,2.067038166666667,0.25273840000000003,1.4375018333333334,0.1733536,0.6746328333333333,1507376,1262848
small-dup,incremental,max,spread,i-runtime,32,0,0,0.148333587,0.1754167,1.7763313333333333,0.1647901,0.9370216666666668,0.15329425,0.8201471666666666,1472564,1262848
small-dup,incremental,max,spread,i-main,32,0,1,0.234553776,0.26844015,1.5569971666666664,0.23073269999999999,1.2598138333333333,0.15538695,0.4879996666666666,1427484,1262848
small-dup,incremental,max,spread,i-scan,32,0,2,0.207660495,4.8497544,9.532935,0.7094297,0.8906051666666666,0.16835665,0.7719706666666667,1357864,1262848
small-dup,incremental,max,spread,i-endpoint,32,0,3,0.164471877,0.17379419999999998,1.7725691666666668,0.16113835,1.2688323333333333,0.17966905,1.0989963333333332,1315364,1262848
small-dup,incremental,max,spread,i-hier,32,0,4,0.322350909,0.2721757,2.8807973333333337,0.24387765,1.9777261666666666,0.24337575,0.9332020000000001,1480748,1262848
small-dup,incremental,max,spread,i-custom,32,0,5,0.163595295,4.6922805,9.611577833333333,4.7462161,0.5410208333333333,0.15882325,0.39600566666666664,1845316,1262848
small-dup,incremental,max,spread,i-main,32,1,0,0.248079846,6.498387699999999,10.4145405,0.24260475,1.3743046666666665,0.17010034999999998,0.48746249999999997,1546284,1262848
small-dup,incremental,max,spread,i-scan,32,1,1,0.215940993,4.8461137,1.5462028333333333,0.15966344999999998,1.9033666666666667,0.1779058,1.0649375,1372580,1262848
small-dup,incremental,max,spread,i-endpoint,32,1,2,0.166060111,0.1839823,1.559838,0.1534634,1.136764,0.17648125,1.0460105,1374244,1262848
small-dup,incremental,max,spread,i-hier,32,1,3,0.325870752,6.05942735,2.9719883333333335,0.2418069,1.4009006666666668,0.16575465,0.7070046666666667,1505332,1262848
small-dup,incremental,max,spread,i-custom,32,1,4,0.137363681,0.17001655,0.6377269999999999,0.15416275,0.4606145,0.16175029999999999,0.3695123333333333,1813076,1262848
small-dup,incremental,max,spread,i-runtime,32,1,5,0.159588489,0.162826,1.7763638333333331,0.17349165,3.7958336666666668,0.167865,0.8529663333333333,1477176,1262848
small-dup,incremental,max,spread,i-scan,32,2,0,0.138686212,0.17641610000000002,1.5336341666666666,0.1619874,0.8761213333333333,0.1726133,0.8091011666666668,1378344,1262848
small-dup,incremental,max,spread,i-endpoint,32,2,1,0.213146427,0.1733397,1.2032251666666667,0.1594343,0.9021776666666668,0.1673261,0.7619986666666668,1331752,1262848
small-dup,incremental,max,spread,i-hier,32,2,2,0.260677167,0.2798163,2.7548456666666667,0.26616965000000004,1.6355783333333331,0.17875144999999998,0.6835006666666668,1527860,1262848
small-dup,incremental,max,spread,i-custom,32,2,3,0.132709562,0.16877415,0.6343121666666667,0.15800845,0.4702365,0.15613955000000002,0.385071,1798740,1262848
small-dup,incremental,max,spread,i-runtime,32,2,4,0.137874084,0.17805395,1.6983871666666666,0.17007505,0.9134958333333333,0.1517407,0.8489691666666667,1438260,1262848
small-dup,incremental,max,spread,i-main,32,2,5,0.264380086,0.26314375,1.5019788333333333,0.22629665000000002,1.1439651666666666,0.15673155,0.5342666666666667,1384980,1262848
small-dup,incremental,max,spread,i-endpoint,32,3,0,0.219002347,0.1971604,1.4883420000000003,0.16307545,1.7143398333333335,0.16391070000000002,0.7664269999999999,1366056,1262848
small-dup,incremental,max,spread,i-hier,32,3,1,0.197000324,0.27023375,2.0238438333333337,0.24884385,1.4094398333333336,0.17725645,0.8615911666666666,1499184,1262848
small-dup,incremental,max,spread,i-custom,32,3,2,0.160553986,0.15246965,0.64417,0.151373,0.47514166666666663,0.16140490000000002,0.3327585,1826384,1262848
small-dup,incremental,max,spread,i-runtime,32,3,3,0.241464913,0.8249014000000001,1.1983543333333333,0.16507515,0.9860503333333334,0.15676085,0.8233601666666667,1486900,1262848
small-dup,incremental,max,spread,i-main,32,3,4,0.262235445,4.84605345,12.533076833333332,0.45004685,1.1199226666666666,0.16603445,0.5300465,1450012,1262848
small-dup,incremental,max,spread,i-scan,32,3,5,0.128435728,0.17320665,1.2484038333333334,0.1643939,0.916853,0.17375084999999998,0.8211783333333335,1327144,1262848
small-dup,incremental,max,spread,i-hier,32,4,0,0.244325005,0.28145615,2.321053,0.25952605,1.5964835,0.1694451,0.6744615,1637744,1262848
small-dup,incremental,max,spread,i-custom,32,4,1,0.149052736,0.16845464999999998,0.6330653333333333,0.1659469,0.5084773333333333,0.15785825,0.37338166666666667,1802836,1262848
small-dup,incremental,max,spread,i-runtime,32,4,2,0.165548744,0.31058850000000005,1.7695568333333336,0.1696011,1.3304916666666669,0.1743634,1.1800406666666667,1466928,1262848
small-dup,incremental,max,spread,i-main,32,4,3,0.263566834,5.58483345,1.631312,0.233317,1.4376090000000001,0.16863805,0.509184,1417756,1262848
small-dup,incremental,max,spread,i-scan,32,4,4,0.127313429,0.17514729999999998,1.418336,0.1708277,0.8919681666666667,0.1691437,0.7975300000000001,1349672,1262848
small-dup,incremental,max,spread,i-endpoint,32,4,5,0.151997239,0.17505,1.1724143333333334,0.1729713,0.8521746666666666,0.1664467,0.8387300000000001,1337904,1262848
small-dup,incremental,sum,spread,i-custom,32,-1,0,0.176356866,1.1565868,0.6441131666666667,0.1581288,0.525865,0.1551938,0.4185473333333333,1810516,1525696
small-dup,incremental,sum,spread,i-runtime,32,-1,1,0.20061196,0.1692973,1.2326441666666665,0.17478805,1.1530863333333334,0.1723746,1.0999055,1456184,1525696
small-dup,incremental,sum,spread,i-main,32,-1,2,0.214768235,0.29063155,2.377686,0.4894076500000001,1.379190333333333,0.15032345,0.452625,1417752,1525696
small-dup,incremental,sum,spread,i-scan,32,-1,3,0.151209373,0.18187115,1.7647663333333332,0.17881645,1.5923100000000001,0.1655959,1.0826936666666667,1362472,1525696
small-dup,incremental,sum,spread,i-weights,32,-1,4,0.217580974,7.8462441499999995,13.620567833333332,7.2440282,13.126960833333333,5.1428187,45.121697833333336,1337364,1525696
small-dup,incremental,sum,spread,i-runtime,32,0,0,0.13926983,0.2081153,1.1857261666666667,0.16466665,1.5482953333333331,0.16595155,0.877709,1405492,1525696
small-dup,incremental,sum,spread,i-main,32,0,1,0.163870834,0.28735985,1.8988791666666665,0.25453725,1.8169156666666666,0.15744515,1.2927695000000001,1582436,1525696
small-dup,incremental,sum,spread,i-scan,32,0,2,0.162090529,0.1723965,1.7161663333333335,0.17089970000000002,1.2326336666666666,0.17626495,0.8206846666666667,1365036,1525696
small-dup,incremental,sum,spread,i-weights,32,0,3,0.141565255,0.27572175,1.1087616666666666,0.2375464,0.8378401666666667,0.1712413,0.5432991666666667,1323532,1525696
small-dup,incremental,sum,spread,i-custom,32,0,4,0.134399089,0.16168525,0.6046471666666667,0.15319195000000002,0.5008421666666667,0.14091304999999998,0.3867856666666667,1836628,1525696
small-dup,incremental,sum,spread,i-main,32,1,0,0.262352461,7.69956215,8.592758666666667,0.2506897,1.6390103333333332,0.16152,0.475406,1460560,1525696
small-dup,incremental,sum,spread,i-scan,32,1,1,0.149859879,0.17891834999999998,1.2056820000000001,0.16406159999999997,1.112567,0.16463935000000002,0.8455495000000001,1305120,1525696
small-dup,incremental,sum,spread,i-weights,32,1,2,0.195162453,6.9412664500000005,1.2774978333333333,0.24876669999999995,0.9314446666666667,0.1657805,0.549969,1302540,1525696
small-dup,incremental,sum,spread,i-custom,32,1,3,0.156805546,0.16342255,0.7332803333333334,0.16254380000000002,0.5659245,0.1599311,0.3684026666666667,1892952,1525696
small-dup,incremental,sum,spread,i-runtime,32,1,4,0.17000501,0.1837007,1.8563406666666664,0.17458535000000003,1.5822013333333331,0.17281765,1.0932351666666666,1462328,1525696
small-dup,incremental,sum,spread,i-scan,32,2,0,0.185927632,0.1770008,1.1775338333333334,0.1747787,1.0951445,0.16550295,0.8147783333333334,1372196,1525696
small-dup,incremental,sum,spread,i-weights,32,2,1,0.14660756,0.28247300000000003,1.0260226666666667,0.23932950000000003,0.7398473333333334,0.15289195,0.477532,1329676,1525696
small-dup,incremental,sum,spread,i-custom,32,2,2,0.186597063,2.709846,0.7426375,0.1659756,0.5746915,0.16582385,10.041659666666666,1820748,1525696
small-dup,incremental,sum,spread,i-runtime,32,2,3,0.16102529,0.18201915,1.7300070000000003,0.1637635,1.4850336666666666,0.15381695,1.1152981666666666,1430064,1525696
small-dup,incremental,sum,spread,i-main,32,2,4,0.220796166,0.47875275000000006,1.541356333333333,0.24399105000000004,1.8499615,0.166441,0.46889000000000003,1415192,1525696
small-dup,incremental,sum,spread,i-weights,32,3,0,0.207316018,0.2587622,1.1194426666666666,0.24261865,0.8135973333333332,0.15588395,0.473154,1335824,1525696
small-dup,incremental,sum,spread,i-custom,32,3,1,0.186522552,0.18887,0.6452128333333332,0.16001045,0.47246866666666665,0.15433135,0.38934050000000003,1854040,1525696
small-dup,incremental,sum,spread,i-runtime,32,3,2,0.164414214,0.1894075,1.8586146666666667,0.18297995,1.9359195,0.17729265,1.0684731666666667,1489972,1525696
small-dup,incremental,sum,spread,i-main,32,3,3,0.260759882,8.1495471,12.532733833333332,8.345728249999999,14.058943833333332,9.638807000000002,1.6263246666666669,1446428,1525696
small-dup,incremental,sum,spread,i-scan,32,3,4,0.145679341,0.17250155,1.404954,0.1543821,1.0379031666666665,0.16960725000000001,0.7888061666666667,1362472,1525696
small-dup,incremental,sum,spread,i-custom,32,4,0,0.137770443,0.17017235,0.6708950000000001,0.16528125,0.5578048333333333,0.1617593,0.4384345,1836624,1525696
small-dup,incremental,sum,spread,i-runtime,32,4,1,0.237305336,5.1506408,9.534602833333333,5.1438329,9.546634333333333,4.99384065,10.0750125,1458228,1525696
small-dup,incremental,sum,spread,i-main,32,4,2,0.184690771,0.2846228,2.3623801666666666,0.24353195000000002,1.8819165,0.35347684999999995,0.466992,1431580,1525696
small-dup,incremental,sum,spread,i-scan,32,4,3,0.217232578,4.999799,9.537935833333334,1.50252805,1.5411450000000002,0.17272285,1.00633,1361960,1525696
small-dup,incremental,sum,spread,i-weights,32,4,4,0.225863119,5.5299368,1.0219828333333332,0.23511740000000003,0.8059295,0.16811459999999998,0.46356099999999995,1312780,1525696
small-dup,incremental,count,spread,i-custom,32,-1,0,0.137833016,0.16723190000000002,0.6293783333333333,0.1580891,0.49009400000000003,0.15868354999999998,0.37331849999999994,1876048,1525696
small-dup,incremental,count,spread,i-runtime,32,-1,1,0.141007838,0.1734273,1.8205859999999998,0.16961195,1.1014801666666665,0.17080935000000003,0.8105828333333333,1397296,1525696
small-dup,incremental,count,spread,i-main,32,-1,2,0.254280978,0.30399385,2.381368833333333,0.25859065000000003,1.8324176666666665,0.1815739,0.5300055,1443868,1525696
small-dup,incremental,count,spread,i-scan,32,-1,3,0.143039989,0.17436385000000001,1.721062833333333,0.18568294999999999,1.5844198333333332,0.1744742,1.1547051666666668,1376808,1525696
small-dup,incremental,count,spread,i-weights,32,-1,4,0.150206985,0.49301500000000004,1.280071,0.24345920000000004,0.948865,0.16874675,0.5365038333333333,1383752,1525696
small-dup,incremental,count,spread,i-runtime,32,0,0,0.240606524,5.1496864,9.369834166666667,5.29336555,1.4988478333333335,0.1718329,1.0579353333333332,1430068,1525696
small-dup,incremental,count,spread,i-main,32,0,1,0.181983746,0.511706,1.5409249999999999,0.24244119999999997,1.3139396666666667,0.1535879,0.5055961666666667,1425944,1525696
small-dup,incremental,count,spread,i-scan,32,0,2,0.184936792,0.16461485,1.1973986666666667,0.16468860000000002,1.5238731666666665,0.16217855,0.9794223333333334,1368100,1525696
small-dup,incremental,count,spread,i-weights,32,0,3,0.198485975,0.27274545,1.2310638333333332,0.2432261,0.7483259999999999,0.16386475,0.4694125,1385796,1525696
small-dup,incremental,count,spread,i-custom,32,0,4,0.138334558,0.1717262,0.7065435,0.16097999999999998,0.784067,0.19539779999999998,0.3764701666666666,1878612,1525696
small-dup,incremental,count,spread,i-main,32,1,0,0.243764188,0.28022715,3.2121473333333337,0.24826010000000004,1.6412988333333336,0.14909604999999998,0.4666763333333333,1419800,1525696
small-dup,incremental,count,spread,i-scan,32,1,1,0.143382516,0.1759048,1.7248903333333334,0.1729932,1.5738658333333333,0.17196965,1.092354,1300512,1525696
small-dup,incremental,count,spread,i-weights,32,1,2,0.151894514,0.28258135,1.321067,0.2419743,0.9267161666666666,0.17862335000000001,0.5177633333333332,1339920,1525696
small-dup,incremental,count,spread,i-custom,32,1,3,0.149553234,0.16797315,0.6312233333333334,0.1553638,0.46348233333333333,0.15801445,0.36921833333333326,1868372,1525696
small-dup,incremental,count,spread,i-runtime,32,1,4,0.138496855,0.16573205,1.8249501666666665,0.17252835,1.0793951666666666,0.1695337,0.7957353333333334,1434668,1525696
small-dup,incremental,count,spread,i-scan,32,2,0,0.202962331,0.16328194999999998,1.2278295000000001,0.17517675,1.0938678333333332,0.1719199,0.8113791666666667,1364520,1525696
small-dup,incremental,count,spread,i-weights,32,2,1,0.215799924,6.3506215500000005,12.616091333333335,0.23849905000000002,0.7822686666666666,0.16645320000000002,0.47341533333333335,1384468,1525696
small-dup,incremental,count,spread,i-custom,32,2,2,0.16646609,4.84423405,6.203292666666666,0.16552745,0.5090944999999999,0.15961185,0.3704806666666667,1819080,1525696
small-dup,incremental,count,spread,i-runtime,32,2,3,0.14368941,0.18088575,1.2489356666666667,0.1703918,1.142775,0.1640852,0.7515873333333333,1458744,1525696
small-dup,incremental,count,spread,i-main,32,2,4,0.198713812,0.28401204999999996,1.5176271666666665,0.24779619999999997,1.3362913333333333,0.1657519,0.4952705,1411604,1525696
small-dup,incremental,count,spread,i-weights,32,3,0,0.136861616,0.28012940000000003,1.0383004999999998,0.23918655000000003,0.7967006666666666,0.30502655,0.4891358333333333,1337872,1525696
small-dup,incremental,count,spread,i-custom,32,3,1,0.137388171,0.1661832,0.7642993333333332,0.15211840000000001,0.5417651666666666,0.18540879999999998,0.4258398333333333,1835092,1525696
small-dup,incremental,count,spread,i-runtime,32,3,2,0.164073098,0.18439935000000002,1.8269293333333334,0.17312645000000002,1.5912678333333332,0.18161175000000002,1.122775,1478196,1525696
small-dup,incremental,count,spread,i-main,32,3,3,0.188873134,0.30158680000000004,2.3228035,0.24321924999999997,1.7849903333333332,0.1711723,0.5280095,1419288,1525696
small-dup,incremental,count,spread,i-scan,32,3,4,0.192353285,0.1759269,1.1565981666666667,0.15464850000000002,1.0945913333333335,0.16770505,1.1251568333333333,1368108,1525696
small-dup,incremental,count,spread,i-custom,32,4,0,0.161342098,4.8418689,0.647153,0.15792635,0.4986465,0.1632816,0.39638783333333333,1849428,1525696
small-dup,incremental,count,spread,i-runtime,32,4,1,0.234903526,4.8522982,9.532054166666667,5.1440109,9.546206,4.8440689,9.577381833333334,1425968,1525696
small-dup,incremental,count,spread,i-main,32,4,2,0.257395454,7.9889725,13.198293333333332,1.1067394,1.3397611666666667,0.1644244,0.46488333333333337,1458204,1525696
small-dup,incremental,count,spread,i-scan,32,4,3,0.214299042,4.998150900000001,9.866874333333334,0.1984656,1.0828181666666667,0.17346035,1.6893388333333332,1376296,1525696
small-dup,incremental,count,spread,i-weights,32,4,4,0.14398105,0.27591825000000003,1.006667,0.27633145,0.8032095,0.17298134999999998,0.47230483333333334,1364496,1525696
large-dup,incremental,min,spread,i-custom,32,-1,0,0.128871533,0.16344940000000002,0.31156883333333335,0.16347989999999998,0.287854,0.16074405,0.8319223333333333,1841744,20704
large-dup,incremental,min,spread,i-runtime,32,-1,1,0.153427649,0.23384814999999998,2.5486386666666667,0.48726745000000005,1.9431911666666666,0.23676065,1.9371383333333334,1237512,20704
large-dup,incremental,min,spread,i-main,32,-1,2,0.24636886,0.3505162,3.0466878333333334,0.3163721,3.1754798333333336,0.1715946,0.30358666666666667,1372176,20704
large-dup,incremental,min,spread,i-scan,32,-1,3,0.210200925,4.8387853,7.033019500000001,4.989594800000001,7.039635666666666,5.13739605,7.175890333333334,1180152,20704
large-dup,incremental,min,spread,i-endpoint,32,-1,4,0.207492839,5.28654865,9.535643499999999,4.6897159,7.704334833333333,0.26118665,1.9885168333333334,1149432,20704
large-dup,incremental,min,spread,i-hier,32,-1,5,0.149466891,0.3100447,0.8281916666666667,0.24864685,0.5996721666666667,0.1740505,0.35907666666666666,1321996,20704
large-dup,incremental,min,spread,i-runtime,32,0,0,0.182224946,0.24743874999999999,2.900028166666667,0.24385620000000002,2.9956096666666667,0.26301885,3.0243591666666667,1254916,20704
large-dup,incremental,min,spread,i-main,32,0,1,0.243989997,4.30439945,2.0905711666666664,0.3038982,2.6454653333333336,0.17622359999999998,0.308908,1349648,20704
large-dup,incremental,min,spread,i-scan,32,0,2,0.202758554,1.9772568,2.9938545,0.23578825,1.9283456666666667,0.23447515000000002,1.9281988333333333,1163248,20704
large-dup,incremental,min,spread,i-endpoint,32,0,3,0.14254669,0.23688764999999998,1.8390235,0.21580095,3.1477128333333333,0.22896685,1.9600786666666667,1103848,20704
large-dup,incremental,min,spread,i-hier,32,0,4,0.197699129,0.29405760000000003,0.8066893333333334,0.25919645,0.6805838333333333,0.175529,0.3383061666666667,1335312,20704
large-dup,incremental,min,spread,i-custom,32,0,5,0.186313694,4.99131905,7.138519666666667,4.9932586,0.2724881666666667,0.15905685,0.2929295,1860184,20704
large-dup,incremental,min,spread,i-main,32,1,0,0.1540208,0.33083375,4.090409666666667,0.28288055,2.1659658333333334,0.1679208,0.3138043333333333,1352208,20704
large-dup,incremental,min,spread,i-scan,32,1,1,0.123992326,0.22055694999999997,2.4848118333333336,0.24205725,2.3907321666666665,0.2284641,1.9280035,1180660,20704
large-dup,incremental,min,spread,i-endpoint,32,1,2,0.171009108,0.23038770000000003,1.8306173333333335,0.22800149999999997,2.662389166666667,0.24893985000000002,2.6557475000000004,1152500,20704
large-dup,incremental,min,spread,i-hier,32,1,3,0.222090349,0.3030628,0.6684576666666667,0.26064885,0.5833625,0.1707976,0.32250983333333333,1315328,20704
large-dup,incremental,min,spread,i-custom,32,1,4,0.179402109,4.99100085,7.6359915,5.442997849999999,7.139774500000001,3.72933145,0.29330416666666664,1835600,20704
large-dup,incremental,min,spread,i-runtime,32,1,5,0.221748344,4.6878582,8.701656666666667,4.83361315,8.043827166666667,4.8378746,7.017738833333333,1266188,20704
large-dup,incremental,min,spread,i-scan,32,2,0,0.202394906,4.9876613,7.031594166666667,4.8347102500000005,7.546624333333334,5.53720895,2.7990193333333337,1128432,20704
large-dup,incremental,min,spread,i-endpoint,32,2,1,0.191281098,2.68571195,1.8372330000000001,0.49008514999999997,2.732079,0.2665137,1.8696141666666666,1142664,20704
large-dup,incremental,min,spread,i-hier,32,2,2,0.14743663,0.29615325000000003,0.7373281666666666,0.26308195,0.68305,0.17677855,0.36253633333333335,1308676,20704
large-dup,incremental,min,spread,i-custom,32,2,3,0.131722277,0.16937905000000003,0.3286293333333334,0.38700545000000003,0.274471,0.15604040000000002,0.28577033333333335,1847888,20704
large-dup,incremental,min,spread,i-runtime,32,2,4,0.135513401,0.25502959999999997,2.3096631666666667,0.47359645000000006,2.8394033333333333,0.24719164999999998,2.008917,1323528,20704
large-dup,incremental,min,spread,i-main,32,2,5,0.180214831,0.3384128,1.9875235,0.31011825,2.564710333333333,0.1705749,0.29979733333333336,1363980,20704
large-dup,incremental,min,spread,i-endpoint,32,3,0,0.18616501,0.2392175,1.8301628333333333,0.22212644999999998,1.8650485,0.24422715,1.8662281666666667,1156596,20704
large-dup,incremental,min,spread,i-hier,32,3,1,0.193270399,0.30962674999999995,0.8283028333333333,0.2498621,0.5770473333333334,0.1760921,0.3351009999999999,1284108,20704
large-dup,incremental,min,spread,i-custom,32,3,2,0.148931595,0.1676534,0.3291868333333333,0.15942014999999998,0.31109916666666665,0.1626989,1.0028596666666667,1891936,20704
large-dup,incremental,min,spread,i-runtime,32,3,3,0.225903691,0.7542968,2.6617266666666666,0.47555705000000004,1.9667823333333334,0.2448836,1.9350906666666667,1247236,20704
large-dup,incremental,min,spread,i-main,32,3,4,0.225114893,0.35449635,2.477374333333333,0.29964844999999996,2.0450086666666665,0.1771039,0.3030526666666667,1376784,20704
large-dup,incremental,min,spread,i-scan,32,3,5,0.18098589,0.23816725,2.685527,0.23007345000000004,1.832842333333333,0.26029095,2.9151875,1102316,20704
large-dup,incremental,min,spread,i-hier,32,4,0,0.203970566,9.1868389,12.604775666666667,7.38817395,12.1191325,4.6889670500000005,6.626968833333333,1282060,20704
large-dup,incremental,min,spread,i-custom,32,4,1,0.132319698,0.17095549999999998,0.31679983333333334,0.164989,0.2325303333333333,0.16257925,0.27692583333333337,1825364,20704
large-dup,incremental,min,spread,i-runtime,32,4,2,0.136786491,0.27803239999999996,2.3924451666666666,0.23240435,2.4605778333333332,0.2606037,2.048849833333333,1256968,20704
large-dup,incremental,min,spread,i-main,32,4,3,0.198099341,0.35266155,2.6916276666666668,0.3095732,2.1427039999999997,0.1763987,0.3150251666666667,1384976,20704
large-dup,incremental,min,spread,i-scan,32,4,4,0.124164079,0.23403044999999997,1.8004926666666667,0.22160385000000002,1.8687041666666666,0.24371750000000003,2.3682718333333335,1181684,20704
large-dup,incremental,min,spread,i-endpoint,32,4,5,0.201458706,4.98922315,7.032246166666667,4.936324000000001,7.546527,4.5372629,7.5325025,1132528,20704
large-dup,incremental,max,spread,i-custom,32,-1,0,0.163382996,0.17470544999999998,0.3304235,0.15077855,0.304319,0.16464525000000002,0.28592466666666666,1864280,20704
large-dup,incremental,max,spread,i-runtime,32,-1,1,0.22189543,6.3392838000000005,8.699084833333332,4.305325699999999,1.88387,0.25654879999999997,2.9036086666666665,1234956,20704
large-dup,incremental,max,spread,i-main,32,-1,2,0.155763973,0.3402632,3.121558666666667,0.30159425,2.048633166666667,0.17526835000000002,0.29280599999999996,1393176,20704
large-dup,incremental,max,spread,i-scan,32,-1,3,0.125564939,0.23227984999999998,2.719643166666667,0.2490754,1.8830391666666666,0.2276124,1.9502821666666668,1165808,20704
large-dup,incremental,max,spread,i-endpoint,32,-1,4,0.122201561,0.22835204999999997,2.7938191666666667,0.23865054999999996,2.4326848333333335,0.46500734999999993,1.8992571666666667,1155052,20704
large-dup,incremental,max,spread,i-hier,32,-1,5,0.150929074,0.296655,0.7888186666666667,0.28073635,0.37303533333333333,0.17404455,0.36593099999999995,1292804,20704
large-dup,incremental,max,spread,i-runtime,32,0,0,0.175789277,0.34632525000000003,2.5502888333333336,0.2172449,1.9087176666666668,0.24555615,2.665112166666667,1266176,20704
large-dup,incremental,max,spread,i-main,32,0,1,0.256728104,7.08552885,11.041608833333335,6.31554625,2.6748765,0.16622900000000002,1.1499198333333334,1366540,20704
large-dup,incremental,max,spread,i-scan,32,0,2,0.205720922,2.0192866,2.6726198333333335,0.24837539999999997,1.9818888333333335,0.2724484,2.0247848333333334,1136628,20704
large-dup,incremental,max,spread,i-endpoint,32,0,3,0.128298649,0.5028865,1.9353253333333333,0.23049995,1.8705991666666666,0.24657855,1.9408375,1151472,20704
large-dup,incremental,max,spread,i-hier,32,0,4,0.151952583,0.30323485,0.624158,0.17293625,0.35024866666666665,0.17054324999999998,0.33752566666666667,1319436,20704
large-dup,incremental,max,spread,i-custom,32,0,5,0.126612735,0.17758749999999998,0.33126916666666667,0.161433,0.29578350000000003,0.1693416,0.8419708333333333,1794640,20704
large-dup,incremental,max,spread,i-main,32,1,0,0.149625753,0.33850455,2.154053166666667,0.3064515,2.7000846666666667,0.16824855,0.25382866666666665,1387020,20704
large-dup,incremental,max,spread,i-scan,32,1,1,0.140981024,0.2383228,3.871426166666667,0.2244456,1.8950501666666666,0.25081475,2.5895794999999997,1204204,20704
large-dup,incremental,max,spread,i-endpoint,32,1,2,0.166719019,3.0827925,2.9331869999999998,0.2335083,2.463727,0.24320625,2.003305,1102320,20704
large-dup,incremental,max,spread,i-hier,32,1,3,0.191252513,1.31279725,0.6739998333333334,0.184588,0.3796915,0.17414035,0.3217328333333333,1282564,20704
large-dup,incremental,max,spread,i-custom,32,1,4,0.173400626,4.992502,7.135641499999999,3.8861616000000003,0.30039066666666664,0.14846295,0.30078266666666664,1783884,20704
large-dup,incremental,max,spread,i-runtime,32,1,5,0.222890236,0.23257855000000002,1.866488333333333,0.22817925,1.8980526666666668,0.22672155000000002,2.6254743333333335,1333256,20704
large-dup,incremental,max,spread,i-scan,32,2,0,0.154444173,0.2347051,1.9659281666666668,0.22124085,5.188834666666667,0.25238259999999996,2.5093241666666666,1104356,20704
large-dup,incremental,max,spread,i-endpoint,32,2,1,0.157705971,0.23756095,1.8626986666666667,0.22861309999999996,2.2769293333333334,0.24640625000000002,1.9355586666666669,1163752,20704
large-dup,incremental,max,spread,i-hier,32,2,2,0.235427934,4.5846898,0.8263655,0.17373829999999998,0.3640668333333333,0.17722405,0.3312125,1236996,20704
large-dup,incremental,max,spread,i-custom,32,2,3,0.191712441,5.442507600000001,7.137914666666666,4.6935466,7.3350645000000005,0.16832075000000002,0.2832095,1820748,20704
large-dup,incremental,max,spread,i-runtime,32,2,4,0.219603678,4.465951850000001,1.9383003333333333,0.25098885,1.8748975,0.23933095,2.8228188333333333,1249284,20704
large-dup,incremental,max,spread,i-main,32,2,5,0.250279661,4.45369385,1.9632103333333335,0.3129184,2.7347843333333333,0.16035475000000002,0.28047799999999995,1380848,20704
large-dup,incremental,max,spread,i-endpoint,32,3,0,0.123757798,0.23803155,2.0224865,0.23656200000000002,2.7709724999999996,0.24145770000000005,2.5229811666666664,1173488,20704
large-dup,incremental,max,spread,i-hier,32,3,1,0.155992278,0.2939007,0.6380741666666667,0.1567665,0.3253781666666667,0.17211005000000001,0.33462449999999994,1358344,20704
large-dup,incremental,max,spread,i-custom,32,3,2,0.128705516,0.1631188,0.2970818333333333,0.144629,0.27352000000000004,0.1552985,0.28995333333333334,1865820,20704
large-dup,incremental,max,spread,i-runtime,32,3,3,0.13308213,0.23197995000000002,2.1284535,0.25318755,2.107535,0.2427237,2.1356235,1277448,20704
large-dup,incremental,max,spread,i-main,32,3,4,0.220849231,0.34111520000000006,2.0262135000000003,0.30457555,2.9069361666666667,0.16775774999999998,0.29543800000000003,1395212,20704
large-dup,incremental,max,spread,i-scan,32,3,5,0.125216659,0.21850035,1.8489484999999999,0.21140790000000004,2.9784566666666663,0.25944575,1.9548266666666667,1196024,20704
large-dup,incremental,max,spread,i-hier,32,4,0,0.150334527,0.30704220000000004,0.7997796666666667,0.1667333,0.35025483333333335,0.18014635,0.3445125,1261576,20704
large-dup,incremental,max,spread,i-custom,32,4,1,0.130559659,0.17844185,0.31832900000000003,0.1560252,1.0700026666666667,0.3996769,0.2642391666666667,1825364,20704
large-dup,incremental,max,spread,i-runtime,32,4,2,0.137909294,0.22951275,2.6680718333333338,0.2264171,7.197832666666667,2.8067603500000002,2.066828166666667,1327112,20704
large-dup,incremental,max,spread,i-main,32,4,3,0.250143977,6.491183100000001,10.539579833333333,7.839163500000001,11.199449166666668,5.5902692499999995,7.6331245,1388564,20704
large-dup,incremental,max,spread,i-scan,32,4,4,0.201492642,4.83906685,7.539302999999999,4.8344341,8.037872166666666,0.29186910000000005,2.9944283333333335,1077228,20704
large-dup,incremental,max,spread,i-endpoint,32,4,5,0.208722868,1.6900848499999999,1.8258281666666667,0.22797224999999996,2.466826,0.49669264999999996,2.8549201666666666,1079788,20704
large-dup,incremental,sum,spread,i-custom,32,-1,0,0.134873988,0.16631305000000002,0.25798916666666666,0.3373563,0.28001016666666667,0.15903185,0.286107,1788488,37408
large-dup,incremental,sum,spread,i-runtime,32,-1,1,0.135550246,0.25176545,1.8768618333333336,0.2355476,2.0298026666666664,0.23888659999999998,2.0946906666666667,1258500,37408
large-dup,incremental,sum,spread,i-main,32,-1,2,0.260772834,3.7251753,3.1487110000000005,0.30820654999999997,3.192743333333333,0.17662275,0.30090883333333335,1359884,37408
large-dup,incremental,sum,spread,i-scan,32,-1,3,0.142854981,0.24196040000000002,3.7477145000000003,0.24248410000000004,2.108267833333333,0.35268564999999996,1.980253,1178096,37408
large-dup,incremental,sum,spread,i-weights,32,-1,4,0.145720908,0.287941,0.4519336666666667,0.22327645000000002,0.40235350000000003,0.16853790000000002,0.2851743333333333,1348108,37408
large-dup,incremental,sum,spread,i-runtime,32,0,0,0.219506357,0.27624535,2.805592666666666,0.2547135,2.8771873333333335,0.2702563,2.9243004999999997,1330696,37408
large-dup,incremental,sum,spread,i-main,32,0,1,0.253261678,3.2071150000000004,11.874280333333333,5.0033665,2.9759975,0.1712438,0.304803,1372688,37408
large-dup,incremental,sum,spread,i-scan,32,0,2,0.181933468,0.2295556,3.089913166666667,0.24410954999999998,3.045819,0.28115809999999997,1.8837971666666666,1102320,37408
large-dup,incremental,sum,spread,i-weights,32,0,3,0.235955379,0.3459833,0.47045833333333337,0.2207033,0.3777281666666666,0.16968370000000002,0.2765033333333333,1309200,37408
large-dup,incremental,sum,spread,i-custom,32,0,4,0.178142888,4.89215905,8.138726,1.45161455,0.2899375,0.16556825000000003,0.2727465,1870424,37408
large-dup,incremental,sum,spread,i-main,32,1,0,0.16442471,6.5370424,2.5792625,0.30358315,2.825512,0.17684994999999998,0.2948123333333333,1362448,37408
large-dup,incremental,sum,spread,i-scan,32,1,1,0.12741374,0.22944900000000001,2.5352035,0.24050909999999998,1.9718734999999998,0.24802629999999998,1.9451108333333333,1124340,37408
large-dup,incremental,sum,spread,i-weights,32,1,2,0.161967486,0.2784579,0.43217749999999994,0.23178094999999996,0.6420258333333333,0.1692173,0.2957768333333333,1361940,37408
large-dup,incremental,sum,spread,i-custom,32,1,3,0.134901642,0.1538543,0.29879833333333333,0.16218815000000003,0.26028199999999996,0.15784555,0.27516816666666666,1892952,37408
large-dup,incremental,sum,spread,i-runtime,32,1,4,0.137203045,0.2410699,2.6274713333333337,0.2352208,1.8866403333333333,0.23703175,2.1037443333333337,1335308,37408
large-dup,incremental,sum,spread,i-scan,32,2,0,0.207636175,0.6032517000000001,2.0312145,0.23436160000000003,2.0130185000000003,0.23131184999999999,2.507845,1118704,37408
large-dup,incremental,sum,spread,i-weights,32,2,1,0.149246858,0.28634685,0.45277216666666664,0.23371860000000005,0.4006166666666666,0.1730753,1.0990271666666667,1356300,37408
large-dup,incremental,sum,spread,i-custom,32,2,2,0.172886496,5.74243765,0.3857278333333333,4.75779475,7.139397333333332,4.69306245,0.3735631666666666,1846860,37408
large-dup,incremental,sum,spread,i-runtime,32,2,3,0.225639951,5.73847455,7.0310965,0.24734355000000002,2.7704383333333333,0.24528420000000004,2.3043178333333336,1191424,37408
large-dup,incremental,sum,spread,i-main,32,2,4,0.155648581,0.3347247,2.215799,0.2986266,3.757906,0.32790060000000004,1.0640405000000002,1362448,37408
large-dup,incremental,sum,spread,i-weights,32,3,0,0.145118398,0.27940125,0.44348866666666664,0.24582945,0.4033913333333334,0.4029623000000001,0.29727333333333333,1337364,37408
large-dup,incremental,sum,spread,i-custom,32,3,1,0.139445087,0.16088335,0.294807,0.15589530000000001,0.2874771666666667,0.15500785,0.27612933333333334,1824852,37408
large-dup,incremental,sum,spread,i-runtime,32,3,2,0.132892122,0.24712119999999999,1.853397,0.23530365,1.9033566666666666,0.25055575,2.7567475,1282052,37408
large-dup,incremental,sum,spread,i-main,32,3,3,0.204396396,0.596827,2.0539815,0.29276665,3.8904866666666664,0.1762335,0.30923083333333334,1390100,37408
large-dup,incremental,sum,spread,i-scan,32,3,4,0.199574869,0.2343792,1.9302163333333333,0.25407254999999995,2.0618260000000004,0.25830175,2.7874836666666667,1106420,37408
large-dup,incremental,sum,spread,i-custom,32,4,0,0.136826656,0.16689935,0.3163798333333333,0.15603915,0.300339,0.16081209999999999,0.22892416666666668,1884764,37408
large-dup,incremental,sum,spread,i-runtime,32,4,1,0.140994656,0.25672395,1.824896833333333,0.22607805,1.9847386666666667,0.28695075000000003,1.9329811666666668,1280012,37408
large-dup,incremental,sum,spread,i-main,32,4,2,0.204772088,0.5640004,2.334578833333333,0.30254725000000005,2.6258548333333334,0.17340125,0.25126,1388560,37408
large-dup,incremental,sum,spread,i-scan,32,4,3,0.194586885,0.2364824,1.8868256666666665,0.23123770000000002,3.0168338333333335,0.27383625,2.135002666666667,1124852,37408
large-dup,incremental,sum,spread,i-weights,32,4,4,0.213448919,0.2907366,0.4253876666666667,0.23470249999999998,0.42365516666666664,0.1720949,0.3040813333333333,1318924,37408
large-dup,incremental,count,spread,i-custom,32,-1,0,0.143090459,0.1742805,0.2947895,0.1627718,0.2926003333333333,0.15791550000000001,0.26782266666666665,1927260,37408
large-dup,incremental,count,spread,i-runtime,32,-1,1,0.148722111,0.23970409999999998,1.8664604999999999,0.22685665,2.5111413333333332,0.37680555,1.9230683333333334,1268236,37408
large-dup,incremental,count,spread,i-main,32,-1,2,0.228348705,0.32141454999999997,3.5881265,0.29733675,2.097096,0.1724401,0.30506833333333333,1394188,37408
large-dup,incremental,count,spread,i-scan,32,-1,3,0.120761808,0.28270365000000003,1.8808396666666667,0.23956024999999997,2.3709478333333336,0.25712795,1.9087143333333334,1157104,37408
large-dup,incremental,count,spread,i-weights,32,-1,4,0.159090245,0.29759805000000006,0.4713258333333334,0.238329,0.42282183333333334,0.16633005,0.26127700000000004,1290248,37408
large-dup,incremental,count,spread,i-runtime,32,0,0,0.148204031,0.26058945,2.8616619999999995,0.2504423,3.014677333333333,0.5052644,2.964405166666666,1458720,37408
large-dup,incremental,count,spread,i-main,32,0,1,0.253426227,7.834699550000001,12.7037275,0.33473644999999996,3.247852333333333,0.17784070000000002,0.3063805,1366028,37408
large-dup,incremental,count,spread,i-scan,32,0,2,0.180097951,0.25067205000000004,2.8991741666666666,0.2523229,2.840353166666667,0.26709,2.9581020000000002,1153520,37408
large-dup,incremental,count,spread,i-weights,32,0,3,0.183735159,0.28334645,0.45167183333333333,0.23568414999999998,0.412898,0.16935229999999998,0.3123645,1319432,37408
large-dup,incremental,count,spread,i-custom,32,0,4,0.1818744,5.0415966,7.138879666666667,1.0592215,0.3055913333333333,0.16943724999999998,0.3010675,1880664,37408
large-dup,incremental,count,spread,i-main,32,1,0,0.203058047,0.3591545,2.1104685,0.3096924,2.5206234999999997,0.1775031,0.31256433333333333,1366544,37408
large-dup,incremental,count,spread,i-scan,32,1,1,0.205211752,5.5897004,1.9345558333333333,0.23193935,2.0031258333333333,0.24754349999999997,1.9811925,1073644,37408
large-dup,incremental,count,spread,i-weights,32,1,2,0.214756571,6.4550316,0.4715241666666667,0.24024864999999998,0.43597083333333336,0.17606525,0.30724033333333334,1325580,37408
large-dup,incremental,count,spread,i-custom,32,1,3,0.163572222,1.3138600500000002,1.0542208333333332,0.16493235,0.29844933333333334,0.14822575,0.27507133333333333,1833556,37408
large-dup,incremental,count,spread,i-runtime,32,1,4,0.169032668,0.24826225000000002,1.8515819999999998,0.23331620000000003,1.9044493333333332,0.24396325000000002,2.0668593333333334,1267212,37408
large-dup,incremental,count,spread,i-scan,32,2,0,0.184756433,0.23498609999999998,1.8114403333333333,0.22871825,3.032227666666666,0.24014800000000003,2.6065276666666666,1173496,37408
large-dup,incremental,count,spread,i-weights,32,2,1,0.15562765,0.28114835,0.46452133333333334,0.22925204999999999,0.714204,0.16781574999999999,0.2921433333333333,1296400,37408
large-dup,incremental,count,spread,i-custom,32,2,2,0.162285498,0.19789120000000002,0.3108923333333333,0.16558165,0.3059753333333333,0.1734897,0.2879333333333333,1960544,37408
large-dup,incremental,count,spread,i-runtime,32,2,3,0.217568308,6.3385098499999994,9.532020666666666,6.48836225,8.041743166666667,0.3251537,2.946370833333333,1257476,37408
large-dup,incremental,count,spread,i-main,32,2,4,0.252914548,7.3389501,14.69204,7.9841859,10.543587833333333,0.20117375,0.3245226666666667,1378832,37408
large-dup,incremental,count,spread,i-weights,32,3,0,0.221946229,0.28318794999999997,0.47431766666666664,0.46568044999999997,1.2072483333333335,0.15923775,0.30299366666666666,1353228,37408
large-dup,incremental,count,spread,i-custom,32,3,1,0.141599121,0.15459099999999998,0.283182,0.15941225,0.29488566666666666,0.16368275,2.9688464999999997,1841740,37408
large-dup,incremental,count,spread,i-runtime,32,3,2,0.219264629,6.04045215,8.195536833333334,4.8332437,7.043130833333334,0.38746424999999995,2.9722140000000006,1265676,37408
large-dup,incremental,count,spread,i-main,32,3,3,0.255851371,6.0399343000000005,11.202345999999999,0.3073778,2.6594493333333333,0.15915435,0.253666,1384980,37408
large-dup,incremental,count,spread,i-scan,32,3,4,0.158840872,0.22734194999999996,1.9813578333333333,0.23345140000000003,1.8807038333333332,3.7682011500000003,2.2025506666666668,1198076,37408
large-dup,incremental,count,spread,i-custom,32,4,0,0.18507302,1.0099189,1.1589321666666665,0.15923865,0.295442,0.1610012,0.2710861666666667,1839700,37408
large-dup,incremental,count,spread,i-runtime,32,4,1,0.172369319,0.22079339999999997,2.023077,0.25506324999999996,1.9717335,0.2449471,2.0052961666666667,1300492,37408
large-dup,incremental,count,spread,i-main,32,4,2,0.245861432,0.34386095,2.0093623333333333,0.30086470000000004,5.268527499999999,0.1776482,0.30693716666666665,1396752,37408
large-dup,incremental,count,spread,i-scan,32,4,3,0.207454834,4.9905904,8.532690333333333,5.1346501,4.616294833333334,0.3692175,5.841682333333332,1081836,37408
large-dup,incremental,count,spread,i-weights,32,4,4,0.233756501,5.061450499999999,0.5045933333333333,0.2488274,0.4364501666666667,0.1819235,0.31048916666666665,1325580,37408
