Variant,Kind,Signature,Total_s,PeakRss_MB,RunsSucceeded,vs_Default,SemanticPreserve
default,default,"r0=0,1,2,3;r1=0,1,2,3;r2=0,1,2;r3=0,1,2;r4=0,1,2;r5=0,1,2;r6=0,1,2,3;r7=0,1,2;r8=0,1,2;r9=0,1,2;r10=0,1,2,3;r11=0,1,2,3;r12=0,1,2;r13=0,1,2,3,4,5;r14=0,1,2,3,4;r15=0,1,2;r16=0,1,2,3,4;r17=0,1,2;r18=0,1,2;r19=0,1,2;r20=0,1,2;r21=0,1,2;r22=0,1,2,3,4;r23=0,1,2,3,4,5,6,7;r24=0,1,2,3,4,5,6,7;r25=0,1,2,3;r26=0,1,2;r27=0,1,2,3,4,5,6,7,8;r28=0,1,2,3;r29=0,1,2;r30=0,1,2,3,4,5,6,7;r31=0,1,2,3,4,5,6,7;r32=0,1,2,3,4,5;r33=0,1,2,3,4,5;r34=0,1,2,3,4,5",3.168097621,2213.21,3,1.000000,match
ablation_r0_p01,ablation,"r0=0,1,3,2;r1=0,1,2,3;r2=0,1,2;r3=0,1,2;r4=0,1,2;r5=0,1,2;r6=0,1,2,3;r7=0,1,2;r8=0,1,2;r9=0,1,2;r10=0,1,2,3;r11=0,1,2,3;r12=0,1,2;r13=0,1,2,3,4,5;r14=0,1,2,3,4;r15=0,1,2;r16=0,1,2,3,4;r17=0,1,2;r18=0,1,2;r19=0,1,2;r20=0,1,2;r21=0,1,2;r22=0,1,2,3,4;r23=0,1,2,3,4,5,6,7;r24=0,1,2,3,4,5,6,7;r25=0,1,2,3;r26=0,1,2;r27=0,1,2,3,4,5,6,7,8;r28=0,1,2,3;r29=0,1,2;r30=0,1,2,3,4,5,6,7;r31=0,1,2,3,4,5,6,7;r32=0,1,2,3,4,5;r33=0,1,2,3,4,5;r34=0,1,2,3,4,5",3.022103254,2211.38,3,0.953917,match
ablation_r0_p02,ablation,"r0=0,2,1,3;r1=0,1,2,3;r2=0,1,2;r3=0,1,2;r4=0,1,2;r5=0,1,2;r6=0,1,2,3;r7=0,1,2;r8=0,1,2;r9=0,1,2;r10=0,1,2,3;r11=0,1,2,3;r12=0,1,2;r13=0,1,2,3,4,5;r14=0,1,2,3,4;r15=0,1,2;r16=0,1,2,3,4;r17=0,1,2;r18=0,1,2;r19=0,1,2;r20=0,1,2;r21=0,1,2;r22=0,1,2,3,4;r23=0,1,2,3,4,5,6,7;r24=0,1,2,3,4,5,6,7;r25=0,1,2,3;r26=0,1,2;r27=0,1,2,3,4,5,6,7,8;r28=0,1,2,3;r29=0,1,2;r30=0,1,2,3,4,5,6,7;r31=0,1,2,3,4,5,6,7;r32=0,1,2,3,4,5;r33=0,1,2,3,4,5;r34=0,1,2,3,4,5",3.148302567,2202.53,3,0.993752,match
ablation_r0_p03,ablation,"r0=0,2,3,1;r1=0,1,2,3;r2=0,1,2;r3=0,1,2;r4=0,1,2;r5=0,1,2;r6=0,1,2,3;r7=0,1,2;r8=0,1,2;r9=0,1,2;r10=0,1,2,3;r11=0,1,2,3;r12=0,1,2;r13=0,1,2,3,4,5;r14=0,1,2,3,4;r15=0,1,2;r16=0,1,2,3,4;r17=0,1,2;r18=0,1,2;r19=0,1,2;r20=0,1,2;r21=0,1,2;r22=0,1,2,3,4;r23=0,1,2,3,4,5,6,7;r24=0,1,2,3,4,5,6,7;r25=0,1,2,3;r26=0,1,2;r27=0,1,2,3,4,5,6,7,8;r28=0,1,2,3;r29=0,1,2;r30=0,1,2,3,4,5,6,7;r31=0,1,2,3,4,5,6,7;r32=0,1,2,3,4,5;r33=0,1,2,3,4,5;r34=0,1,2,3,4,5",3.183566814,2188.51,3,1.004883,match
ablation_r0_p04,ablation,"r0=0,3,1,2;r1=0,1,2,3;r2=0,1,2;r3=0,1,2;r4=0,1,2;r5=0,1,2;r6=0,1,2,3;r7=0,1,2;r8=0,1,2;r9=0,1,2;r10=0,1,2,3;r11=0,1,2,3;r12=0,1,2;r13=0,1,2,3,4,5;r14=0,1,2,3,4;r15=0,1,2;r16=0,1,2,3,4;r17=0,1,2;r18=0,1,2;r19=0,1,2;r20=0,1,2;r21=0,1,2;r22=0,1,2,3,4;r23=0,1,2,3,4,5,6,7;r24=0,1,2,3,4,5,6,7;r25=0,1,2,3;r26=0,1,2;r27=0,1,2,3,4,5,6,7,8;r28=0,1,2,3;r29=0,1,2;r30=0,1,2,3,4,5,6,7;r31=0,1,2,3,4,5,6,7;r32=0,1,2,3,4,5;r33=0,1,2,3,4,5;r34=0,1,2,3,4,5",3.164042599,2177.67,3,0.998720,match
ablation_r0_p05,ablation,"r0=0,3,2,1;r1=0,1,2,3;r2=0,1,2;r3=0,1,2;r4=0,1,2;r5=0,1,2;r6=0,1,2,3;r7=0,1,2;r8=0,1,2;r9=0,1,2;r10=0,1,2,3;r11=0,1,2,3;r12=0,1,2;r13=0,1,2,3,4,5;r14=0,1,2,3,4;r15=0,1,2;r16=0,1,2,3,4;r17=0,1,2;r18=0,1,2;r19=0,1,2;r20=0,1,2;r21=0,1,2;r22=0,1,2,3,4;r23=0,1,2,3,4,5,6,7;r24=0,1,2,3,4,5,6,7;r25=0,1,2,3;r26=0,1,2;r27=0,1,2,3,4,5,6,7,8;r28=0,1,2,3;r29=0,1,2;r30=0,1,2,3,4,5,6,7;r31=0,1,2,3,4,5,6,7;r32=0,1,2,3,4,5;r33=0,1,2,3,4,5;r34=0,1,2,3,4,5",3.122174151,2191.41,3,0.985504,match
ablation_r0_p06,ablation,"r0=1,2,0,3;r1=0,1,2,3;r2=0,1,2;r3=0,1,2;r4=0,1,2;r5=0,1,2;r6=0,1,2,3;r7=0,1,2;r8=0,1,2;r9=0,1,2;r10=0,1,2,3;r11=0,1,2,3;r12=0,1,2;r13=0,1,2,3,4,5;r14=0,1,2,3,4;r15=0,1,2;r16=0,1,2,3,4;r17=0,1,2;r18=0,1,2;r19=0,1,2;r20=0,1,2;r21=0,1,2;r22=0,1,2,3,4;r23=0,1,2,3,4,5,6,7;r24=0,1,2,3,4,5,6,7;r25=0,1,2,3;r26=0,1,2;r27=0,1,2,3,4,5,6,7,8;r28=0,1,2,3;r29=0,1,2;r30=0,1,2,3,4,5,6,7;r31=0,1,2,3,4,5,6,7;r32=0,1,2,3,4,5;r33=0,1,2,3,4,5;r34=0,1,2,3,4,5",3.096660851,2194.32,3,0.977451,match
ablation_r0_p07,ablation,"r0=1,2,3,0;r1=0,1,2,3;r2=0,1,2;r3=0,1,2;r4=0,1,2;r5=0,1,2;r6=0,1,2,3;r7=0,1,2;r8=0,1,2;r9=0,1,2;r10=0,1,2,3;r11=0,1,2,3;r12=0,1,2;r13=0,1,2,3,4,5;r14=0,1,2,3,4;r15=0,1,2;r16=0,1,2,3,4;r17=0,1,2;r18=0,1,2;r19=0,1,2;r20=0,1,2;r21=0,1,2;r22=0,1,2,3,4;r23=0,1,2,3,4,5,6,7;r24=0,1,2,3,4,5,6,7;r25=0,1,2,3;r26=0,1,2;r27=0,1,2,3,4,5,6,7,8;r28=0,1,2,3;r29=0,1,2;r30=0,1,2,3,4,5,6,7;r31=0,1,2,3,4,5,6,7;r32=0,1,2,3,4,5;r33=0,1,2,3,4,5;r34=0,1,2,3,4,5",3.198333885,2190.50,3,1.009544,match
ablation_r0_p08,ablation,"r0=1,3,0,2;r1=0,1,2,3;r2=0,1,2;r3=0,1,2;r4=0,1,2;r5=0,1,2;r6=0,1,2,3;r7=0,1,2;r8=0,1,2;r9=0,1,2;r10=0,1,2,3;r11=0,1,2,3;r12=0,1,2;r13=0,1,2,3,4,5;r14=0,1,2,3,4;r15=0,1,2;r16=0,1,2,3,4;r17=0,1,2;r18=0,1,2;r19=0,1,2;r20=0,1,2;r21=0,1,2;r22=0,1,2,3,4;r23=0,1,2,3,4,5,6,7;r24=0,1,2,3,4,5,6,7;r25=0,1,2,3;r26=0,1,2;r27=0,1,2,3,4,5,6,7,8;r28=0,1,2,3;r29=0,1,2;r30=0,1,2,3,4,5,6,7;r31=0,1,2,3,4,5,6,7;r32=0,1,2,3,4,5;r33=0,1,2,3,4,5;r34=0,1,2,3,4,5",3.091421517,2184.62,3,0.975797,match
ablation_r0_p09,ablation,"r0=1,3,2,0;r1=0,1,2,3;r2=0,1,2;r3=0,1,2;r4=0,1,2;r5=0,1,2;r6=0,1,2,3;r7=0,1,2;r8=0,1,2;r9=0,1,2;r10=0,1,2,3;r11=0,1,2,3;r12=0,1,2;r13=0,1,2,3,4,5;r14=0,1,2,3,4;r15=0,1,2;r16=0,1,2,3,4;r17=0,1,2;r18=0,1,2;r19=0,1,2;r20=0,1,2;r21=0,1,2;r22=0,1,2,3,4;r23=0,1,2,3,4,5,6,7;r24=0,1,2,3,4,5,6,7;r25=0,1,2,3;r26=0,1,2;r27=0,1,2,3,4,5,6,7,8;r28=0,1,2,3;r29=0,1,2;r30=0,1,2,3,4,5,6,7;r31=0,1,2,3,4,5,6,7;r32=0,1,2,3,4,5;r33=0,1,2,3,4,5;r34=0,1,2,3,4,5",3.104712635,2194.36,3,0.979993,match
ablation_r0_p10,ablation,"r0=2,3,0,1;r1=0,1,2,3;r2=0,1,2;r3=0,1,2;r4=0,1,2;r5=0,1,2;r6=0,1,2,3;r7=0,1,2;r8=0,1,2;r9=0,1,2;r10=0,1,2,3;r11=0,1,2,3;r12=0,1,2;r13=0,1,2,3,4,5;r14=0,1,2,3,4;r15=0,1,2;r16=0,1,2,3,4;r17=0,1,2;r18=0,1,2;r19=0,1,2;r20=0,1,2;r21=0,1,2;r22=0,1,2,3,4;r23=0,1,2,3,4,5,6,7;r24=0,1,2,3,4,5,6,7;r25=0,1,2,3;r26=0,1,2;r27=0,1,2,3,4,5,6,7,8;r28=0,1,2,3;r29=0,1,2;r30=0,1,2,3,4,5,6,7;r31=0,1,2,3,4,5,6,7;r32=0,1,2,3,4,5;r33=0,1,2,3,4,5;r34=0,1,2,3,4,5",3.150805068,2209.74,3,0.994542,match
ablation_r0_p11,ablation,"r0=2,3,1,0;r1=0,1,2,3;r2=0,1,2;r3=0,1,2;r4=0,1,2;r5=0,1,2;r6=0,1,2,3;r7=0,1,2;r8=0,1,2;r9=0,1,2;r10=0,1,2,3;r11=0,1,2,3;r12=0,1,2;r13=0,1,2,3,4,5;r14=0,1,2,3,4;r15=0,1,2;r16=0,1,2,3,4;r17=0,1,2;r18=0,1,2;r19=0,1,2;r20=0,1,2;r21=0,1,2;r22=0,1,2,3,4;r23=0,1,2,3,4,5,6,7;r24=0,1,2,3,4,5,6,7;r25=0,1,2,3;r26=0,1,2;r27=0,1,2,3,4,5,6,7,8;r28=0,1,2,3;r29=0,1,2;r30=0,1,2,3,4,5,6,7;r31=0,1,2,3,4,5,6,7;r32=0,1,2,3,4,5;r33=0,1,2,3,4,5;r34=0,1,2,3,4,5",3.108310139,2236.82,3,0.981128,match
ablation_r1_p01,ablation,"r0=0,1,2,3;r1=0,1,3,2;r2=0,1,2;r3=0,1,2;r4=0,1,2;r5=0,1,2;r6=0,1,2,3;r7=0,1,2;r8=0,1,2;r9=0,1,2;r10=0,1,2,3;r11=0,1,2,3;r12=0,1,2;r13=0,1,2,3,4,5;r14=0,1,2,3,4;r15=0,1,2;r16=0,1,2,3,4;r17=0,1,2;r18=0,1,2;r19=0,1,2;r20=0,1,2;r21=0,1,2;r22=0,1,2,3,4;r23=0,1,2,3,4,5,6,7;r24=0,1,2,3,4,5,6,7;r25=0,1,2,3;r26=0,1,2;r27=0,1,2,3,4,5,6,7,8;r28=0,1,2,3;r29=0,1,2;r30=0,1,2,3,4,5,6,7;r31=0,1,2,3,4,5,6,7;r32=0,1,2,3,4,5;r33=0,1,2,3,4,5;r34=0,1,2,3,4,5",3.127112568,2194.34,3,0.987063,match
ablation_r1_p02,ablation,"r0=0,1,2,3;r1=0,2,1,3;r2=0,1,2;r3=0,1,2;r4=0,1,2;r5=0,1,2;r6=0,1,2,3;r7=0,1,2;r8=0,1,2;r9=0,1,2;r10=0,1,2,3;r11=0,1,2,3;r12=0,1,2;r13=0,1,2,3,4,5;r14=0,1,2,3,4;r15=0,1,2;r16=0,1,2,3,4;r17=0,1,2;r18=0,1,2;r19=0,1,2;r20=0,1,2;r21=0,1,2;r22=0,1,2,3,4;r23=0,1,2,3,4,5,6,7;r24=0,1,2,3,4,5,6,7;r25=0,1,2,3;r26=0,1,2;r27=0,1,2,3,4,5,6,7,8;r28=0,1,2,3;r29=0,1,2;r30=0,1,2,3,4,5,6,7;r31=0,1,2,3,4,5,6,7;r32=0,1,2,3,4,5;r33=0,1,2,3,4,5;r34=0,1,2,3,4,5",3.117983380,2172.69,3,0.984182,match
ablation_r1_p03,ablation,"r0=0,1,2,3;r1=0,2,3,1;r2=0,1,2;r3=0,1,2;r4=0,1,2;r5=0,1,2;r6=0,1,2,3;r7=0,1,2;r8=0,1,2;r9=0,1,2;r10=0,1,2,3;r11=0,1,2,3;r12=0,1,2;r13=0,1,2,3,4,5;r14=0,1,2,3,4;r15=0,1,2;r16=0,1,2,3,4;r17=0,1,2;r18=0,1,2;r19=0,1,2;r20=0,1,2;r21=0,1,2;r22=0,1,2,3,4;r23=0,1,2,3,4,5,6,7;r24=0,1,2,3,4,5,6,7;r25=0,1,2,3;r26=0,1,2;r27=0,1,2,3,4,5,6,7,8;r28=0,1,2,3;r29=0,1,2;r30=0,1,2,3,4,5,6,7;r31=0,1,2,3,4,5,6,7;r32=0,1,2,3,4,5;r33=0,1,2,3,4,5;r34=0,1,2,3,4,5",3.252105746,2148.56,3,1.026517,match
ablation_r1_p04,ablation,"r0=0,1,2,3;r1=0,3,1,2;r2=0,1,2;r3=0,1,2;r4=0,1,2;r5=0,1,2;r6=0,1,2,3;r7=0,1,2;r8=0,1,2;r9=0,1,2;r10=0,1,2,3;r11=0,1,2,3;r12=0,1,2;r13=0,1,2,3,4,5;r14=0,1,2,3,4;r15=0,1,2;r16=0,1,2,3,4;r17=0,1,2;r18=0,1,2;r19=0,1,2;r20=0,1,2;r21=0,1,2;r22=0,1,2,3,4;r23=0,1,2,3,4,5,6,7;r24=0,1,2,3,4,5,6,7;r25=0,1,2,3;r26=0,1,2;r27=0,1,2,3,4,5,6,7,8;r28=0,1,2,3;r29=0,1,2;r30=0,1,2,3,4,5,6,7;r31=0,1,2,3,4,5,6,7;r32=0,1,2,3,4,5;r33=0,1,2,3,4,5;r34=0,1,2,3,4,5",3.085482605,2176.11,3,0.973923,match
ablation_r1_p05,ablation,"r0=0,1,2,3;r1=0,3,2,1;r2=0,1,2;r3=0,1,2;r4=0,1,2;r5=0,1,2;r6=0,1,2,3;r7=0,1,2;r8=0,1,2;r9=0,1,2;r10=0,1,2,3;r11=0,1,2,3;r12=0,1,2;r13=0,1,2,3,4,5;r14=0,1,2,3,4;r15=0,1,2;r16=0,1,2,3,4;r17=0,1,2;r18=0,1,2;r19=0,1,2;r20=0,1,2;r21=0,1,2;r22=0,1,2,3,4;r23=0,1,2,3,4,5,6,7;r24=0,1,2,3,4,5,6,7;r25=0,1,2,3;r26=0,1,2;r27=0,1,2,3,4,5,6,7,8;r28=0,1,2,3;r29=0,1,2;r30=0,1,2,3,4,5,6,7;r31=0,1,2,3,4,5,6,7;r32=0,1,2,3,4,5;r33=0,1,2,3,4,5;r34=0,1,2,3,4,5",3.218738064,2178.36,3,1.015984,match
ablation_r1_p06,ablation,"r0=0,1,2,3;r1=1,2,0,3;r2=0,1,2;r3=0,1,2;r4=0,1,2;r5=0,1,2;r6=0,1,2,3;r7=0,1,2;r8=0,1,2;r9=0,1,2;r10=0,1,2,3;r11=0,1,2,3;r12=0,1,2;r13=0,1,2,3,4,5;r14=0,1,2,3,4;r15=0,1,2;r16=0,1,2,3,4;r17=0,1,2;r18=0,1,2;r19=0,1,2;r20=0,1,2;r21=0,1,2;r22=0,1,2,3,4;r23=0,1,2,3,4,5,6,7;r24=0,1,2,3,4,5,6,7;r25=0,1,2,3;r26=0,1,2;r27=0,1,2,3,4,5,6,7,8;r28=0,1,2,3;r29=0,1,2;r30=0,1,2,3,4,5,6,7;r31=0,1,2,3,4,5,6,7;r32=0,1,2,3,4,5;r33=0,1,2,3,4,5;r34=0,1,2,3,4,5",3.025518310,2202.89,3,0.954995,match
ablation_r1_p07,ablation,"r0=0,1,2,3;r1=1,2,3,0;r2=0,1,2;r3=0,1,2;r4=0,1,2;r5=0,1,2;r6=0,1,2,3;r7=0,1,2;r8=0,1,2;r9=0,1,2;r10=0,1,2,3;r11=0,1,2,3;r12=0,1,2;r13=0,1,2,3,4,5;r14=0,1,2,3,4;r15=0,1,2;r16=0,1,2,3,4;r17=0,1,2;r18=0,1,2;r19=0,1,2;r20=0,1,2;r21=0,1,2;r22=0,1,2,3,4;r23=0,1,2,3,4,5,6,7;r24=0,1,2,3,4,5,6,7;r25=0,1,2,3;r26=0,1,2;r27=0,1,2,3,4,5,6,7,8;r28=0,1,2,3;r29=0,1,2;r30=0,1,2,3,4,5,6,7;r31=0,1,2,3,4,5,6,7;r32=0,1,2,3,4,5;r33=0,1,2,3,4,5;r34=0,1,2,3,4,5",3.143000318,2197.66,3,0.992078,match
ablation_r1_p08,ablation,"r0=0,1,2,3;r1=1,3,0,2;r2=0,1,2;r3=0,1,2;r4=0,1,2;r5=0,1,2;r6=0,1,2,3;r7=0,1,2;r8=0,1,2;r9=0,1,2;r10=0,1,2,3;r11=0,1,2,3;r12=0,1,2;r13=0,1,2,3,4,5;r14=0,1,2,3,4;r15=0,1,2;r16=0,1,2,3,4;r17=0,1,2;r18=0,1,2;r19=0,1,2;r20=0,1,2;r21=0,1,2;r22=0,1,2,3,4;r23=0,1,2,3,4,5,6,7;r24=0,1,2,3,4,5,6,7;r25=0,1,2,3;r26=0,1,2;r27=0,1,2,3,4,5,6,7,8;r28=0,1,2,3;r29=0,1,2;r30=0,1,2,3,4,5,6,7;r31=0,1,2,3,4,5,6,7;r32=0,1,2,3,4,5;r33=0,1,2,3,4,5;r34=0,1,2,3,4,5",3.246724976,2206.56,3,1.024818,match
ablation_r1_p09,ablation,"r0=0,1,2,3;r1=1,3,2,0;r2=0,1,2;r3=0,1,2;r4=0,1,2;r5=0,1,2;r6=0,1,2,3;r7=0,1,2;r8=0,1,2;r9=0,1,2;r10=0,1,2,3;r11=0,1,2,3;r12=0,1,2;r13=0,1,2,3,4,5;r14=0,1,2,3,4;r15=0,1,2;r16=0,1,2,3,4;r17=0,1,2;r18=0,1,2;r19=0,1,2;r20=0,1,2;r21=0,1,2;r22=0,1,2,3,4;r23=0,1,2,3,4,5,6,7;r24=0,1,2,3,4,5,6,7;r25=0,1,2,3;r26=0,1,2;r27=0,1,2,3,4,5,6,7,8;r28=0,1,2,3;r29=0,1,2;r30=0,1,2,3,4,5,6,7;r31=0,1,2,3,4,5,6,7;r32=0,1,2,3,4,5;r33=0,1,2,3,4,5;r34=0,1,2,3,4,5",3.139363626,2203.69,3,0.990930,match
ablation_r1_p10,ablation,"r0=0,1,2,3;r1=2,3,0,1;r2=0,1,2;r3=0,1,2;r4=0,1,2;r5=0,1,2;r6=0,1,2,3;r7=0,1,2;r8=0,1,2;r9=0,1,2;r10=0,1,2,3;r11=0,1,2,3;r12=0,1,2;r13=0,1,2,3,4,5;r14=0,1,2,3,4;r15=0,1,2;r16=0,1,2,3,4;r17=0,1,2;r18=0,1,2;r19=0,1,2;r20=0,1,2;r21=0,1,2;r22=0,1,2,3,4;r23=0,1,2,3,4,5,6,7;r24=0,1,2,3,4,5,6,7;r25=0,1,2,3;r26=0,1,2;r27=0,1,2,3,4,5,6,7,8;r28=0,1,2,3;r29=0,1,2;r30=0,1,2,3,4,5,6,7;r31=0,1,2,3,4,5,6,7;r32=0,1,2,3,4,5;r33=0,1,2,3,4,5;r34=0,1,2,3,4,5",3.263328137,2185.52,3,1.030059,match
ablation_r1_p11,ablation,"r0=0,1,2,3;r1=2,3,1,0;r2=0,1,2;r3=0,1,2;r4=0,1,2;r5=0,1,2;r6=0,1,2,3;r7=0,1,2;r8=0,1,2;r9=0,1,2;r10=0,1,2,3;r11=0,1,2,3;r12=0,1,2;r13=0,1,2,3,4,5;r14=0,1,2,3,4;r15=0,1,2;r16=0,1,2,3,4;r17=0,1,2;r18=0,1,2;r19=0,1,2;r20=0,1,2;r21=0,1,2;r22=0,1,2,3,4;r23=0,1,2,3,4,5,6,7;r24=0,1,2,3,4,5,6,7;r25=0,1,2,3;r26=0,1,2;r27=0,1,2,3,4,5,6,7,8;r28=0,1,2,3;r29=0,1,2;r30=0,1,2,3,4,5,6,7;r31=0,1,2,3,4,5,6,7;r32=0,1,2,3,4,5;r33=0,1,2,3,4,5;r34=0,1,2,3,4,5",3.131306168,2162.68,3,0.988387,match
ablation_r2_p01,ablation,"r0=0,1,2,3;r1=0,1,2,3;r2=0,2,1;r3=0,1,2;r4=0,1,2;r5=0,1,2;r6=0,1,2,3;r7=0,1,2;r8=0,1,2;r9=0,1,2;r10=0,1,2,3;r11=0,1,2,3;r12=0,1,2;r13=0,1,2,3,4,5;r14=0,1,2,3,4;r15=0,1,2;r16=0,1,2,3,4;r17=0,1,2;r18=0,1,2;r19=0,1,2;r20=0,1,2;r21=0,1,2;r22=0,1,2,3,4;r23=0,1,2,3,4,5,6,7;r24=0,1,2,3,4,5,6,7;r25=0,1,2,3;r26=0,1,2;r27=0,1,2,3,4,5,6,7,8;r28=0,1,2,3;r29=0,1,2;r30=0,1,2,3,4,5,6,7;r31=0,1,2,3,4,5,6,7;r32=0,1,2,3,4,5;r33=0,1,2,3,4,5;r34=0,1,2,3,4,5",3.070462751,2170.86,3,0.969182,match
ablation_r2_p02,ablation,"r0=0,1,2,3;r1=0,1,2,3;r2=1,2,0;r3=0,1,2;r4=0,1,2;r5=0,1,2;r6=0,1,2,3;r7=0,1,2;r8=0,1,2;r9=0,1,2;r10=0,1,2,3;r11=0,1,2,3;r12=0,1,2;r13=0,1,2,3,4,5;r14=0,1,2,3,4;r15=0,1,2;r16=0,1,2,3,4;r17=0,1,2;r18=0,1,2;r19=0,1,2;r20=0,1,2;r21=0,1,2;r22=0,1,2,3,4;r23=0,1,2,3,4,5,6,7;r24=0,1,2,3,4,5,6,7;r25=0,1,2,3;r26=0,1,2;r27=0,1,2,3,4,5,6,7,8;r28=0,1,2,3;r29=0,1,2;r30=0,1,2,3,4,5,6,7;r31=0,1,2,3,4,5,6,7;r32=0,1,2,3,4,5;r33=0,1,2,3,4,5;r34=0,1,2,3,4,5",3.094865368,2178.34,3,0.976884,match
ablation_r3_p01,ablation,"r0=0,1,2,3;r1=0,1,2,3;r2=0,1,2;r3=0,2,1;r4=0,1,2;r5=0,1,2;r6=0,1,2,3;r7=0,1,2;r8=0,1,2;r9=0,1,2;r10=0,1,2,3;r11=0,1,2,3;r12=0,1,2;r13=0,1,2,3,4,5;r14=0,1,2,3,4;r15=0,1,2;r16=0,1,2,3,4;r17=0,1,2;r18=0,1,2;r19=0,1,2;r20=0,1,2;r21=0,1,2;r22=0,1,2,3,4;r23=0,1,2,3,4,5,6,7;r24=0,1,2,3,4,5,6,7;r25=0,1,2,3;r26=0,1,2;r27=0,1,2,3,4,5,6,7,8;r28=0,1,2,3;r29=0,1,2;r30=0,1,2,3,4,5,6,7;r31=0,1,2,3,4,5,6,7;r32=0,1,2,3,4,5;r33=0,1,2,3,4,5;r34=0,1,2,3,4,5",3.076459262,2192.14,3,0.971075,match
ablation_r3_p02,ablation,"r0=0,1,2,3;r1=0,1,2,3;r2=0,1,2;r3=1,2,0;r4=0,1,2;r5=0,1,2;r6=0,1,2,3;r7=0,1,2;r8=0,1,2;r9=0,1,2;r10=0,1,2,3;r11=0,1,2,3;r12=0,1,2;r13=0,1,2,3,4,5;r14=0,1,2,3,4;r15=0,1,2;r16=0,1,2,3,4;r17=0,1,2;r18=0,1,2;r19=0,1,2;r20=0,1,2;r21=0,1,2;r22=0,1,2,3,4;r23=0,1,2,3,4,5,6,7;r24=0,1,2,3,4,5,6,7;r25=0,1,2,3;r26=0,1,2;r27=0,1,2,3,4,5,6,7,8;r28=0,1,2,3;r29=0,1,2;r30=0,1,2,3,4,5,6,7;r31=0,1,2,3,4,5,6,7;r32=0,1,2,3,4,5;r33=0,1,2,3,4,5;r34=0,1,2,3,4,5",3.181936149,2170.58,3,1.004368,match
ablation_r4_p01,ablation,"r0=0,1,2,3;r1=0,1,2,3;r2=0,1,2;r3=0,1,2;r4=0,2,1;r5=0,1,2;r6=0,1,2,3;r7=0,1,2;r8=0,1,2;r9=0,1,2;r10=0,1,2,3;r11=0,1,2,3;r12=0,1,2;r13=0,1,2,3,4,5;r14=0,1,2,3,4;r15=0,1,2;r16=0,1,2,3,4;r17=0,1,2;r18=0,1,2;r19=0,1,2;r20=0,1,2;r21=0,1,2;r22=0,1,2,3,4;r23=0,1,2,3,4,5,6,7;r24=0,1,2,3,4,5,6,7;r25=0,1,2,3;r26=0,1,2;r27=0,1,2,3,4,5,6,7,8;r28=0,1,2,3;r29=0,1,2;r30=0,1,2,3,4,5,6,7;r31=0,1,2,3,4,5,6,7;r32=0,1,2,3,4,5;r33=0,1,2,3,4,5;r34=0,1,2,3,4,5",3.077150860,2204.04,3,0.971293,match
ablation_r4_p02,ablation,"r0=0,1,2,3;r1=0,1,2,3;r2=0,1,2;r3=0,1,2;r4=1,2,0;r5=0,1,2;r6=0,1,2,3;r7=0,1,2;r8=0,1,2;r9=0,1,2;r10=0,1,2,3;r11=0,1,2,3;r12=0,1,2;r13=0,1,2,3,4,5;r14=0,1,2,3,4;r15=0,1,2;r16=0,1,2,3,4;r17=0,1,2;r18=0,1,2;r19=0,1,2;r20=0,1,2;r21=0,1,2;r22=0,1,2,3,4;r23=0,1,2,3,4,5,6,7;r24=0,1,2,3,4,5,6,7;r25=0,1,2,3;r26=0,1,2;r27=0,1,2,3,4,5,6,7,8;r28=0,1,2,3;r29=0,1,2;r30=0,1,2,3,4,5,6,7;r31=0,1,2,3,4,5,6,7;r32=0,1,2,3,4,5;r33=0,1,2,3,4,5;r34=0,1,2,3,4,5",3.188753558,2205.76,3,1.006520,match
ablation_r5_p01,ablation,"r0=0,1,2,3;r1=0,1,2,3;r2=0,1,2;r3=0,1,2;r4=0,1,2;r5=0,2,1;r6=0,1,2,3;r7=0,1,2;r8=0,1,2;r9=0,1,2;r10=0,1,2,3;r11=0,1,2,3;r12=0,1,2;r13=0,1,2,3,4,5;r14=0,1,2,3,4;r15=0,1,2;r16=0,1,2,3,4;r17=0,1,2;r18=0,1,2;r19=0,1,2;r20=0,1,2;r21=0,1,2;r22=0,1,2,3,4;r23=0,1,2,3,4,5,6,7;r24=0,1,2,3,4,5,6,7;r25=0,1,2,3;r26=0,1,2;r27=0,1,2,3,4,5,6,7,8;r28=0,1,2,3;r29=0,1,2;r30=0,1,2,3,4,5,6,7;r31=0,1,2,3,4,5,6,7;r32=0,1,2,3,4,5;r33=0,1,2,3,4,5;r34=0,1,2,3,4,5",3.094772214,2157.71,3,0.976855,match
ablation_r5_p02,ablation,"r0=0,1,2,3;r1=0,1,2,3;r2=0,1,2;r3=0,1,2;r4=0,1,2;r5=1,2,0;r6=0,1,2,3;r7=0,1,2;r8=0,1,2;r9=0,1,2;r10=0,1,2,3;r11=0,1,2,3;r12=0,1,2;r13=0,1,2,3,4,5;r14=0,1,2,3,4;r15=0,1,2;r16=0,1,2,3,4;r17=0,1,2;r18=0,1,2;r19=0,1,2;r20=0,1,2;r21=0,1,2;r22=0,1,2,3,4;r23=0,1,2,3,4,5,6,7;r24=0,1,2,3,4,5,6,7;r25=0,1,2,3;r26=0,1,2;r27=0,1,2,3,4,5,6,7,8;r28=0,1,2,3;r29=0,1,2;r30=0,1,2,3,4,5,6,7;r31=0,1,2,3,4,5,6,7;r32=0,1,2,3,4,5;r33=0,1,2,3,4,5;r34=0,1,2,3,4,5",3.091909076,2172.47,3,0.975951,match
ablation_r6_p01,ablation,"r0=0,1,2,3;r1=0,1,2,3;r2=0,1,2;r3=0,1,2;r4=0,1,2;r5=0,1,2;r6=0,1,3,2;r7=0,1,2;r8=0,1,2;r9=0,1,2;r10=0,1,2,3;r11=0,1,2,3;r12=0,1,2;r13=0,1,2,3,4,5;r14=0,1,2,3,4;r15=0,1,2;r16=0,1,2,3,4;r17=0,1,2;r18=0,1,2;r19=0,1,2;r20=0,1,2;r21=0,1,2;r22=0,1,2,3,4;r23=0,1,2,3,4,5,6,7;r24=0,1,2,3,4,5,6,7;r25=0,1,2,3;r26=0,1,2;r27=0,1,2,3,4,5,6,7,8;r28=0,1,2,3;r29=0,1,2;r30=0,1,2,3,4,5,6,7;r31=0,1,2,3,4,5,6,7;r32=0,1,2,3,4,5;r33=0,1,2,3,4,5;r34=0,1,2,3,4,5",3.131471507,2156.64,3,0.988439,match
ablation_r6_p02,ablation,"r0=0,1,2,3;r1=0,1,2,3;r2=0,1,2;r3=0,1,2;r4=0,1,2;r5=0,1,2;r6=0,2,1,3;r7=0,1,2;r8=0,1,2;r9=0,1,2;r10=0,1,2,3;r11=0,1,2,3;r12=0,1,2;r13=0,1,2,3,4,5;r14=0,1,2,3,4;r15=0,1,2;r16=0,1,2,3,4;r17=0,1,2;r18=0,1,2;r19=0,1,2;r20=0,1,2;r21=0,1,2;r22=0,1,2,3,4;r23=0,1,2,3,4,5,6,7;r24=0,1,2,3,4,5,6,7;r25=0,1,2,3;r26=0,1,2;r27=0,1,2,3,4,5,6,7,8;r28=0,1,2,3;r29=0,1,2;r30=0,1,2,3,4,5,6,7;r31=0,1,2,3,4,5,6,7;r32=0,1,2,3,4,5;r33=0,1,2,3,4,5;r34=0,1,2,3,4,5",3.105395985,2203.82,3,0.980208,match
ablation_r6_p03,ablation,"r0=0,1,2,3;r1=0,1,2,3;r2=0,1,2;r3=0,1,2;r4=0,1,2;r5=0,1,2;r6=0,2,3,1;r7=0,1,2;r8=0,1,2;r9=0,1,2;r10=0,1,2,3;r11=0,1,2,3;r12=0,1,2;r13=0,1,2,3,4,5;r14=0,1,2,3,4;r15=0,1,2;r16=0,1,2,3,4;r17=0,1,2;r18=0,1,2;r19=0,1,2;r20=0,1,2;r21=0,1,2;r22=0,1,2,3,4;r23=0,1,2,3,4,5,6,7;r24=0,1,2,3,4,5,6,7;r25=0,1,2,3;r26=0,1,2;r27=0,1,2,3,4,5,6,7,8;r28=0,1,2,3;r29=0,1,2;r30=0,1,2,3,4,5,6,7;r31=0,1,2,3,4,5,6,7;r32=0,1,2,3,4,5;r33=0,1,2,3,4,5;r34=0,1,2,3,4,5",3.309737400,2199.04,3,1.044708,match
ablation_r6_p04,ablation,"r0=0,1,2,3;r1=0,1,2,3;r2=0,1,2;r3=0,1,2;r4=0,1,2;r5=0,1,2;r6=0,3,1,2;r7=0,1,2;r8=0,1,2;r9=0,1,2;r10=0,1,2,3;r11=0,1,2,3;r12=0,1,2;r13=0,1,2,3,4,5;r14=0,1,2,3,4;r15=0,1,2;r16=0,1,2,3,4;r17=0,1,2;r18=0,1,2;r19=0,1,2;r20=0,1,2;r21=0,1,2;r22=0,1,2,3,4;r23=0,1,2,3,4,5,6,7;r24=0,1,2,3,4,5,6,7;r25=0,1,2,3;r26=0,1,2;r27=0,1,2,3,4,5,6,7,8;r28=0,1,2,3;r29=0,1,2;r30=0,1,2,3,4,5,6,7;r31=0,1,2,3,4,5,6,7;r32=0,1,2,3,4,5;r33=0,1,2,3,4,5;r34=0,1,2,3,4,5",3.174148202,2190.28,3,1.001910,match
ablation_r6_p05,ablation,"r0=0,1,2,3;r1=0,1,2,3;r2=0,1,2;r3=0,1,2;r4=0,1,2;r5=0,1,2;r6=0,3,2,1;r7=0,1,2;r8=0,1,2;r9=0,1,2;r10=0,1,2,3;r11=0,1,2,3;r12=0,1,2;r13=0,1,2,3,4,5;r14=0,1,2,3,4;r15=0,1,2;r16=0,1,2,3,4;r17=0,1,2;r18=0,1,2;r19=0,1,2;r20=0,1,2;r21=0,1,2;r22=0,1,2,3,4;r23=0,1,2,3,4,5,6,7;r24=0,1,2,3,4,5,6,7;r25=0,1,2,3;r26=0,1,2;r27=0,1,2,3,4,5,6,7,8;r28=0,1,2,3;r29=0,1,2;r30=0,1,2,3,4,5,6,7;r31=0,1,2,3,4,5,6,7;r32=0,1,2,3,4,5;r33=0,1,2,3,4,5;r34=0,1,2,3,4,5",3.121163556,2202.94,3,0.985185,match
ablation_r6_p06,ablation,"r0=0,1,2,3;r1=0,1,2,3;r2=0,1,2;r3=0,1,2;r4=0,1,2;r5=0,1,2;r6=1,2,0,3;r7=0,1,2;r8=0,1,2;r9=0,1,2;r10=0,1,2,3;r11=0,1,2,3;r12=0,1,2;r13=0,1,2,3,4,5;r14=0,1,2,3,4;r15=0,1,2;r16=0,1,2,3,4;r17=0,1,2;r18=0,1,2;r19=0,1,2;r20=0,1,2;r21=0,1,2;r22=0,1,2,3,4;r23=0,1,2,3,4,5,6,7;r24=0,1,2,3,4,5,6,7;r25=0,1,2,3;r26=0,1,2;r27=0,1,2,3,4,5,6,7,8;r28=0,1,2,3;r29=0,1,2;r30=0,1,2,3,4,5,6,7;r31=0,1,2,3,4,5,6,7;r32=0,1,2,3,4,5;r33=0,1,2,3,4,5;r34=0,1,2,3,4,5",3.137005872,2205.03,3,0.990186,match
ablation_r6_p07,ablation,"r0=0,1,2,3;r1=0,1,2,3;r2=0,1,2;r3=0,1,2;r4=0,1,2;r5=0,1,2;r6=1,2,3,0;r7=0,1,2;r8=0,1,2;r9=0,1,2;r10=0,1,2,3;r11=0,1,2,3;r12=0,1,2;r13=0,1,2,3,4,5;r14=0,1,2,3,4;r15=0,1,2;r16=0,1,2,3,4;r17=0,1,2;r18=0,1,2;r19=0,1,2;r20=0,1,2;r21=0,1,2;r22=0,1,2,3,4;r23=0,1,2,3,4,5,6,7;r24=0,1,2,3,4,5,6,7;r25=0,1,2,3;r26=0,1,2;r27=0,1,2,3,4,5,6,7,8;r28=0,1,2,3;r29=0,1,2;r30=0,1,2,3,4,5,6,7;r31=0,1,2,3,4,5,6,7;r32=0,1,2,3,4,5;r33=0,1,2,3,4,5;r34=0,1,2,3,4,5",3.064499432,2177.35,3,0.967300,match
ablation_r6_p08,ablation,"r0=0,1,2,3;r1=0,1,2,3;r2=0,1,2;r3=0,1,2;r4=0,1,2;r5=0,1,2;r6=1,3,0,2;r7=0,1,2;r8=0,1,2;r9=0,1,2;r10=0,1,2,3;r11=0,1,2,3;r12=0,1,2;r13=0,1,2,3,4,5;r14=0,1,2,3,4;r15=0,1,2;r16=0,1,2,3,4;r17=0,1,2;r18=0,1,2;r19=0,1,2;r20=0,1,2;r21=0,1,2;r22=0,1,2,3,4;r23=0,1,2,3,4,5,6,7;r24=0,1,2,3,4,5,6,7;r25=0,1,2,3;r26=0,1,2;r27=0,1,2,3,4,5,6,7,8;r28=0,1,2,3;r29=0,1,2;r30=0,1,2,3,4,5,6,7;r31=0,1,2,3,4,5,6,7;r32=0,1,2,3,4,5;r33=0,1,2,3,4,5;r34=0,1,2,3,4,5",3.100137906,2179.72,3,0.978549,match
ablation_r6_p09,ablation,"r0=0,1,2,3;r1=0,1,2,3;r2=0,1,2;r3=0,1,2;r4=0,1,2;r5=0,1,2;r6=1,3,2,0;r7=0,1,2;r8=0,1,2;r9=0,1,2;r10=0,1,2,3;r11=0,1,2,3;r12=0,1,2;r13=0,1,2,3,4,5;r14=0,1,2,3,4;r15=0,1,2;r16=0,1,2,3,4;r17=0,1,2;r18=0,1,2;r19=0,1,2;r20=0,1,2;r21=0,1,2;r22=0,1,2,3,4;r23=0,1,2,3,4,5,6,7;r24=0,1,2,3,4,5,6,7;r25=0,1,2,3;r26=0,1,2;r27=0,1,2,3,4,5,6,7,8;r28=0,1,2,3;r29=0,1,2;r30=0,1,2,3,4,5,6,7;r31=0,1,2,3,4,5,6,7;r32=0,1,2,3,4,5;r33=0,1,2,3,4,5;r34=0,1,2,3,4,5",3.054935585,2208.18,3,0.964281,match
ablation_r6_p10,ablation,"r0=0,1,2,3;r1=0,1,2,3;r2=0,1,2;r3=0,1,2;r4=0,1,2;r5=0,1,2;r6=2,3,0,1;r7=0,1,2;r8=0,1,2;r9=0,1,2;r10=0,1,2,3;r11=0,1,2,3;r12=0,1,2;r13=0,1,2,3,4,5;r14=0,1,2,3,4;r15=0,1,2;r16=0,1,2,3,4;r17=0,1,2;r18=0,1,2;r19=0,1,2;r20=0,1,2;r21=0,1,2;r22=0,1,2,3,4;r23=0,1,2,3,4,5,6,7;r24=0,1,2,3,4,5,6,7;r25=0,1,2,3;r26=0,1,2;r27=0,1,2,3,4,5,6,7,8;r28=0,1,2,3;r29=0,1,2;r30=0,1,2,3,4,5,6,7;r31=0,1,2,3,4,5,6,7;r32=0,1,2,3,4,5;r33=0,1,2,3,4,5;r34=0,1,2,3,4,5",3.141809785,2195.26,3,0.991702,match
ablation_r6_p11,ablation,"r0=0,1,2,3;r1=0,1,2,3;r2=0,1,2;r3=0,1,2;r4=0,1,2;r5=0,1,2;r6=2,3,1,0;r7=0,1,2;r8=0,1,2;r9=0,1,2;r10=0,1,2,3;r11=0,1,2,3;r12=0,1,2;r13=0,1,2,3,4,5;r14=0,1,2,3,4;r15=0,1,2;r16=0,1,2,3,4;r17=0,1,2;r18=0,1,2;r19=0,1,2;r20=0,1,2;r21=0,1,2;r22=0,1,2,3,4;r23=0,1,2,3,4,5,6,7;r24=0,1,2,3,4,5,6,7;r25=0,1,2,3;r26=0,1,2;r27=0,1,2,3,4,5,6,7,8;r28=0,1,2,3;r29=0,1,2;r30=0,1,2,3,4,5,6,7;r31=0,1,2,3,4,5,6,7;r32=0,1,2,3,4,5;r33=0,1,2,3,4,5;r34=0,1,2,3,4,5",3.087143819,2174.29,3,0.974447,match
ablation_r7_p01,ablation,"r0=0,1,2,3;r1=0,1,2,3;r2=0,1,2;r3=0,1,2;r4=0,1,2;r5=0,1,2;r6=0,1,2,3;r7=0,2,1;r8=0,1,2;r9=0,1,2;r10=0,1,2,3;r11=0,1,2,3;r12=0,1,2;r13=0,1,2,3,4,5;r14=0,1,2,3,4;r15=0,1,2;r16=0,1,2,3,4;r17=0,1,2;r18=0,1,2;r19=0,1,2;r20=0,1,2;r21=0,1,2;r22=0,1,2,3,4;r23=0,1,2,3,4,5,6,7;r24=0,1,2,3,4,5,6,7;r25=0,1,2,3;r26=0,1,2;r27=0,1,2,3,4,5,6,7,8;r28=0,1,2,3;r29=0,1,2;r30=0,1,2,3,4,5,6,7;r31=0,1,2,3,4,5,6,7;r32=0,1,2,3,4,5;r33=0,1,2,3,4,5;r34=0,1,2,3,4,5",3.245045955,2213.86,3,1.024288,match
ablation_r7_p02,ablation,"r0=0,1,2,3;r1=0,1,2,3;r2=0,1,2;r3=0,1,2;r4=0,1,2;r5=0,1,2;r6=0,1,2,3;r7=1,2,0;r8=0,1,2;r9=0,1,2;r10=0,1,2,3;r11=0,1,2,3;r12=0,1,2;r13=0,1,2,3,4,5;r14=0,1,2,3,4;r15=0,1,2;r16=0,1,2,3,4;r17=0,1,2;r18=0,1,2;r19=0,1,2;r20=0,1,2;r21=0,1,2;r22=0,1,2,3,4;r23=0,1,2,3,4,5,6,7;r24=0,1,2,3,4,5,6,7;r25=0,1,2,3;r26=0,1,2;r27=0,1,2,3,4,5,6,7,8;r28=0,1,2,3;r29=0,1,2;r30=0,1,2,3,4,5,6,7;r31=0,1,2,3,4,5,6,7;r32=0,1,2,3,4,5;r33=0,1,2,3,4,5;r34=0,1,2,3,4,5",3.068440665,2216.93,3,0.968544,match
ablation_r8_p01,ablation,"r0=0,1,2,3;r1=0,1,2,3;r2=0,1,2;r3=0,1,2;r4=0,1,2;r5=0,1,2;r6=0,1,2,3;r7=0,1,2;r8=0,2,1;r9=0,1,2;r10=0,1,2,3;r11=0,1,2,3;r12=0,1,2;r13=0,1,2,3,4,5;r14=0,1,2,3,4;r15=0,1,2;r16=0,1,2,3,4;r17=0,1,2;r18=0,1,2;r19=0,1,2;r20=0,1,2;r21=0,1,2;r22=0,1,2,3,4;r23=0,1,2,3,4,5,6,7;r24=0,1,2,3,4,5,6,7;r25=0,1,2,3;r26=0,1,2;r27=0,1,2,3,4,5,6,7,8;r28=0,1,2,3;r29=0,1,2;r30=0,1,2,3,4,5,6,7;r31=0,1,2,3,4,5,6,7;r32=0,1,2,3,4,5;r33=0,1,2,3,4,5;r34=0,1,2,3,4,5",3.122416671,2146.36,3,0.985581,match
ablation_r8_p02,ablation,"r0=0,1,2,3;r1=0,1,2,3;r2=0,1,2;r3=0,1,2;r4=0,1,2;r5=0,1,2;r6=0,1,2,3;r7=0,1,2;r8=1,2,0;r9=0,1,2;r10=0,1,2,3;r11=0,1,2,3;r12=0,1,2;r13=0,1,2,3,4,5;r14=0,1,2,3,4;r15=0,1,2;r16=0,1,2,3,4;r17=0,1,2;r18=0,1,2;r19=0,1,2;r20=0,1,2;r21=0,1,2;r22=0,1,2,3,4;r23=0,1,2,3,4,5,6,7;r24=0,1,2,3,4,5,6,7;r25=0,1,2,3;r26=0,1,2;r27=0,1,2,3,4,5,6,7,8;r28=0,1,2,3;r29=0,1,2;r30=0,1,2,3,4,5,6,7;r31=0,1,2,3,4,5,6,7;r32=0,1,2,3,4,5;r33=0,1,2,3,4,5;r34=0,1,2,3,4,5",3.174198872,2179.42,3,1.001926,match
ablation_r9_p01,ablation,"r0=0,1,2,3;r1=0,1,2,3;r2=0,1,2;r3=0,1,2;r4=0,1,2;r5=0,1,2;r6=0,1,2,3;r7=0,1,2;r8=0,1,2;r9=0,2,1;r10=0,1,2,3;r11=0,1,2,3;r12=0,1,2;r13=0,1,2,3,4,5;r14=0,1,2,3,4;r15=0,1,2;r16=0,1,2,3,4;r17=0,1,2;r18=0,1,2;r19=0,1,2;r20=0,1,2;r21=0,1,2;r22=0,1,2,3,4;r23=0,1,2,3,4,5,6,7;r24=0,1,2,3,4,5,6,7;r25=0,1,2,3;r26=0,1,2;r27=0,1,2,3,4,5,6,7,8;r28=0,1,2,3;r29=0,1,2;r30=0,1,2,3,4,5,6,7;r31=0,1,2,3,4,5,6,7;r32=0,1,2,3,4,5;r33=0,1,2,3,4,5;r34=0,1,2,3,4,5",3.125080986,2196.05,3,0.986422,match
ablation_r9_p02,ablation,"r0=0,1,2,3;r1=0,1,2,3;r2=0,1,2;r3=0,1,2;r4=0,1,2;r5=0,1,2;r6=0,1,2,3;r7=0,1,2;r8=0,1,2;r9=1,2,0;r10=0,1,2,3;r11=0,1,2,3;r12=0,1,2;r13=0,1,2,3,4,5;r14=0,1,2,3,4;r15=0,1,2;r16=0,1,2,3,4;r17=0,1,2;r18=0,1,2;r19=0,1,2;r20=0,1,2;r21=0,1,2;r22=0,1,2,3,4;r23=0,1,2,3,4,5,6,7;r24=0,1,2,3,4,5,6,7;r25=0,1,2,3;r26=0,1,2;r27=0,1,2,3,4,5,6,7,8;r28=0,1,2,3;r29=0,1,2;r30=0,1,2,3,4,5,6,7;r31=0,1,2,3,4,5,6,7;r32=0,1,2,3,4,5;r33=0,1,2,3,4,5;r34=0,1,2,3,4,5",3.127371876,2209.60,3,0.987145,match
ablation_r10_p01,ablation,"r0=0,1,2,3;r1=0,1,2,3;r2=0,1,2;r3=0,1,2;r4=0,1,2;r5=0,1,2;r6=0,1,2,3;r7=0,1,2;r8=0,1,2;r9=0,1,2;r10=0,1,3,2;r11=0,1,2,3;r12=0,1,2;r13=0,1,2,3,4,5;r14=0,1,2,3,4;r15=0,1,2;r16=0,1,2,3,4;r17=0,1,2;r18=0,1,2;r19=0,1,2;r20=0,1,2;r21=0,1,2;r22=0,1,2,3,4;r23=0,1,2,3,4,5,6,7;r24=0,1,2,3,4,5,6,7;r25=0,1,2,3;r26=0,1,2;r27=0,1,2,3,4,5,6,7,8;r28=0,1,2,3;r29=0,1,2;r30=0,1,2,3,4,5,6,7;r31=0,1,2,3,4,5,6,7;r32=0,1,2,3,4,5;r33=0,1,2,3,4,5;r34=0,1,2,3,4,5",3.231755532,2195.69,3,1.020093,match
ablation_r10_p02,ablation,"r0=0,1,2,3;r1=0,1,2,3;r2=0,1,2;r3=0,1,2;r4=0,1,2;r5=0,1,2;r6=0,1,2,3;r7=0,1,2;r8=0,1,2;r9=0,1,2;r10=1,2,0,3;r11=0,1,2,3;r12=0,1,2;r13=0,1,2,3,4,5;r14=0,1,2,3,4;r15=0,1,2;r16=0,1,2,3,4;r17=0,1,2;r18=0,1,2;r19=0,1,2;r20=0,1,2;r21=0,1,2;r22=0,1,2,3,4;r23=0,1,2,3,4,5,6,7;r24=0,1,2,3,4,5,6,7;r25=0,1,2,3;r26=0,1,2;r27=0,1,2,3,4,5,6,7,8;r28=0,1,2,3;r29=0,1,2;r30=0,1,2,3,4,5,6,7;r31=0,1,2,3,4,5,6,7;r32=0,1,2,3,4,5;r33=0,1,2,3,4,5;r34=0,1,2,3,4,5",3.273394607,2187.12,3,1.033237,match
ablation_r10_p03,ablation,"r0=0,1,2,3;r1=0,1,2,3;r2=0,1,2;r3=0,1,2;r4=0,1,2;r5=0,1,2;r6=0,1,2,3;r7=0,1,2;r8=0,1,2;r9=0,1,2;r10=1,2,3,0;r11=0,1,2,3;r12=0,1,2;r13=0,1,2,3,4,5;r14=0,1,2,3,4;r15=0,1,2;r16=0,1,2,3,4;r17=0,1,2;r18=0,1,2;r19=0,1,2;r20=0,1,2;r21=0,1,2;r22=0,1,2,3,4;r23=0,1,2,3,4,5,6,7;r24=0,1,2,3,4,5,6,7;r25=0,1,2,3;r26=0,1,2;r27=0,1,2,3,4,5,6,7,8;r28=0,1,2,3;r29=0,1,2;r30=0,1,2,3,4,5,6,7;r31=0,1,2,3,4,5,6,7;r32=0,1,2,3,4,5;r33=0,1,2,3,4,5;r34=0,1,2,3,4,5",3.208616963,2198.25,3,1.012790,match
ablation_r10_p04,ablation,"r0=0,1,2,3;r1=0,1,2,3;r2=0,1,2;r3=0,1,2;r4=0,1,2;r5=0,1,2;r6=0,1,2,3;r7=0,1,2;r8=0,1,2;r9=0,1,2;r10=1,3,0,2;r11=0,1,2,3;r12=0,1,2;r13=0,1,2,3,4,5;r14=0,1,2,3,4;r15=0,1,2;r16=0,1,2,3,4;r17=0,1,2;r18=0,1,2;r19=0,1,2;r20=0,1,2;r21=0,1,2;r22=0,1,2,3,4;r23=0,1,2,3,4,5,6,7;r24=0,1,2,3,4,5,6,7;r25=0,1,2,3;r26=0,1,2;r27=0,1,2,3,4,5,6,7,8;r28=0,1,2,3;r29=0,1,2;r30=0,1,2,3,4,5,6,7;r31=0,1,2,3,4,5,6,7;r32=0,1,2,3,4,5;r33=0,1,2,3,4,5;r34=0,1,2,3,4,5",3.213940503,2197.86,3,1.014470,match
ablation_r10_p05,ablation,"r0=0,1,2,3;r1=0,1,2,3;r2=0,1,2;r3=0,1,2;r4=0,1,2;r5=0,1,2;r6=0,1,2,3;r7=0,1,2;r8=0,1,2;r9=0,1,2;r10=1,3,2,0;r11=0,1,2,3;r12=0,1,2;r13=0,1,2,3,4,5;r14=0,1,2,3,4;r15=0,1,2;r16=0,1,2,3,4;r17=0,1,2;r18=0,1,2;r19=0,1,2;r20=0,1,2;r21=0,1,2;r22=0,1,2,3,4;r23=0,1,2,3,4,5,6,7;r24=0,1,2,3,4,5,6,7;r25=0,1,2,3;r26=0,1,2;r27=0,1,2,3,4,5,6,7,8;r28=0,1,2,3;r29=0,1,2;r30=0,1,2,3,4,5,6,7;r31=0,1,2,3,4,5,6,7;r32=0,1,2,3,4,5;r33=0,1,2,3,4,5;r34=0,1,2,3,4,5",3.184226597,2247.75,3,1.005091,match
ablation_r10_p06,ablation,"r0=0,1,2,3;r1=0,1,2,3;r2=0,1,2;r3=0,1,2;r4=0,1,2;r5=0,1,2;r6=0,1,2,3;r7=0,1,2;r8=0,1,2;r9=0,1,2;r10=2,3,1,0;r11=0,1,2,3;r12=0,1,2;r13=0,1,2,3,4,5;r14=0,1,2,3,4;r15=0,1,2;r16=0,1,2,3,4;r17=0,1,2;r18=0,1,2;r19=0,1,2;r20=0,1,2;r21=0,1,2;r22=0,1,2,3,4;r23=0,1,2,3,4,5,6,7;r24=0,1,2,3,4,5,6,7;r25=0,1,2,3;r26=0,1,2;r27=0,1,2,3,4,5,6,7,8;r28=0,1,2,3;r29=0,1,2;r30=0,1,2,3,4,5,6,7;r31=0,1,2,3,4,5,6,7;r32=0,1,2,3,4,5;r33=0,1,2,3,4,5;r34=0,1,2,3,4,5",3.043211534,2225.25,3,0.960580,match
ablation_r11_p01,ablation,"r0=0,1,2,3;r1=0,1,2,3;r2=0,1,2;r3=0,1,2;r4=0,1,2;r5=0,1,2;r6=0,1,2,3;r7=0,1,2;r8=0,1,2;r9=0,1,2;r10=0,1,2,3;r11=0,1,3,2;r12=0,1,2;r13=0,1,2,3,4,5;r14=0,1,2,3,4;r15=0,1,2;r16=0,1,2,3,4;r17=0,1,2;r18=0,1,2;r19=0,1,2;r20=0,1,2;r21=0,1,2;r22=0,1,2,3,4;r23=0,1,2,3,4,5,6,7;r24=0,1,2,3,4,5,6,7;r25=0,1,2,3;r26=0,1,2;r27=0,1,2,3,4,5,6,7,8;r28=0,1,2,3;r29=0,1,2;r30=0,1,2,3,4,5,6,7;r31=0,1,2,3,4,5,6,7;r32=0,1,2,3,4,5;r33=0,1,2,3,4,5;r34=0,1,2,3,4,5",3.126784004,2194.82,3,0.986959,match
ablation_r11_p02,ablation,"r0=0,1,2,3;r1=0,1,2,3;r2=0,1,2;r3=0,1,2;r4=0,1,2;r5=0,1,2;r6=0,1,2,3;r7=0,1,2;r8=0,1,2;r9=0,1,2;r10=0,1,2,3;r11=1,2,0,3;r12=0,1,2;r13=0,1,2,3,4,5;r14=0,1,2,3,4;r15=0,1,2;r16=0,1,2,3,4;r17=0,1,2;r18=0,1,2;r19=0,1,2;r20=0,1,2;r21=0,1,2;r22=0,1,2,3,4;r23=0,1,2,3,4,5,6,7;r24=0,1,2,3,4,5,6,7;r25=0,1,2,3;r26=0,1,2;r27=0,1,2,3,4,5,6,7,8;r28=0,1,2,3;r29=0,1,2;r30=0,1,2,3,4,5,6,7;r31=0,1,2,3,4,5,6,7;r32=0,1,2,3,4,5;r33=0,1,2,3,4,5;r34=0,1,2,3,4,5",3.146475980,2189.11,3,0.993175,match
ablation_r11_p03,ablation,"r0=0,1,2,3;r1=0,1,2,3;r2=0,1,2;r3=0,1,2;r4=0,1,2;r5=0,1,2;r6=0,1,2,3;r7=0,1,2;r8=0,1,2;r9=0,1,2;r10=0,1,2,3;r11=1,2,3,0;r12=0,1,2;r13=0,1,2,3,4,5;r14=0,1,2,3,4;r15=0,1,2;r16=0,1,2,3,4;r17=0,1,2;r18=0,1,2;r19=0,1,2;r20=0,1,2;r21=0,1,2;r22=0,1,2,3,4;r23=0,1,2,3,4,5,6,7;r24=0,1,2,3,4,5,6,7;r25=0,1,2,3;r26=0,1,2;r27=0,1,2,3,4,5,6,7,8;r28=0,1,2,3;r29=0,1,2;r30=0,1,2,3,4,5,6,7;r31=0,1,2,3,4,5,6,7;r32=0,1,2,3,4,5;r33=0,1,2,3,4,5;r34=0,1,2,3,4,5",3.124453697,2240.11,3,0.986224,match
ablation_r11_p04,ablation,"r0=0,1,2,3;r1=0,1,2,3;r2=0,1,2;r3=0,1,2;r4=0,1,2;r5=0,1,2;r6=0,1,2,3;r7=0,1,2;r8=0,1,2;r9=0,1,2;r10=0,1,2,3;r11=1,3,0,2;r12=0,1,2;r13=0,1,2,3,4,5;r14=0,1,2,3,4;r15=0,1,2;r16=0,1,2,3,4;r17=0,1,2;r18=0,1,2;r19=0,1,2;r20=0,1,2;r21=0,1,2;r22=0,1,2,3,4;r23=0,1,2,3,4,5,6,7;r24=0,1,2,3,4,5,6,7;r25=0,1,2,3;r26=0,1,2;r27=0,1,2,3,4,5,6,7,8;r28=0,1,2,3;r29=0,1,2;r30=0,1,2,3,4,5,6,7;r31=0,1,2,3,4,5,6,7;r32=0,1,2,3,4,5;r33=0,1,2,3,4,5;r34=0,1,2,3,4,5",3.302072933,2182.52,3,1.042289,match
ablation_r11_p05,ablation,"r0=0,1,2,3;r1=0,1,2,3;r2=0,1,2;r3=0,1,2;r4=0,1,2;r5=0,1,2;r6=0,1,2,3;r7=0,1,2;r8=0,1,2;r9=0,1,2;r10=0,1,2,3;r11=1,3,2,0;r12=0,1,2;r13=0,1,2,3,4,5;r14=0,1,2,3,4;r15=0,1,2;r16=0,1,2,3,4;r17=0,1,2;r18=0,1,2;r19=0,1,2;r20=0,1,2;r21=0,1,2;r22=0,1,2,3,4;r23=0,1,2,3,4,5,6,7;r24=0,1,2,3,4,5,6,7;r25=0,1,2,3;r26=0,1,2;r27=0,1,2,3,4,5,6,7,8;r28=0,1,2,3;r29=0,1,2;r30=0,1,2,3,4,5,6,7;r31=0,1,2,3,4,5,6,7;r32=0,1,2,3,4,5;r33=0,1,2,3,4,5;r34=0,1,2,3,4,5",3.147766834,2222.32,3,0.993583,match
ablation_r11_p06,ablation,"r0=0,1,2,3;r1=0,1,2,3;r2=0,1,2;r3=0,1,2;r4=0,1,2;r5=0,1,2;r6=0,1,2,3;r7=0,1,2;r8=0,1,2;r9=0,1,2;r10=0,1,2,3;r11=2,3,1,0;r12=0,1,2;r13=0,1,2,3,4,5;r14=0,1,2,3,4;r15=0,1,2;r16=0,1,2,3,4;r17=0,1,2;r18=0,1,2;r19=0,1,2;r20=0,1,2;r21=0,1,2;r22=0,1,2,3,4;r23=0,1,2,3,4,5,6,7;r24=0,1,2,3,4,5,6,7;r25=0,1,2,3;r26=0,1,2;r27=0,1,2,3,4,5,6,7,8;r28=0,1,2,3;r29=0,1,2;r30=0,1,2,3,4,5,6,7;r31=0,1,2,3,4,5,6,7;r32=0,1,2,3,4,5;r33=0,1,2,3,4,5;r34=0,1,2,3,4,5",3.288953904,2172.53,3,1.038148,match
ablation_r12_p01,ablation,"r0=0,1,2,3;r1=0,1,2,3;r2=0,1,2;r3=0,1,2;r4=0,1,2;r5=0,1,2;r6=0,1,2,3;r7=0,1,2;r8=0,1,2;r9=0,1,2;r10=0,1,2,3;r11=0,1,2,3;r12=0,2,1;r13=0,1,2,3,4,5;r14=0,1,2,3,4;r15=0,1,2;r16=0,1,2,3,4;r17=0,1,2;r18=0,1,2;r19=0,1,2;r20=0,1,2;r21=0,1,2;r22=0,1,2,3,4;r23=0,1,2,3,4,5,6,7;r24=0,1,2,3,4,5,6,7;r25=0,1,2,3;r26=0,1,2;r27=0,1,2,3,4,5,6,7,8;r28=0,1,2,3;r29=0,1,2;r30=0,1,2,3,4,5,6,7;r31=0,1,2,3,4,5,6,7;r32=0,1,2,3,4,5;r33=0,1,2,3,4,5;r34=0,1,2,3,4,5",3.126087496,2191.96,3,0.986740,match
ablation_r12_p02,ablation,"r0=0,1,2,3;r1=0,1,2,3;r2=0,1,2;r3=0,1,2;r4=0,1,2;r5=0,1,2;r6=0,1,2,3;r7=0,1,2;r8=0,1,2;r9=0,1,2;r10=0,1,2,3;r11=0,1,2,3;r12=1,2,0;r13=0,1,2,3,4,5;r14=0,1,2,3,4;r15=0,1,2;r16=0,1,2,3,4;r17=0,1,2;r18=0,1,2;r19=0,1,2;r20=0,1,2;r21=0,1,2;r22=0,1,2,3,4;r23=0,1,2,3,4,5,6,7;r24=0,1,2,3,4,5,6,7;r25=0,1,2,3;r26=0,1,2;r27=0,1,2,3,4,5,6,7,8;r28=0,1,2,3;r29=0,1,2;r30=0,1,2,3,4,5,6,7;r31=0,1,2,3,4,5,6,7;r32=0,1,2,3,4,5;r33=0,1,2,3,4,5;r34=0,1,2,3,4,5",3.173981396,2186.06,3,1.001857,match
ablation_r13_p01,ablation,"r0=0,1,2,3;r1=0,1,2,3;r2=0,1,2;r3=0,1,2;r4=0,1,2;r5=0,1,2;r6=0,1,2,3;r7=0,1,2;r8=0,1,2;r9=0,1,2;r10=0,1,2,3;r11=0,1,2,3;r12=0,1,2;r13=3,4,2,5,1,0;r14=0,1,2,3,4;r15=0,1,2;r16=0,1,2,3,4;r17=0,1,2;r18=0,1,2;r19=0,1,2;r20=0,1,2;r21=0,1,2;r22=0,1,2,3,4;r23=0,1,2,3,4,5,6,7;r24=0,1,2,3,4,5,6,7;r25=0,1,2,3;r26=0,1,2;r27=0,1,2,3,4,5,6,7,8;r28=0,1,2,3;r29=0,1,2;r30=0,1,2,3,4,5,6,7;r31=0,1,2,3,4,5,6,7;r32=0,1,2,3,4,5;r33=0,1,2,3,4,5;r34=0,1,2,3,4,5",3.135880419,2188.51,3,0.989831,match
ablation_r13_p02,ablation,"r0=0,1,2,3;r1=0,1,2,3;r2=0,1,2;r3=0,1,2;r4=0,1,2;r5=0,1,2;r6=0,1,2,3;r7=0,1,2;r8=0,1,2;r9=0,1,2;r10=0,1,2,3;r11=0,1,2,3;r12=0,1,2;r13=1,2,0,5,4,3;r14=0,1,2,3,4;r15=0,1,2;r16=0,1,2,3,4;r17=0,1,2;r18=0,1,2;r19=0,1,2;r20=0,1,2;r21=0,1,2;r22=0,1,2,3,4;r23=0,1,2,3,4,5,6,7;r24=0,1,2,3,4,5,6,7;r25=0,1,2,3;r26=0,1,2;r27=0,1,2,3,4,5,6,7,8;r28=0,1,2,3;r29=0,1,2;r30=0,1,2,3,4,5,6,7;r31=0,1,2,3,4,5,6,7;r32=0,1,2,3,4,5;r33=0,1,2,3,4,5;r34=0,1,2,3,4,5",3.100871312,2237.09,3,0.978780,match
ablation_r13_p03,ablation,"r0=0,1,2,3;r1=0,1,2,3;r2=0,1,2;r3=0,1,2;r4=0,1,2;r5=0,1,2;r6=0,1,2,3;r7=0,1,2;r8=0,1,2;r9=0,1,2;r10=0,1,2,3;r11=0,1,2,3;r12=0,1,2;r13=0,1,3,2,5,4;r14=0,1,2,3,4;r15=0,1,2;r16=0,1,2,3,4;r17=0,1,2;r18=0,1,2;r19=0,1,2;r20=0,1,2;r21=0,1,2;r22=0,1,2,3,4;r23=0,1,2,3,4,5,6,7;r24=0,1,2,3,4,5,6,7;r25=0,1,2,3;r26=0,1,2;r27=0,1,2,3,4,5,6,7,8;r28=0,1,2,3;r29=0,1,2;r30=0,1,2,3,4,5,6,7;r31=0,1,2,3,4,5,6,7;r32=0,1,2,3,4,5;r33=0,1,2,3,4,5;r34=0,1,2,3,4,5",3.174557299,2188.18,3,1.002039,match
ablation_r13_p04,ablation,"r0=0,1,2,3;r1=0,1,2,3;r2=0,1,2;r3=0,1,2;r4=0,1,2;r5=0,1,2;r6=0,1,2,3;r7=0,1,2;r8=0,1,2;r9=0,1,2;r10=0,1,2,3;r11=0,1,2,3;r12=0,1,2;r13=4,5,3,1,2,0;r14=0,1,2,3,4;r15=0,1,2;r16=0,1,2,3,4;r17=0,1,2;r18=0,1,2;r19=0,1,2;r20=0,1,2;r21=0,1,2;r22=0,1,2,3,4;r23=0,1,2,3,4,5,6,7;r24=0,1,2,3,4,5,6,7;r25=0,1,2,3;r26=0,1,2;r27=0,1,2,3,4,5,6,7,8;r28=0,1,2,3;r29=0,1,2;r30=0,1,2,3,4,5,6,7;r31=0,1,2,3,4,5,6,7;r32=0,1,2,3,4,5;r33=0,1,2,3,4,5;r34=0,1,2,3,4,5",3.145476080,2173.64,3,0.992860,match
ablation_r13_p05,ablation,"r0=0,1,2,3;r1=0,1,2,3;r2=0,1,2;r3=0,1,2;r4=0,1,2;r5=0,1,2;r6=0,1,2,3;r7=0,1,2;r8=0,1,2;r9=0,1,2;r10=0,1,2,3;r11=0,1,2,3;r12=0,1,2;r13=1,3,5,4,2,0;r14=0,1,2,3,4;r15=0,1,2;r16=0,1,2,3,4;r17=0,1,2;r18=0,1,2;r19=0,1,2;r20=0,1,2;r21=0,1,2;r22=0,1,2,3,4;r23=0,1,2,3,4,5,6,7;r24=0,1,2,3,4,5,6,7;r25=0,1,2,3;r26=0,1,2;r27=0,1,2,3,4,5,6,7,8;r28=0,1,2,3;r29=0,1,2;r30=0,1,2,3,4,5,6,7;r31=0,1,2,3,4,5,6,7;r32=0,1,2,3,4,5;r33=0,1,2,3,4,5;r34=0,1,2,3,4,5",3.170459344,2233.36,3,1.000745,match
ablation_r13_p06,ablation,"r0=0,1,2,3;r1=0,1,2,3;r2=0,1,2;r3=0,1,2;r4=0,1,2;r5=0,1,2;r6=0,1,2,3;r7=0,1,2;r8=0,1,2;r9=0,1,2;r10=0,1,2,3;r11=0,1,2,3;r12=0,1,2;r13=1,3,4,2,5,0;r14=0,1,2,3,4;r15=0,1,2;r16=0,1,2,3,4;r17=0,1,2;r18=0,1,2;r19=0,1,2;r20=0,1,2;r21=0,1,2;r22=0,1,2,3,4;r23=0,1,2,3,4,5,6,7;r24=0,1,2,3,4,5,6,7;r25=0,1,2,3;r26=0,1,2;r27=0,1,2,3,4,5,6,7,8;r28=0,1,2,3;r29=0,1,2;r30=0,1,2,3,4,5,6,7;r31=0,1,2,3,4,5,6,7;r32=0,1,2,3,4,5;r33=0,1,2,3,4,5;r34=0,1,2,3,4,5",3.117574625,2214.79,3,0.984053,match
ablation_r13_p07,ablation,"r0=0,1,2,3;r1=0,1,2,3;r2=0,1,2;r3=0,1,2;r4=0,1,2;r5=0,1,2;r6=0,1,2,3;r7=0,1,2;r8=0,1,2;r9=0,1,2;r10=0,1,2,3;r11=0,1,2,3;r12=0,1,2;r13=1,3,2,5,0,4;r14=0,1,2,3,4;r15=0,1,2;r16=0,1,2,3,4;r17=0,1,2;r18=0,1,2;r19=0,1,2;r20=0,1,2;r21=0,1,2;r22=0,1,2,3,4;r23=0,1,2,3,4,5,6,7;r24=0,1,2,3,4,5,6,7;r25=0,1,2,3;r26=0,1,2;r27=0,1,2,3,4,5,6,7,8;r28=0,1,2,3;r29=0,1,2;r30=0,1,2,3,4,5,6,7;r31=0,1,2,3,4,5,6,7;r32=0,1,2,3,4,5;r33=0,1,2,3,4,5;r34=0,1,2,3,4,5",3.108903432,2170.33,3,0.981316,match
ablation_r13_p08,ablation,"r0=0,1,2,3;r1=0,1,2,3;r2=0,1,2;r3=0,1,2;r4=0,1,2;r5=0,1,2;r6=0,1,2,3;r7=0,1,2;r8=0,1,2;r9=0,1,2;r10=0,1,2,3;r11=0,1,2,3;r12=0,1,2;r13=1,2,4,0,3,5;r14=0,1,2,3,4;r15=0,1,2;r16=0,1,2,3,4;r17=0,1,2;r18=0,1,2;r19=0,1,2;r20=0,1,2;r21=0,1,2;r22=0,1,2,3,4;r23=0,1,2,3,4,5,6,7;r24=0,1,2,3,4,5,6,7;r25=0,1,2,3;r26=0,1,2;r27=0,1,2,3,4,5,6,7,8;r28=0,1,2,3;r29=0,1,2;r30=0,1,2,3,4,5,6,7;r31=0,1,2,3,4,5,6,7;r32=0,1,2,3,4,5;r33=0,1,2,3,4,5;r34=0,1,2,3,4,5",3.210551009,2189.59,3,1.013400,match
ablation_r13_p09,ablation,"r0=0,1,2,3;r1=0,1,2,3;r2=0,1,2;r3=0,1,2;r4=0,1,2;r5=0,1,2;r6=0,1,2,3;r7=0,1,2;r8=0,1,2;r9=0,1,2;r10=0,1,2,3;r11=0,1,2,3;r12=0,1,2;r13=4,5,3,1,0,2;r14=0,1,2,3,4;r15=0,1,2;r16=0,1,2,3,4;r17=0,1,2;r18=0,1,2;r19=0,1,2;r20=0,1,2;r21=0,1,2;r22=0,1,2,3,4;r23=0,1,2,3,4,5,6,7;r24=0,1,2,3,4,5,6,7;r25=0,1,2,3;r26=0,1,2;r27=0,1,2,3,4,5,6,7,8;r28=0,1,2,3;r29=0,1,2;r30=0,1,2,3,4,5,6,7;r31=0,1,2,3,4,5,6,7;r32=0,1,2,3,4,5;r33=0,1,2,3,4,5;r34=0,1,2,3,4,5",3.164856995,2186.94,3,0.998977,match
ablation_r13_p10,ablation,"r0=0,1,2,3;r1=0,1,2,3;r2=0,1,2;r3=0,1,2;r4=0,1,2;r5=0,1,2;r6=0,1,2,3;r7=0,1,2;r8=0,1,2;r9=0,1,2;r10=0,1,2,3;r11=0,1,2,3;r12=0,1,2;r13=1,2,0,4,5,3;r14=0,1,2,3,4;r15=0,1,2;r16=0,1,2,3,4;r17=0,1,2;r18=0,1,2;r19=0,1,2;r20=0,1,2;r21=0,1,2;r22=0,1,2,3,4;r23=0,1,2,3,4,5,6,7;r24=0,1,2,3,4,5,6,7;r25=0,1,2,3;r26=0,1,2;r27=0,1,2,3,4,5,6,7,8;r28=0,1,2,3;r29=0,1,2;r30=0,1,2,3,4,5,6,7;r31=0,1,2,3,4,5,6,7;r32=0,1,2,3,4,5;r33=0,1,2,3,4,5;r34=0,1,2,3,4,5",3.066799360,2184.46,3,0.968026,match
ablation_r13_p11,ablation,"r0=0,1,2,3;r1=0,1,2,3;r2=0,1,2;r3=0,1,2;r4=0,1,2;r5=0,1,2;r6=0,1,2,3;r7=0,1,2;r8=0,1,2;r9=0,1,2;r10=0,1,2,3;r11=0,1,2,3;r12=0,1,2;r13=3,5,2,1,0,4;r14=0,1,2,3,4;r15=0,1,2;r16=0,1,2,3,4;r17=0,1,2;r18=0,1,2;r19=0,1,2;r20=0,1,2;r21=0,1,2;r22=0,1,2,3,4;r23=0,1,2,3,4,5,6,7;r24=0,1,2,3,4,5,6,7;r25=0,1,2,3;r26=0,1,2;r27=0,1,2,3,4,5,6,7,8;r28=0,1,2,3;r29=0,1,2;r30=0,1,2,3,4,5,6,7;r31=0,1,2,3,4,5,6,7;r32=0,1,2,3,4,5;r33=0,1,2,3,4,5;r34=0,1,2,3,4,5",3.106788658,2192.56,3,0.980648,match
ablation_r13_p12,ablation,"r0=0,1,2,3;r1=0,1,2,3;r2=0,1,2;r3=0,1,2;r4=0,1,2;r5=0,1,2;r6=0,1,2,3;r7=0,1,2;r8=0,1,2;r9=0,1,2;r10=0,1,2,3;r11=0,1,2,3;r12=0,1,2;r13=2,4,3,5,1,0;r14=0,1,2,3,4;r15=0,1,2;r16=0,1,2,3,4;r17=0,1,2;r18=0,1,2;r19=0,1,2;r20=0,1,2;r21=0,1,2;r22=0,1,2,3,4;r23=0,1,2,3,4,5,6,7;r24=0,1,2,3,4,5,6,7;r25=0,1,2,3;r26=0,1,2;r27=0,1,2,3,4,5,6,7,8;r28=0,1,2,3;r29=0,1,2;r30=0,1,2,3,4,5,6,7;r31=0,1,2,3,4,5,6,7;r32=0,1,2,3,4,5;r33=0,1,2,3,4,5;r34=0,1,2,3,4,5",3.201642388,2167.39,3,1.010588,match
ablation_r14_p01,ablation,"r0=0,1,2,3;r1=0,1,2,3;r2=0,1,2;r3=0,1,2;r4=0,1,2;r5=0,1,2;r6=0,1,2,3;r7=0,1,2;r8=0,1,2;r9=0,1,2;r10=0,1,2,3;r11=0,1,2,3;r12=0,1,2;r13=0,1,2,3,4,5;r14=0,1,3,4,2;r15=0,1,2;r16=0,1,2,3,4;r17=0,1,2;r18=0,1,2;r19=0,1,2;r20=0,1,2;r21=0,1,2;r22=0,1,2,3,4;r23=0,1,2,3,4,5,6,7;r24=0,1,2,3,4,5,6,7;r25=0,1,2,3;r26=0,1,2;r27=0,1,2,3,4,5,6,7,8;r28=0,1,2,3;r29=0,1,2;r30=0,1,2,3,4,5,6,7;r31=0,1,2,3,4,5,6,7;r32=0,1,2,3,4,5;r33=0,1,2,3,4,5;r34=0,1,2,3,4,5",3.134171714,2210.90,3,0.989291,match
ablation_r14_p02,ablation,"r0=0,1,2,3;r1=0,1,2,3;r2=0,1,2;r3=0,1,2;r4=0,1,2;r5=0,1,2;r6=0,1,2,3;r7=0,1,2;r8=0,1,2;r9=0,1,2;r10=0,1,2,3;r11=0,1,2,3;r12=0,1,2;r13=0,1,2,3,4,5;r14=0,4,1,3,2;r15=0,1,2;r16=0,1,2,3,4;r17=0,1,2;r18=0,1,2;r19=0,1,2;r20=0,1,2;r21=0,1,2;r22=0,1,2,3,4;r23=0,1,2,3,4,5,6,7;r24=0,1,2,3,4,5,6,7;r25=0,1,2,3;r26=0,1,2;r27=0,1,2,3,4,5,6,7,8;r28=0,1,2,3;r29=0,1,2;r30=0,1,2,3,4,5,6,7;r31=0,1,2,3,4,5,6,7;r32=0,1,2,3,4,5;r33=0,1,2,3,4,5;r34=0,1,2,3,4,5",3.241953740,2203.70,3,1.023312,match
ablation_r14_p03,ablation,"r0=0,1,2,3;r1=0,1,2,3;r2=0,1,2;r3=0,1,2;r4=0,1,2;r5=0,1,2;r6=0,1,2,3;r7=0,1,2;r8=0,1,2;r9=0,1,2;r10=0,1,2,3;r11=0,1,2,3;r12=0,1,2;r13=0,1,2,3,4,5;r14=0,3,2,1,4;r15=0,1,2;r16=0,1,2,3,4;r17=0,1,2;r18=0,1,2;r19=0,1,2;r20=0,1,2;r21=0,1,2;r22=0,1,2,3,4;r23=0,1,2,3,4,5,6,7;r24=0,1,2,3,4,5,6,7;r25=0,1,2,3;r26=0,1,2;r27=0,1,2,3,4,5,6,7,8;r28=0,1,2,3;r29=0,1,2;r30=0,1,2,3,4,5,6,7;r31=0,1,2,3,4,5,6,7;r32=0,1,2,3,4,5;r33=0,1,2,3,4,5;r34=0,1,2,3,4,5",3.150690151,2196.53,3,0.994505,match
ablation_r14_p04,ablation,"r0=0,1,2,3;r1=0,1,2,3;r2=0,1,2;r3=0,1,2;r4=0,1,2;r5=0,1,2;r6=0,1,2,3;r7=0,1,2;r8=0,1,2;r9=0,1,2;r10=0,1,2,3;r11=0,1,2,3;r12=0,1,2;r13=0,1,2,3,4,5;r14=0,1,3,2,4;r15=0,1,2;r16=0,1,2,3,4;r17=0,1,2;r18=0,1,2;r19=0,1,2;r20=0,1,2;r21=0,1,2;r22=0,1,2,3,4;r23=0,1,2,3,4,5,6,7;r24=0,1,2,3,4,5,6,7;r25=0,1,2,3;r26=0,1,2;r27=0,1,2,3,4,5,6,7,8;r28=0,1,2,3;r29=0,1,2;r30=0,1,2,3,4,5,6,7;r31=0,1,2,3,4,5,6,7;r32=0,1,2,3,4,5;r33=0,1,2,3,4,5;r34=0,1,2,3,4,5",3.146681440,2190.26,3,0.993240,match
ablation_r14_p05,ablation,"r0=0,1,2,3;r1=0,1,2,3;r2=0,1,2;r3=0,1,2;r4=0,1,2;r5=0,1,2;r6=0,1,2,3;r7=0,1,2;r8=0,1,2;r9=0,1,2;r10=0,1,2,3;r11=0,1,2,3;r12=0,1,2;r13=0,1,2,3,4,5;r14=0,1,2,4,3;r15=0,1,2;r16=0,1,2,3,4;r17=0,1,2;r18=0,1,2;r19=0,1,2;r20=0,1,2;r21=0,1,2;r22=0,1,2,3,4;r23=0,1,2,3,4,5,6,7;r24=0,1,2,3,4,5,6,7;r25=0,1,2,3;r26=0,1,2;r27=0,1,2,3,4,5,6,7,8;r28=0,1,2,3;r29=0,1,2;r30=0,1,2,3,4,5,6,7;r31=0,1,2,3,4,5,6,7;r32=0,1,2,3,4,5;r33=0,1,2,3,4,5;r34=0,1,2,3,4,5",3.195431445,2210.87,3,1.008628,match
ablation_r14_p06,ablation,"r0=0,1,2,3;r1=0,1,2,3;r2=0,1,2;r3=0,1,2;r4=0,1,2;r5=0,1,2;r6=0,1,2,3;r7=0,1,2;r8=0,1,2;r9=0,1,2;r10=0,1,2,3;r11=0,1,2,3;r12=0,1,2;r13=0,1,2,3,4,5;r14=2,4,0,3,1;r15=0,1,2;r16=0,1,2,3,4;r17=0,1,2;r18=0,1,2;r19=0,1,2;r20=0,1,2;r21=0,1,2;r22=0,1,2,3,4;r23=0,1,2,3,4,5,6,7;r24=0,1,2,3,4,5,6,7;r25=0,1,2,3;r26=0,1,2;r27=0,1,2,3,4,5,6,7,8;r28=0,1,2,3;r29=0,1,2;r30=0,1,2,3,4,5,6,7;r31=0,1,2,3,4,5,6,7;r32=0,1,2,3,4,5;r33=0,1,2,3,4,5;r34=0,1,2,3,4,5",3.203253588,2202.10,3,1.011097,match
ablation_r14_p07,ablation,"r0=0,1,2,3;r1=0,1,2,3;r2=0,1,2;r3=0,1,2;r4=0,1,2;r5=0,1,2;r6=0,1,2,3;r7=0,1,2;r8=0,1,2;r9=0,1,2;r10=0,1,2,3;r11=0,1,2,3;r12=0,1,2;r13=0,1,2,3,4,5;r14=0,2,1,4,3;r15=0,1,2;r16=0,1,2,3,4;r17=0,1,2;r18=0,1,2;r19=0,1,2;r20=0,1,2;r21=0,1,2;r22=0,1,2,3,4;r23=0,1,2,3,4,5,6,7;r24=0,1,2,3,4,5,6,7;r25=0,1,2,3;r26=0,1,2;r27=0,1,2,3,4,5,6,7,8;r28=0,1,2,3;r29=0,1,2;r30=0,1,2,3,4,5,6,7;r31=0,1,2,3,4,5,6,7;r32=0,1,2,3,4,5;r33=0,1,2,3,4,5;r34=0,1,2,3,4,5",3.226696481,2216.25,3,1.018497,match
ablation_r14_p08,ablation,"r0=0,1,2,3;r1=0,1,2,3;r2=0,1,2;r3=0,1,2;r4=0,1,2;r5=0,1,2;r6=0,1,2,3;r7=0,1,2;r8=0,1,2;r9=0,1,2;r10=0,1,2,3;r11=0,1,2,3;r12=0,1,2;r13=0,1,2,3,4,5;r14=0,2,3,1,4;r15=0,1,2;r16=0,1,2,3,4;r17=0,1,2;r18=0,1,2;r19=0,1,2;r20=0,1,2;r21=0,1,2;r22=0,1,2,3,4;r23=0,1,2,3,4,5,6,7;r24=0,1,2,3,4,5,6,7;r25=0,1,2,3;r26=0,1,2;r27=0,1,2,3,4,5,6,7,8;r28=0,1,2,3;r29=0,1,2;r30=0,1,2,3,4,5,6,7;r31=0,1,2,3,4,5,6,7;r32=0,1,2,3,4,5;r33=0,1,2,3,4,5;r34=0,1,2,3,4,5",3.155078803,2191.58,3,0.995891,match
ablation_r14_p09,ablation,"r0=0,1,2,3;r1=0,1,2,3;r2=0,1,2;r3=0,1,2;r4=0,1,2;r5=0,1,2;r6=0,1,2,3;r7=0,1,2;r8=0,1,2;r9=0,1,2;r10=0,1,2,3;r11=0,1,2,3;r12=0,1,2;r13=0,1,2,3,4,5;r14=0,3,4,2,1;r15=0,1,2;r16=0,1,2,3,4;r17=0,1,2;r18=0,1,2;r19=0,1,2;r20=0,1,2;r21=0,1,2;r22=0,1,2,3,4;r23=0,1,2,3,4,5,6,7;r24=0,1,2,3,4,5,6,7;r25=0,1,2,3;r26=0,1,2;r27=0,1,2,3,4,5,6,7,8;r28=0,1,2,3;r29=0,1,2;r30=0,1,2,3,4,5,6,7;r31=0,1,2,3,4,5,6,7;r32=0,1,2,3,4,5;r33=0,1,2,3,4,5;r34=0,1,2,3,4,5",3.049182604,2181.30,3,0.962465,match
ablation_r14_p10,ablation,"r0=0,1,2,3;r1=0,1,2,3;r2=0,1,2;r3=0,1,2;r4=0,1,2;r5=0,1,2;r6=0,1,2,3;r7=0,1,2;r8=0,1,2;r9=0,1,2;r10=0,1,2,3;r11=0,1,2,3;r12=0,1,2;r13=0,1,2,3,4,5;r14=0,4,3,2,1;r15=0,1,2;r16=0,1,2,3,4;r17=0,1,2;r18=0,1,2;r19=0,1,2;r20=0,1,2;r21=0,1,2;r22=0,1,2,3,4;r23=0,1,2,3,4,5,6,7;r24=0,1,2,3,4,5,6,7;r25=0,1,2,3;r26=0,1,2;r27=0,1,2,3,4,5,6,7,8;r28=0,1,2,3;r29=0,1,2;r30=0,1,2,3,4,5,6,7;r31=0,1,2,3,4,5,6,7;r32=0,1,2,3,4,5;r33=0,1,2,3,4,5;r34=0,1,2,3,4,5",3.301739560,2201.90,3,1.042184,match
ablation_r14_p11,ablation,"r0=0,1,2,3;r1=0,1,2,3;r2=0,1,2;r3=0,1,2;r4=0,1,2;r5=0,1,2;r6=0,1,2,3;r7=0,1,2;r8=0,1,2;r9=0,1,2;r10=0,1,2,3;r11=0,1,2,3;r12=0,1,2;r13=0,1,2,3,4,5;r14=0,4,2,3,1;r15=0,1,2;r16=0,1,2,3,4;r17=0,1,2;r18=0,1,2;r19=0,1,2;r20=0,1,2;r21=0,1,2;r22=0,1,2,3,4;r23=0,1,2,3,4,5,6,7;r24=0,1,2,3,4,5,6,7;r25=0,1,2,3;r26=0,1,2;r27=0,1,2,3,4,5,6,7,8;r28=0,1,2,3;r29=0,1,2;r30=0,1,2,3,4,5,6,7;r31=0,1,2,3,4,5,6,7;r32=0,1,2,3,4,5;r33=0,1,2,3,4,5;r34=0,1,2,3,4,5",3.212370814,2209.50,3,1.013975,match
ablation_r14_p12,ablation,"r0=0,1,2,3;r1=0,1,2,3;r2=0,1,2;r3=0,1,2;r4=0,1,2;r5=0,1,2;r6=0,1,2,3;r7=0,1,2;r8=0,1,2;r9=0,1,2;r10=0,1,2,3;r11=0,1,2,3;r12=0,1,2;r13=0,1,2,3,4,5;r14=1,3,0,4,2;r15=0,1,2;r16=0,1,2,3,4;r17=0,1,2;r18=0,1,2;r19=0,1,2;r20=0,1,2;r21=0,1,2;r22=0,1,2,3,4;r23=0,1,2,3,4,5,6,7;r24=0,1,2,3,4,5,6,7;r25=0,1,2,3;r26=0,1,2;r27=0,1,2,3,4,5,6,7,8;r28=0,1,2,3;r29=0,1,2;r30=0,1,2,3,4,5,6,7;r31=0,1,2,3,4,5,6,7;r32=0,1,2,3,4,5;r33=0,1,2,3,4,5;r34=0,1,2,3,4,5",3.102993460,2237.80,3,0.979450,match
ablation_r15_p01,ablation,"r0=0,1,2,3;r1=0,1,2,3;r2=0,1,2;r3=0,1,2;r4=0,1,2;r5=0,1,2;r6=0,1,2,3;r7=0,1,2;r8=0,1,2;r9=0,1,2;r10=0,1,2,3;r11=0,1,2,3;r12=0,1,2;r13=0,1,2,3,4,5;r14=0,1,2,3,4;r15=1,2,0;r16=0,1,2,3,4;r17=0,1,2;r18=0,1,2;r19=0,1,2;r20=0,1,2;r21=0,1,2;r22=0,1,2,3,4;r23=0,1,2,3,4,5,6,7;r24=0,1,2,3,4,5,6,7;r25=0,1,2,3;r26=0,1,2;r27=0,1,2,3,4,5,6,7,8;r28=0,1,2,3;r29=0,1,2;r30=0,1,2,3,4,5,6,7;r31=0,1,2,3,4,5,6,7;r32=0,1,2,3,4,5;r33=0,1,2,3,4,5;r34=0,1,2,3,4,5",3.216803932,2203.02,3,1.015374,match
ablation_r16_p01,ablation,"r0=0,1,2,3;r1=0,1,2,3;r2=0,1,2;r3=0,1,2;r4=0,1,2;r5=0,1,2;r6=0,1,2,3;r7=0,1,2;r8=0,1,2;r9=0,1,2;r10=0,1,2,3;r11=0,1,2,3;r12=0,1,2;r13=0,1,2,3,4,5;r14=0,1,2,3,4;r15=0,1,2;r16=1,3,2,0,4;r17=0,1,2;r18=0,1,2;r19=0,1,2;r20=0,1,2;r21=0,1,2;r22=0,1,2,3,4;r23=0,1,2,3,4,5,6,7;r24=0,1,2,3,4,5,6,7;r25=0,1,2,3;r26=0,1,2;r27=0,1,2,3,4,5,6,7,8;r28=0,1,2,3;r29=0,1,2;r30=0,1,2,3,4,5,6,7;r31=0,1,2,3,4,5,6,7;r32=0,1,2,3,4,5;r33=0,1,2,3,4,5;r34=0,1,2,3,4,5",3.221780601,2253.58,3,1.016945,match
ablation_r16_p02,ablation,"r0=0,1,2,3;r1=0,1,2,3;r2=0,1,2;r3=0,1,2;r4=0,1,2;r5=0,1,2;r6=0,1,2,3;r7=0,1,2;r8=0,1,2;r9=0,1,2;r10=0,1,2,3;r11=0,1,2,3;r12=0,1,2;r13=0,1,2,3,4,5;r14=0,1,2,3,4;r15=0,1,2;r16=3,4,1,0,2;r17=0,1,2;r18=0,1,2;r19=0,1,2;r20=0,1,2;r21=0,1,2;r22=0,1,2,3,4;r23=0,1,2,3,4,5,6,7;r24=0,1,2,3,4,5,6,7;r25=0,1,2,3;r26=0,1,2;r27=0,1,2,3,4,5,6,7,8;r28=0,1,2,3;r29=0,1,2;r30=0,1,2,3,4,5,6,7;r31=0,1,2,3,4,5,6,7;r32=0,1,2,3,4,5;r33=0,1,2,3,4,5;r34=0,1,2,3,4,5",3.114161939,2205.01,3,0.982975,match
ablation_r16_p03,ablation,"r0=0,1,2,3;r1=0,1,2,3;r2=0,1,2;r3=0,1,2;r4=0,1,2;r5=0,1,2;r6=0,1,2,3;r7=0,1,2;r8=0,1,2;r9=0,1,2;r10=0,1,2,3;r11=0,1,2,3;r12=0,1,2;r13=0,1,2,3,4,5;r14=0,1,2,3,4;r15=0,1,2;r16=1,3,4,0,2;r17=0,1,2;r18=0,1,2;r19=0,1,2;r20=0,1,2;r21=0,1,2;r22=0,1,2,3,4;r23=0,1,2,3,4,5,6,7;r24=0,1,2,3,4,5,6,7;r25=0,1,2,3;r26=0,1,2;r27=0,1,2,3,4,5,6,7,8;r28=0,1,2,3;r29=0,1,2;r30=0,1,2,3,4,5,6,7;r31=0,1,2,3,4,5,6,7;r32=0,1,2,3,4,5;r33=0,1,2,3,4,5;r34=0,1,2,3,4,5",3.106282219,2240.00,3,0.980488,match
ablation_r16_p04,ablation,"r0=0,1,2,3;r1=0,1,2,3;r2=0,1,2;r3=0,1,2;r4=0,1,2;r5=0,1,2;r6=0,1,2,3;r7=0,1,2;r8=0,1,2;r9=0,1,2;r10=0,1,2,3;r11=0,1,2,3;r12=0,1,2;r13=0,1,2,3,4,5;r14=0,1,2,3,4;r15=0,1,2;r16=1,2,3,4,0;r17=0,1,2;r18=0,1,2;r19=0,1,2;r20=0,1,2;r21=0,1,2;r22=0,1,2,3,4;r23=0,1,2,3,4,5,6,7;r24=0,1,2,3,4,5,6,7;r25=0,1,2,3;r26=0,1,2;r27=0,1,2,3,4,5,6,7,8;r28=0,1,2,3;r29=0,1,2;r30=0,1,2,3,4,5,6,7;r31=0,1,2,3,4,5,6,7;r32=0,1,2,3,4,5;r33=0,1,2,3,4,5;r34=0,1,2,3,4,5",3.122892672,2238.43,3,0.985731,match
ablation_r16_p05,ablation,"r0=0,1,2,3;r1=0,1,2,3;r2=0,1,2;r3=0,1,2;r4=0,1,2;r5=0,1,2;r6=0,1,2,3;r7=0,1,2;r8=0,1,2;r9=0,1,2;r10=0,1,2,3;r11=0,1,2,3;r12=0,1,2;r13=0,1,2,3,4,5;r14=0,1,2,3,4;r15=0,1,2;r16=2,3,1,4,0;r17=0,1,2;r18=0,1,2;r19=0,1,2;r20=0,1,2;r21=0,1,2;r22=0,1,2,3,4;r23=0,1,2,3,4,5,6,7;r24=0,1,2,3,4,5,6,7;r25=0,1,2,3;r26=0,1,2;r27=0,1,2,3,4,5,6,7,8;r28=0,1,2,3;r29=0,1,2;r30=0,1,2,3,4,5,6,7;r31=0,1,2,3,4,5,6,7;r32=0,1,2,3,4,5;r33=0,1,2,3,4,5;r34=0,1,2,3,4,5",3.151664378,2245.03,3,0.994813,match
ablation_r16_p06,ablation,"r0=0,1,2,3;r1=0,1,2,3;r2=0,1,2;r3=0,1,2;r4=0,1,2;r5=0,1,2;r6=0,1,2,3;r7=0,1,2;r8=0,1,2;r9=0,1,2;r10=0,1,2,3;r11=0,1,2,3;r12=0,1,2;r13=0,1,2,3,4,5;r14=0,1,2,3,4;r15=0,1,2;r16=0,1,3,2,4;r17=0,1,2;r18=0,1,2;r19=0,1,2;r20=0,1,2;r21=0,1,2;r22=0,1,2,3,4;r23=0,1,2,3,4,5,6,7;r24=0,1,2,3,4,5,6,7;r25=0,1,2,3;r26=0,1,2;r27=0,1,2,3,4,5,6,7,8;r28=0,1,2,3;r29=0,1,2;r30=0,1,2,3,4,5,6,7;r31=0,1,2,3,4,5,6,7;r32=0,1,2,3,4,5;r33=0,1,2,3,4,5;r34=0,1,2,3,4,5",3.109147007,2192.79,3,0.981392,match
ablation_r16_p07,ablation,"r0=0,1,2,3;r1=0,1,2,3;r2=0,1,2;r3=0,1,2;r4=0,1,2;r5=0,1,2;r6=0,1,2,3;r7=0,1,2;r8=0,1,2;r9=0,1,2;r10=0,1,2,3;r11=0,1,2,3;r12=0,1,2;r13=0,1,2,3,4,5;r14=0,1,2,3,4;r15=0,1,2;r16=1,2,0,3,4;r17=0,1,2;r18=0,1,2;r19=0,1,2;r20=0,1,2;r21=0,1,2;r22=0,1,2,3,4;r23=0,1,2,3,4,5,6,7;r24=0,1,2,3,4,5,6,7;r25=0,1,2,3;r26=0,1,2;r27=0,1,2,3,4,5,6,7,8;r28=0,1,2,3;r29=0,1,2;r30=0,1,2,3,4,5,6,7;r31=0,1,2,3,4,5,6,7;r32=0,1,2,3,4,5;r33=0,1,2,3,4,5;r34=0,1,2,3,4,5",3.014705380,2225.93,3,0.951582,match
ablation_r16_p08,ablation,"r0=0,1,2,3;r1=0,1,2,3;r2=0,1,2;r3=0,1,2;r4=0,1,2;r5=0,1,2;r6=0,1,2,3;r7=0,1,2;r8=0,1,2;r9=0,1,2;r10=0,1,2,3;r11=0,1,2,3;r12=0,1,2;r13=0,1,2,3,4,5;r14=0,1,2,3,4;r15=0,1,2;r16=1,3,0,4,2;r17=0,1,2;r18=0,1,2;r19=0,1,2;r20=0,1,2;r21=0,1,2;r22=0,1,2,3,4;r23=0,1,2,3,4,5,6,7;r24=0,1,2,3,4,5,6,7;r25=0,1,2,3;r26=0,1,2;r27=0,1,2,3,4,5,6,7,8;r28=0,1,2,3;r29=0,1,2;r30=0,1,2,3,4,5,6,7;r31=0,1,2,3,4,5,6,7;r32=0,1,2,3,4,5;r33=0,1,2,3,4,5;r34=0,1,2,3,4,5",3.170640718,2212.73,3,1.000803,match
ablation_r16_p09,ablation,"r0=0,1,2,3;r1=0,1,2,3;r2=0,1,2;r3=0,1,2;r4=0,1,2;r5=0,1,2;r6=0,1,2,3;r7=0,1,2;r8=0,1,2;r9=0,1,2;r10=0,1,2,3;r11=0,1,2,3;r12=0,1,2;r13=0,1,2,3,4,5;r14=0,1,2,3,4;r15=0,1,2;r16=1,3,0,2,4;r17=0,1,2;r18=0,1,2;r19=0,1,2;r20=0,1,2;r21=0,1,2;r22=0,1,2,3,4;r23=0,1,2,3,4,5,6,7;r24=0,1,2,3,4,5,6,7;r25=0,1,2,3;r26=0,1,2;r27=0,1,2,3,4,5,6,7,8;r28=0,1,2,3;r29=0,1,2;r30=0,1,2,3,4,5,6,7;r31=0,1,2,3,4,5,6,7;r32=0,1,2,3,4,5;r33=0,1,2,3,4,5;r34=0,1,2,3,4,5",3.178975215,2213.03,3,1.003433,match
ablation_r16_p10,ablation,"r0=0,1,2,3;r1=0,1,2,3;r2=0,1,2;r3=0,1,2;r4=0,1,2;r5=0,1,2;r6=0,1,2,3;r7=0,1,2;r8=0,1,2;r9=0,1,2;r10=0,1,2,3;r11=0,1,2,3;r12=0,1,2;r13=0,1,2,3,4,5;r14=0,1,2,3,4;r15=0,1,2;r16=2,3,4,1,0;r17=0,1,2;r18=0,1,2;r19=0,1,2;r20=0,1,2;r21=0,1,2;r22=0,1,2,3,4;r23=0,1,2,3,4,5,6,7;r24=0,1,2,3,4,5,6,7;r25=0,1,2,3;r26=0,1,2;r27=0,1,2,3,4,5,6,7,8;r28=0,1,2,3;r29=0,1,2;r30=0,1,2,3,4,5,6,7;r31=0,1,2,3,4,5,6,7;r32=0,1,2,3,4,5;r33=0,1,2,3,4,5;r34=0,1,2,3,4,5",3.199304261,2226.76,3,1.009850,match
ablation_r16_p11,ablation,"r0=0,1,2,3;r1=0,1,2,3;r2=0,1,2;r3=0,1,2;r4=0,1,2;r5=0,1,2;r6=0,1,2,3;r7=0,1,2;r8=0,1,2;r9=0,1,2;r10=0,1,2,3;r11=0,1,2,3;r12=0,1,2;r13=0,1,2,3,4,5;r14=0,1,2,3,4;r15=0,1,2;r16=0,1,3,4,2;r17=0,1,2;r18=0,1,2;r19=0,1,2;r20=0,1,2;r21=0,1,2;r22=0,1,2,3,4;r23=0,1,2,3,4,5,6,7;r24=0,1,2,3,4,5,6,7;r25=0,1,2,3;r26=0,1,2;r27=0,1,2,3,4,5,6,7,8;r28=0,1,2,3;r29=0,1,2;r30=0,1,2,3,4,5,6,7;r31=0,1,2,3,4,5,6,7;r32=0,1,2,3,4,5;r33=0,1,2,3,4,5;r34=0,1,2,3,4,5",3.190924228,2198.67,3,1.007205,match
ablation_r16_p12,ablation,"r0=0,1,2,3;r1=0,1,2,3;r2=0,1,2;r3=0,1,2;r4=0,1,2;r5=0,1,2;r6=0,1,2,3;r7=0,1,2;r8=0,1,2;r9=0,1,2;r10=0,1,2,3;r11=0,1,2,3;r12=0,1,2;r13=0,1,2,3,4,5;r14=0,1,2,3,4;r15=0,1,2;r16=3,4,1,2,0;r17=0,1,2;r18=0,1,2;r19=0,1,2;r20=0,1,2;r21=0,1,2;r22=0,1,2,3,4;r23=0,1,2,3,4,5,6,7;r24=0,1,2,3,4,5,6,7;r25=0,1,2,3;r26=0,1,2;r27=0,1,2,3,4,5,6,7,8;r28=0,1,2,3;r29=0,1,2;r30=0,1,2,3,4,5,6,7;r31=0,1,2,3,4,5,6,7;r32=0,1,2,3,4,5;r33=0,1,2,3,4,5;r34=0,1,2,3,4,5",3.241447663,2211.97,3,1.023153,match
ablation_r17_p01,ablation,"r0=0,1,2,3;r1=0,1,2,3;r2=0,1,2;r3=0,1,2;r4=0,1,2;r5=0,1,2;r6=0,1,2,3;r7=0,1,2;r8=0,1,2;r9=0,1,2;r10=0,1,2,3;r11=0,1,2,3;r12=0,1,2;r13=0,1,2,3,4,5;r14=0,1,2,3,4;r15=0,1,2;r16=0,1,2,3,4;r17=1,2,0;r18=0,1,2;r19=0,1,2;r20=0,1,2;r21=0,1,2;r22=0,1,2,3,4;r23=0,1,2,3,4,5,6,7;r24=0,1,2,3,4,5,6,7;r25=0,1,2,3;r26=0,1,2;r27=0,1,2,3,4,5,6,7,8;r28=0,1,2,3;r29=0,1,2;r30=0,1,2,3,4,5,6,7;r31=0,1,2,3,4,5,6,7;r32=0,1,2,3,4,5;r33=0,1,2,3,4,5;r34=0,1,2,3,4,5",3.119382975,2174.50,3,0.984623,match
ablation_r18_p01,ablation,"r0=0,1,2,3;r1=0,1,2,3;r2=0,1,2;r3=0,1,2;r4=0,1,2;r5=0,1,2;r6=0,1,2,3;r7=0,1,2;r8=0,1,2;r9=0,1,2;r10=0,1,2,3;r11=0,1,2,3;r12=0,1,2;r13=0,1,2,3,4,5;r14=0,1,2,3,4;r15=0,1,2;r16=0,1,2,3,4;r17=0,1,2;r18=1,2,0;r19=0,1,2;r20=0,1,2;r21=0,1,2;r22=0,1,2,3,4;r23=0,1,2,3,4,5,6,7;r24=0,1,2,3,4,5,6,7;r25=0,1,2,3;r26=0,1,2;r27=0,1,2,3,4,5,6,7,8;r28=0,1,2,3;r29=0,1,2;r30=0,1,2,3,4,5,6,7;r31=0,1,2,3,4,5,6,7;r32=0,1,2,3,4,5;r33=0,1,2,3,4,5;r34=0,1,2,3,4,5",3.100456377,2219.61,3,0.978649,match
ablation_r19_p01,ablation,"r0=0,1,2,3;r1=0,1,2,3;r2=0,1,2;r3=0,1,2;r4=0,1,2;r5=0,1,2;r6=0,1,2,3;r7=0,1,2;r8=0,1,2;r9=0,1,2;r10=0,1,2,3;r11=0,1,2,3;r12=0,1,2;r13=0,1,2,3,4,5;r14=0,1,2,3,4;r15=0,1,2;r16=0,1,2,3,4;r17=0,1,2;r18=0,1,2;r19=0,2,1;r20=0,1,2;r21=0,1,2;r22=0,1,2,3,4;r23=0,1,2,3,4,5,6,7;r24=0,1,2,3,4,5,6,7;r25=0,1,2,3;r26=0,1,2;r27=0,1,2,3,4,5,6,7,8;r28=0,1,2,3;r29=0,1,2;r30=0,1,2,3,4,5,6,7;r31=0,1,2,3,4,5,6,7;r32=0,1,2,3,4,5;r33=0,1,2,3,4,5;r34=0,1,2,3,4,5",3.209395124,2219.62,3,1.013035,match
ablation_r19_p02,ablation,"r0=0,1,2,3;r1=0,1,2,3;r2=0,1,2;r3=0,1,2;r4=0,1,2;r5=0,1,2;r6=0,1,2,3;r7=0,1,2;r8=0,1,2;r9=0,1,2;r10=0,1,2,3;r11=0,1,2,3;r12=0,1,2;r13=0,1,2,3,4,5;r14=0,1,2,3,4;r15=0,1,2;r16=0,1,2,3,4;r17=0,1,2;r18=0,1,2;r19=1,2,0;r20=0,1,2;r21=0,1,2;r22=0,1,2,3,4;r23=0,1,2,3,4,5,6,7;r24=0,1,2,3,4,5,6,7;r25=0,1,2,3;r26=0,1,2;r27=0,1,2,3,4,5,6,7,8;r28=0,1,2,3;r29=0,1,2;r30=0,1,2,3,4,5,6,7;r31=0,1,2,3,4,5,6,7;r32=0,1,2,3,4,5;r33=0,1,2,3,4,5;r34=0,1,2,3,4,5",TIMEOUT,251532.06,0,N/A,TIMEOUT
ablation_r20_p01,ablation,"r0=0,1,2,3;r1=0,1,2,3;r2=0,1,2;r3=0,1,2;r4=0,1,2;r5=0,1,2;r6=0,1,2,3;r7=0,1,2;r8=0,1,2;r9=0,1,2;r10=0,1,2,3;r11=0,1,2,3;r12=0,1,2;r13=0,1,2,3,4,5;r14=0,1,2,3,4;r15=0,1,2;r16=0,1,2,3,4;r17=0,1,2;r18=0,1,2;r19=0,1,2;r20=0,2,1;r21=0,1,2;r22=0,1,2,3,4;r23=0,1,2,3,4,5,6,7;r24=0,1,2,3,4,5,6,7;r25=0,1,2,3;r26=0,1,2;r27=0,1,2,3,4,5,6,7,8;r28=0,1,2,3;r29=0,1,2;r30=0,1,2,3,4,5,6,7;r31=0,1,2,3,4,5,6,7;r32=0,1,2,3,4,5;r33=0,1,2,3,4,5;r34=0,1,2,3,4,5",3.202094516,2210.98,3,1.010731,match
ablation_r21_p01,ablation,"r0=0,1,2,3;r1=0,1,2,3;r2=0,1,2;r3=0,1,2;r4=0,1,2;r5=0,1,2;r6=0,1,2,3;r7=0,1,2;r8=0,1,2;r9=0,1,2;r10=0,1,2,3;r11=0,1,2,3;r12=0,1,2;r13=0,1,2,3,4,5;r14=0,1,2,3,4;r15=0,1,2;r16=0,1,2,3,4;r17=0,1,2;r18=0,1,2;r19=0,1,2;r20=0,1,2;r21=1,2,0;r22=0,1,2,3,4;r23=0,1,2,3,4,5,6,7;r24=0,1,2,3,4,5,6,7;r25=0,1,2,3;r26=0,1,2;r27=0,1,2,3,4,5,6,7,8;r28=0,1,2,3;r29=0,1,2;r30=0,1,2,3,4,5,6,7;r31=0,1,2,3,4,5,6,7;r32=0,1,2,3,4,5;r33=0,1,2,3,4,5;r34=0,1,2,3,4,5",3.094273675,2220.14,3,0.976698,match
ablation_r22_p01,ablation,"r0=0,1,2,3;r1=0,1,2,3;r2=0,1,2;r3=0,1,2;r4=0,1,2;r5=0,1,2;r6=0,1,2,3;r7=0,1,2;r8=0,1,2;r9=0,1,2;r10=0,1,2,3;r11=0,1,2,3;r12=0,1,2;r13=0,1,2,3,4,5;r14=0,1,2,3,4;r15=0,1,2;r16=0,1,2,3,4;r17=0,1,2;r18=0,1,2;r19=0,1,2;r20=0,1,2;r21=0,1,2;r22=1,4,0,3,2;r23=0,1,2,3,4,5,6,7;r24=0,1,2,3,4,5,6,7;r25=0,1,2,3;r26=0,1,2;r27=0,1,2,3,4,5,6,7,8;r28=0,1,2,3;r29=0,1,2;r30=0,1,2,3,4,5,6,7;r31=0,1,2,3,4,5,6,7;r32=0,1,2,3,4,5;r33=0,1,2,3,4,5;r34=0,1,2,3,4,5",2.641266528,1930.25,3,0.833707,match
ablation_r22_p02,ablation,"r0=0,1,2,3;r1=0,1,2,3;r2=0,1,2;r3=0,1,2;r4=0,1,2;r5=0,1,2;r6=0,1,2,3;r7=0,1,2;r8=0,1,2;r9=0,1,2;r10=0,1,2,3;r11=0,1,2,3;r12=0,1,2;r13=0,1,2,3,4,5;r14=0,1,2,3,4;r15=0,1,2;r16=0,1,2,3,4;r17=0,1,2;r18=0,1,2;r19=0,1,2;r20=0,1,2;r21=0,1,2;r22=1,2,0,3,4;r23=0,1,2,3,4,5,6,7;r24=0,1,2,3,4,5,6,7;r25=0,1,2,3;r26=0,1,2;r27=0,1,2,3,4,5,6,7,8;r28=0,1,2,3;r29=0,1,2;r30=0,1,2,3,4,5,6,7;r31=0,1,2,3,4,5,6,7;r32=0,1,2,3,4,5;r33=0,1,2,3,4,5;r34=0,1,2,3,4,5",3.076412746,2190.91,3,0.971060,match
ablation_r22_p03,ablation,"r0=0,1,2,3;r1=0,1,2,3;r2=0,1,2;r3=0,1,2;r4=0,1,2;r5=0,1,2;r6=0,1,2,3;r7=0,1,2;r8=0,1,2;r9=0,1,2;r10=0,1,2,3;r11=0,1,2,3;r12=0,1,2;r13=0,1,2,3,4,5;r14=0,1,2,3,4;r15=0,1,2;r16=0,1,2,3,4;r17=0,1,2;r18=0,1,2;r19=0,1,2;r20=0,1,2;r21=0,1,2;r22=0,1,4,3,2;r23=0,1,2,3,4,5,6,7;r24=0,1,2,3,4,5,6,7;r25=0,1,2,3;r26=0,1,2;r27=0,1,2,3,4,5,6,7,8;r28=0,1,2,3;r29=0,1,2;r30=0,1,2,3,4,5,6,7;r31=0,1,2,3,4,5,6,7;r32=0,1,2,3,4,5;r33=0,1,2,3,4,5;r34=0,1,2,3,4,5",2.575306661,1930.49,3,0.812887,match
ablation_r22_p04,ablation,"r0=0,1,2,3;r1=0,1,2,3;r2=0,1,2;r3=0,1,2;r4=0,1,2;r5=0,1,2;r6=0,1,2,3;r7=0,1,2;r8=0,1,2;r9=0,1,2;r10=0,1,2,3;r11=0,1,2,3;r12=0,1,2;r13=0,1,2,3,4,5;r14=0,1,2,3,4;r15=0,1,2;r16=0,1,2,3,4;r17=0,1,2;r18=0,1,2;r19=0,1,2;r20=0,1,2;r21=0,1,2;r22=1,4,2,3,0;r23=0,1,2,3,4,5,6,7;r24=0,1,2,3,4,5,6,7;r25=0,1,2,3;r26=0,1,2;r27=0,1,2,3,4,5,6,7,8;r28=0,1,2,3;r29=0,1,2;r30=0,1,2,3,4,5,6,7;r31=0,1,2,3,4,5,6,7;r32=0,1,2,3,4,5;r33=0,1,2,3,4,5;r34=0,1,2,3,4,5",4.363117002,1955.00,3,1.377204,match
ablation_r22_p05,ablation,"r0=0,1,2,3;r1=0,1,2,3;r2=0,1,2;r3=0,1,2;r4=0,1,2;r5=0,1,2;r6=0,1,2,3;r7=0,1,2;r8=0,1,2;r9=0,1,2;r10=0,1,2,3;r11=0,1,2,3;r12=0,1,2;r13=0,1,2,3,4,5;r14=0,1,2,3,4;r15=0,1,2;r16=0,1,2,3,4;r17=0,1,2;r18=0,1,2;r19=0,1,2;r20=0,1,2;r21=0,1,2;r22=3,4,1,2,0;r23=0,1,2,3,4,5,6,7;r24=0,1,2,3,4,5,6,7;r25=0,1,2,3;r26=0,1,2;r27=0,1,2,3,4,5,6,7,8;r28=0,1,2,3;r29=0,1,2;r30=0,1,2,3,4,5,6,7;r31=0,1,2,3,4,5,6,7;r32=0,1,2,3,4,5;r33=0,1,2,3,4,5;r34=0,1,2,3,4,5",2.762875511,2024.83,3,0.872093,match
ablation_r22_p06,ablation,"r0=0,1,2,3;r1=0,1,2,3;r2=0,1,2;r3=0,1,2;r4=0,1,2;r5=0,1,2;r6=0,1,2,3;r7=0,1,2;r8=0,1,2;r9=0,1,2;r10=0,1,2,3;r11=0,1,2,3;r12=0,1,2;r13=0,1,2,3,4,5;r14=0,1,2,3,4;r15=0,1,2;r16=0,1,2,3,4;r17=0,1,2;r18=0,1,2;r19=0,1,2;r20=0,1,2;r21=0,1,2;r22=1,4,2,0,3;r23=0,1,2,3,4,5,6,7;r24=0,1,2,3,4,5,6,7;r25=0,1,2,3;r26=0,1,2;r27=0,1,2,3,4,5,6,7,8;r28=0,1,2,3;r29=0,1,2;r30=0,1,2,3,4,5,6,7;r31=0,1,2,3,4,5,6,7;r32=0,1,2,3,4,5;r33=0,1,2,3,4,5;r34=0,1,2,3,4,5",4.579956873,1944.37,3,1.445649,match
ablation_r22_p07,ablation,"r0=0,1,2,3;r1=0,1,2,3;r2=0,1,2;r3=0,1,2;r4=0,1,2;r5=0,1,2;r6=0,1,2,3;r7=0,1,2;r8=0,1,2;r9=0,1,2;r10=0,1,2,3;r11=0,1,2,3;r12=0,1,2;r13=0,1,2,3,4,5;r14=0,1,2,3,4;r15=0,1,2;r16=0,1,2,3,4;r17=0,1,2;r18=0,1,2;r19=0,1,2;r20=0,1,2;r21=0,1,2;r22=1,4,3,0,2;r23=0,1,2,3,4,5,6,7;r24=0,1,2,3,4,5,6,7;r25=0,1,2,3;r26=0,1,2;r27=0,1,2,3,4,5,6,7,8;r28=0,1,2,3;r29=0,1,2;r30=0,1,2,3,4,5,6,7;r31=0,1,2,3,4,5,6,7;r32=0,1,2,3,4,5;r33=0,1,2,3,4,5;r34=0,1,2,3,4,5",2.579585281,1919.34,3,0.814238,match
ablation_r22_p08,ablation,"r0=0,1,2,3;r1=0,1,2,3;r2=0,1,2;r3=0,1,2;r4=0,1,2;r5=0,1,2;r6=0,1,2,3;r7=0,1,2;r8=0,1,2;r9=0,1,2;r10=0,1,2,3;r11=0,1,2,3;r12=0,1,2;r13=0,1,2,3,4,5;r14=0,1,2,3,4;r15=0,1,2;r16=0,1,2,3,4;r17=0,1,2;r18=0,1,2;r19=0,1,2;r20=0,1,2;r21=0,1,2;r22=1,2,3,0,4;r23=0,1,2,3,4,5,6,7;r24=0,1,2,3,4,5,6,7;r25=0,1,2,3;r26=0,1,2;r27=0,1,2,3,4,5,6,7,8;r28=0,1,2,3;r29=0,1,2;r30=0,1,2,3,4,5,6,7;r31=0,1,2,3,4,5,6,7;r32=0,1,2,3,4,5;r33=0,1,2,3,4,5;r34=0,1,2,3,4,5",3.177850997,2212.36,3,1.003079,match
ablation_r22_p09,ablation,"r0=0,1,2,3;r1=0,1,2,3;r2=0,1,2;r3=0,1,2;r4=0,1,2;r5=0,1,2;r6=0,1,2,3;r7=0,1,2;r8=0,1,2;r9=0,1,2;r10=0,1,2,3;r11=0,1,2,3;r12=0,1,2;r13=0,1,2,3,4,5;r14=0,1,2,3,4;r15=0,1,2;r16=0,1,2,3,4;r17=0,1,2;r18=0,1,2;r19=0,1,2;r20=0,1,2;r21=0,1,2;r22=1,4,0,2,3;r23=0,1,2,3,4,5,6,7;r24=0,1,2,3,4,5,6,7;r25=0,1,2,3;r26=0,1,2;r27=0,1,2,3,4,5,6,7,8;r28=0,1,2,3;r29=0,1,2;r30=0,1,2,3,4,5,6,7;r31=0,1,2,3,4,5,6,7;r32=0,1,2,3,4,5;r33=0,1,2,3,4,5;r34=0,1,2,3,4,5",4.261569881,1915.80,3,1.345151,match
ablation_r22_p10,ablation,"r0=0,1,2,3;r1=0,1,2,3;r2=0,1,2;r3=0,1,2;r4=0,1,2;r5=0,1,2;r6=0,1,2,3;r7=0,1,2;r8=0,1,2;r9=0,1,2;r10=0,1,2,3;r11=0,1,2,3;r12=0,1,2;r13=0,1,2,3,4,5;r14=0,1,2,3,4;r15=0,1,2;r16=0,1,2,3,4;r17=0,1,2;r18=0,1,2;r19=0,1,2;r20=0,1,2;r21=0,1,2;r22=1,2,0,4,3;r23=0,1,2,3,4,5,6,7;r24=0,1,2,3,4,5,6,7;r25=0,1,2,3;r26=0,1,2;r27=0,1,2,3,4,5,6,7,8;r28=0,1,2,3;r29=0,1,2;r30=0,1,2,3,4,5,6,7;r31=0,1,2,3,4,5,6,7;r32=0,1,2,3,4,5;r33=0,1,2,3,4,5;r34=0,1,2,3,4,5",4.082898926,1936.15,3,1.288754,match
ablation_r22_p11,ablation,"r0=0,1,2,3;r1=0,1,2,3;r2=0,1,2;r3=0,1,2;r4=0,1,2;r5=0,1,2;r6=0,1,2,3;r7=0,1,2;r8=0,1,2;r9=0,1,2;r10=0,1,2,3;r11=0,1,2,3;r12=0,1,2;r13=0,1,2,3,4,5;r14=0,1,2,3,4;r15=0,1,2;r16=0,1,2,3,4;r17=0,1,2;r18=0,1,2;r19=0,1,2;r20=0,1,2;r21=0,1,2;r22=0,1,2,4,3;r23=0,1,2,3,4,5,6,7;r24=0,1,2,3,4,5,6,7;r25=0,1,2,3;r26=0,1,2;r27=0,1,2,3,4,5,6,7,8;r28=0,1,2,3;r29=0,1,2;r30=0,1,2,3,4,5,6,7;r31=0,1,2,3,4,5,6,7;r32=0,1,2,3,4,5;r33=0,1,2,3,4,5;r34=0,1,2,3,4,5",4.008921768,1934.71,3,1.265403,match
ablation_r22_p12,ablation,"r0=0,1,2,3;r1=0,1,2,3;r2=0,1,2;r3=0,1,2;r4=0,1,2;r5=0,1,2;r6=0,1,2,3;r7=0,1,2;r8=0,1,2;r9=0,1,2;r10=0,1,2,3;r11=0,1,2,3;r12=0,1,2;r13=0,1,2,3,4,5;r14=0,1,2,3,4;r15=0,1,2;r16=0,1,2,3,4;r17=0,1,2;r18=0,1,2;r19=0,1,2;r20=0,1,2;r21=0,1,2;r22=1,2,4,0,3;r23=0,1,2,3,4,5,6,7;r24=0,1,2,3,4,5,6,7;r25=0,1,2,3;r26=0,1,2;r27=0,1,2,3,4,5,6,7,8;r28=0,1,2,3;r29=0,1,2;r30=0,1,2,3,4,5,6,7;r31=0,1,2,3,4,5,6,7;r32=0,1,2,3,4,5;r33=0,1,2,3,4,5;r34=0,1,2,3,4,5",3.958394612,1960.32,3,1.249455,match
ablation_r23_p01,ablation,"r0=0,1,2,3;r1=0,1,2,3;r2=0,1,2;r3=0,1,2;r4=0,1,2;r5=0,1,2;r6=0,1,2,3;r7=0,1,2;r8=0,1,2;r9=0,1,2;r10=0,1,2,3;r11=0,1,2,3;r12=0,1,2;r13=0,1,2,3,4,5;r14=0,1,2,3,4;r15=0,1,2;r16=0,1,2,3,4;r17=0,1,2;r18=0,1,2;r19=0,1,2;r20=0,1,2;r21=0,1,2;r22=0,1,2,3,4;r23=2,5,6,1,7,0,4,3;r24=0,1,2,3,4,5,6,7;r25=0,1,2,3;r26=0,1,2;r27=0,1,2,3,4,5,6,7,8;r28=0,1,2,3;r29=0,1,2;r30=0,1,2,3,4,5,6,7;r31=0,1,2,3,4,5,6,7;r32=0,1,2,3,4,5;r33=0,1,2,3,4,5;r34=0,1,2,3,4,5",15.846740731,11874.46,3,5.001974,match
ablation_r23_p02,ablation,"r0=0,1,2,3;r1=0,1,2,3;r2=0,1,2;r3=0,1,2;r4=0,1,2;r5=0,1,2;r6=0,1,2,3;r7=0,1,2;r8=0,1,2;r9=0,1,2;r10=0,1,2,3;r11=0,1,2,3;r12=0,1,2;r13=0,1,2,3,4,5;r14=0,1,2,3,4;r15=0,1,2;r16=0,1,2,3,4;r17=0,1,2;r18=0,1,2;r19=0,1,2;r20=0,1,2;r21=0,1,2;r22=0,1,2,3,4;r23=1,2,3,4,5,7,0,6;r24=0,1,2,3,4,5,6,7;r25=0,1,2,3;r26=0,1,2;r27=0,1,2,3,4,5,6,7,8;r28=0,1,2,3;r29=0,1,2;r30=0,1,2,3,4,5,6,7;r31=0,1,2,3,4,5,6,7;r32=0,1,2,3,4,5;r33=0,1,2,3,4,5;r34=0,1,2,3,4,5",3.112427832,2231.40,3,0.982428,match
ablation_r23_p03,ablation,"r0=0,1,2,3;r1=0,1,2,3;r2=0,1,2;r3=0,1,2;r4=0,1,2;r5=0,1,2;r6=0,1,2,3;r7=0,1,2;r8=0,1,2;r9=0,1,2;r10=0,1,2,3;r11=0,1,2,3;r12=0,1,2;r13=0,1,2,3,4,5;r14=0,1,2,3,4;r15=0,1,2;r16=0,1,2,3,4;r17=0,1,2;r18=0,1,2;r19=0,1,2;r20=0,1,2;r21=0,1,2;r22=0,1,2,3,4;r23=1,3,4,2,0,7,5,6;r24=0,1,2,3,4,5,6,7;r25=0,1,2,3;r26=0,1,2;r27=0,1,2,3,4,5,6,7,8;r28=0,1,2,3;r29=0,1,2;r30=0,1,2,3,4,5,6,7;r31=0,1,2,3,4,5,6,7;r32=0,1,2,3,4,5;r33=0,1,2,3,4,5;r34=0,1,2,3,4,5",3.166235852,2193.49,3,0.999412,match
ablation_r23_p04,ablation,"r0=0,1,2,3;r1=0,1,2,3;r2=0,1,2;r3=0,1,2;r4=0,1,2;r5=0,1,2;r6=0,1,2,3;r7=0,1,2;r8=0,1,2;r9=0,1,2;r10=0,1,2,3;r11=0,1,2,3;r12=0,1,2;r13=0,1,2,3,4,5;r14=0,1,2,3,4;r15=0,1,2;r16=0,1,2,3,4;r17=0,1,2;r18=0,1,2;r19=0,1,2;r20=0,1,2;r21=0,1,2;r22=0,1,2,3,4;r23=1,2,0,5,3,4,7,6;r24=0,1,2,3,4,5,6,7;r25=0,1,2,3;r26=0,1,2;r27=0,1,2,3,4,5,6,7,8;r28=0,1,2,3;r29=0,1,2;r30=0,1,2,3,4,5,6,7;r31=0,1,2,3,4,5,6,7;r32=0,1,2,3,4,5;r33=0,1,2,3,4,5;r34=0,1,2,3,4,5",3.256527883,2192.03,3,1.027913,match
ablation_r23_p05,ablation,"r0=0,1,2,3;r1=0,1,2,3;r2=0,1,2;r3=0,1,2;r4=0,1,2;r5=0,1,2;r6=0,1,2,3;r7=0,1,2;r8=0,1,2;r9=0,1,2;r10=0,1,2,3;r11=0,1,2,3;r12=0,1,2;r13=0,1,2,3,4,5;r14=0,1,2,3,4;r15=0,1,2;r16=0,1,2,3,4;r17=0,1,2;r18=0,1,2;r19=0,1,2;r20=0,1,2;r21=0,1,2;r22=0,1,2,3,4;r23=2,5,6,7,1,3,4,0;r24=0,1,2,3,4,5,6,7;r25=0,1,2,3;r26=0,1,2;r27=0,1,2,3,4,5,6,7,8;r28=0,1,2,3;r29=0,1,2;r30=0,1,2,3,4,5,6,7;r31=0,1,2,3,4,5,6,7;r32=0,1,2,3,4,5;r33=0,1,2,3,4,5;r34=0,1,2,3,4,5",66.713269242,7754.92,3,21.057833,match
ablation_r23_p06,ablation,"r0=0,1,2,3;r1=0,1,2,3;r2=0,1,2;r3=0,1,2;r4=0,1,2;r5=0,1,2;r6=0,1,2,3;r7=0,1,2;r8=0,1,2;r9=0,1,2;r10=0,1,2,3;r11=0,1,2,3;r12=0,1,2;r13=0,1,2,3,4,5;r14=0,1,2,3,4;r15=0,1,2;r16=0,1,2,3,4;r17=0,1,2;r18=0,1,2;r19=0,1,2;r20=0,1,2;r21=0,1,2;r22=0,1,2,3,4;r23=1,3,2,0,5,6,7,4;r24=0,1,2,3,4,5,6,7;r25=0,1,2,3;r26=0,1,2;r27=0,1,2,3,4,5,6,7,8;r28=0,1,2,3;r29=0,1,2;r30=0,1,2,3,4,5,6,7;r31=0,1,2,3,4,5,6,7;r32=0,1,2,3,4,5;r33=0,1,2,3,4,5;r34=0,1,2,3,4,5",97.460063756,6481.54,3,30.762961,match
ablation_r23_p07,ablation,"r0=0,1,2,3;r1=0,1,2,3;r2=0,1,2;r3=0,1,2;r4=0,1,2;r5=0,1,2;r6=0,1,2,3;r7=0,1,2;r8=0,1,2;r9=0,1,2;r10=0,1,2,3;r11=0,1,2,3;r12=0,1,2;r13=0,1,2,3,4,5;r14=0,1,2,3,4;r15=0,1,2;r16=0,1,2,3,4;r17=0,1,2;r18=0,1,2;r19=0,1,2;r20=0,1,2;r21=0,1,2;r22=0,1,2,3,4;r23=5,6,7,2,4,1,0,3;r24=0,1,2,3,4,5,6,7;r25=0,1,2,3;r26=0,1,2;r27=0,1,2,3,4,5,6,7,8;r28=0,1,2,3;r29=0,1,2;r30=0,1,2,3,4,5,6,7;r31=0,1,2,3,4,5,6,7;r32=0,1,2,3,4,5;r33=0,1,2,3,4,5;r34=0,1,2,3,4,5",254.473581996,39811.21,3,80.323782,match
ablation_r23_p08,ablation,"r0=0,1,2,3;r1=0,1,2,3;r2=0,1,2;r3=0,1,2;r4=0,1,2;r5=0,1,2;r6=0,1,2,3;r7=0,1,2;r8=0,1,2;r9=0,1,2;r10=0,1,2,3;r11=0,1,2,3;r12=0,1,2;r13=0,1,2,3,4,5;r14=0,1,2,3,4;r15=0,1,2;r16=0,1,2,3,4;r17=0,1,2;r18=0,1,2;r19=0,1,2;r20=0,1,2;r21=0,1,2;r22=0,1,2,3,4;r23=3,4,1,7,2,6,5,0;r24=0,1,2,3,4,5,6,7;r25=0,1,2,3;r26=0,1,2;r27=0,1,2,3,4,5,6,7,8;r28=0,1,2,3;r29=0,1,2;r30=0,1,2,3,4,5,6,7;r31=0,1,2,3,4,5,6,7;r32=0,1,2,3,4,5;r33=0,1,2,3,4,5;r34=0,1,2,3,4,5",3.305993749,2334.27,3,1.043526,match
ablation_r23_p09,ablation,"r0=0,1,2,3;r1=0,1,2,3;r2=0,1,2;r3=0,1,2;r4=0,1,2;r5=0,1,2;r6=0,1,2,3;r7=0,1,2;r8=0,1,2;r9=0,1,2;r10=0,1,2,3;r11=0,1,2,3;r12=0,1,2;r13=0,1,2,3,4,5;r14=0,1,2,3,4;r15=0,1,2;r16=0,1,2,3,4;r17=0,1,2;r18=0,1,2;r19=0,1,2;r20=0,1,2;r21=0,1,2;r22=0,1,2,3,4;r23=3,4,1,7,2,0,5,6;r24=0,1,2,3,4,5,6,7;r25=0,1,2,3;r26=0,1,2;r27=0,1,2,3,4,5,6,7,8;r28=0,1,2,3;r29=0,1,2;r30=0,1,2,3,4,5,6,7;r31=0,1,2,3,4,5,6,7;r32=0,1,2,3,4,5;r33=0,1,2,3,4,5;r34=0,1,2,3,4,5",3.394785216,2325.75,3,1.071553,match
ablation_r23_p10,ablation,"r0=0,1,2,3;r1=0,1,2,3;r2=0,1,2;r3=0,1,2;r4=0,1,2;r5=0,1,2;r6=0,1,2,3;r7=0,1,2;r8=0,1,2;r9=0,1,2;r10=0,1,2,3;r11=0,1,2,3;r12=0,1,2;r13=0,1,2,3,4,5;r14=0,1,2,3,4;r15=0,1,2;r16=0,1,2,3,4;r17=0,1,2;r18=0,1,2;r19=0,1,2;r20=0,1,2;r21=0,1,2;r22=0,1,2,3,4;r23=6,7,5,2,1,4,3,0;r24=0,1,2,3,4,5,6,7;r25=0,1,2,3;r26=0,1,2;r27=0,1,2,3,4,5,6,7,8;r28=0,1,2,3;r29=0,1,2;r30=0,1,2,3,4,5,6,7;r31=0,1,2,3,4,5,6,7;r32=0,1,2,3,4,5;r33=0,1,2,3,4,5;r34=0,1,2,3,4,5",20.962437523,13229.04,3,6.616727,match
ablation_r23_p11,ablation,"r0=0,1,2,3;r1=0,1,2,3;r2=0,1,2;r3=0,1,2;r4=0,1,2;r5=0,1,2;r6=0,1,2,3;r7=0,1,2;r8=0,1,2;r9=0,1,2;r10=0,1,2,3;r11=0,1,2,3;r12=0,1,2;r13=0,1,2,3,4,5;r14=0,1,2,3,4;r15=0,1,2;r16=0,1,2,3,4;r17=0,1,2;r18=0,1,2;r19=0,1,2;r20=0,1,2;r21=0,1,2;r22=0,1,2,3,4;r23=6,7,4,3,5,2,1,0;r24=0,1,2,3,4,5,6,7;r25=0,1,2,3;r26=0,1,2;r27=0,1,2,3,4,5,6,7,8;r28=0,1,2,3;r29=0,1,2;r30=0,1,2,3,4,5,6,7;r31=0,1,2,3,4,5,6,7;r32=0,1,2,3,4,5;r33=0,1,2,3,4,5;r34=0,1,2,3,4,5",N/A,N/A,0,N/A,FAIL
ablation_r23_p12,ablation,"r0=0,1,2,3;r1=0,1,2,3;r2=0,1,2;r3=0,1,2;r4=0,1,2;r5=0,1,2;r6=0,1,2,3;r7=0,1,2;r8=0,1,2;r9=0,1,2;r10=0,1,2,3;r11=0,1,2,3;r12=0,1,2;r13=0,1,2,3,4,5;r14=0,1,2,3,4;r15=0,1,2;r16=0,1,2,3,4;r17=0,1,2;r18=0,1,2;r19=0,1,2;r20=0,1,2;r21=0,1,2;r22=0,1,2,3,4;r23=1,3,4,0,2,7,5,6;r24=0,1,2,3,4,5,6,7;r25=0,1,2,3;r26=0,1,2;r27=0,1,2,3,4,5,6,7,8;r28=0,1,2,3;r29=0,1,2;r30=0,1,2,3,4,5,6,7;r31=0,1,2,3,4,5,6,7;r32=0,1,2,3,4,5;r33=0,1,2,3,4,5;r34=0,1,2,3,4,5",3.189757186,2210.07,3,1.006837,match
ablation_r24_p01,ablation,"r0=0,1,2,3;r1=0,1,2,3;r2=0,1,2;r3=0,1,2;r4=0,1,2;r5=0,1,2;r6=0,1,2,3;r7=0,1,2;r8=0,1,2;r9=0,1,2;r10=0,1,2,3;r11=0,1,2,3;r12=0,1,2;r13=0,1,2,3,4,5;r14=0,1,2,3,4;r15=0,1,2;r16=0,1,2,3,4;r17=0,1,2;r18=0,1,2;r19=0,1,2;r20=0,1,2;r21=0,1,2;r22=0,1,2,3,4;r23=0,1,2,3,4,5,6,7;r24=2,5,1,6,3,4,7,0;r25=0,1,2,3;r26=0,1,2;r27=0,1,2,3,4,5,6,7,8;r28=0,1,2,3;r29=0,1,2;r30=0,1,2,3,4,5,6,7;r31=0,1,2,3,4,5,6,7;r32=0,1,2,3,4,5;r33=0,1,2,3,4,5;r34=0,1,2,3,4,5",3.300982257,2317.80,3,1.041945,match
ablation_r24_p02,ablation,"r0=0,1,2,3;r1=0,1,2,3;r2=0,1,2;r3=0,1,2;r4=0,1,2;r5=0,1,2;r6=0,1,2,3;r7=0,1,2;r8=0,1,2;r9=0,1,2;r10=0,1,2,3;r11=0,1,2,3;r12=0,1,2;r13=0,1,2,3,4,5;r14=0,1,2,3,4;r15=0,1,2;r16=0,1,2,3,4;r17=0,1,2;r18=0,1,2;r19=0,1,2;r20=0,1,2;r21=0,1,2;r22=0,1,2,3,4;r23=0,1,2,3,4,5,6,7;r24=1,2,4,5,7,0,6,3;r25=0,1,2,3;r26=0,1,2;r27=0,1,2,3,4,5,6,7,8;r28=0,1,2,3;r29=0,1,2;r30=0,1,2,3,4,5,6,7;r31=0,1,2,3,4,5,6,7;r32=0,1,2,3,4,5;r33=0,1,2,3,4,5;r34=0,1,2,3,4,5",6.034561185,2862.71,3,1.904790,match
ablation_r24_p03,ablation,"r0=0,1,2,3;r1=0,1,2,3;r2=0,1,2;r3=0,1,2;r4=0,1,2;r5=0,1,2;r6=0,1,2,3;r7=0,1,2;r8=0,1,2;r9=0,1,2;r10=0,1,2,3;r11=0,1,2,3;r12=0,1,2;r13=0,1,2,3,4,5;r14=0,1,2,3,4;r15=0,1,2;r16=0,1,2,3,4;r17=0,1,2;r18=0,1,2;r19=0,1,2;r20=0,1,2;r21=0,1,2;r22=0,1,2,3,4;r23=0,1,2,3,4,5,6,7;r24=4,7,1,0,2,6,5,3;r25=0,1,2,3;r26=0,1,2;r27=0,1,2,3,4,5,6,7,8;r28=0,1,2,3;r29=0,1,2;r30=0,1,2,3,4,5,6,7;r31=0,1,2,3,4,5,6,7;r32=0,1,2,3,4,5;r33=0,1,2,3,4,5;r34=0,1,2,3,4,5",39.364989812,18357.31,3,12.425435,match
ablation_r24_p04,ablation,"r0=0,1,2,3;r1=0,1,2,3;r2=0,1,2;r3=0,1,2;r4=0,1,2;r5=0,1,2;r6=0,1,2,3;r7=0,1,2;r8=0,1,2;r9=0,1,2;r10=0,1,2,3;r11=0,1,2,3;r12=0,1,2;r13=0,1,2,3,4,5;r14=0,1,2,3,4;r15=0,1,2;r16=0,1,2,3,4;r17=0,1,2;r18=0,1,2;r19=0,1,2;r20=0,1,2;r21=0,1,2;r22=0,1,2,3,4;r23=0,1,2,3,4,5,6,7;r24=1,2,0,3,5,6,4,7;r25=0,1,2,3;r26=0,1,2;r27=0,1,2,3,4,5,6,7,8;r28=0,1,2,3;r29=0,1,2;r30=0,1,2,3,4,5,6,7;r31=0,1,2,3,4,5,6,7;r32=0,1,2,3,4,5;r33=0,1,2,3,4,5;r34=0,1,2,3,4,5",3.083551178,2221.84,3,0.973313,match
ablation_r24_p05,ablation,"r0=0,1,2,3;r1=0,1,2,3;r2=0,1,2;r3=0,1,2;r4=0,1,2;r5=0,1,2;r6=0,1,2,3;r7=0,1,2;r8=0,1,2;r9=0,1,2;r10=0,1,2,3;r11=0,1,2,3;r12=0,1,2;r13=0,1,2,3,4,5;r14=0,1,2,3,4;r15=0,1,2;r16=0,1,2,3,4;r17=0,1,2;r18=0,1,2;r19=0,1,2;r20=0,1,2;r21=0,1,2;r22=0,1,2,3,4;r23=0,1,2,3,4,5,6,7;r24=0,1,4,2,5,6,7,3;r25=0,1,2,3;r26=0,1,2;r27=0,1,2,3,4,5,6,7,8;r28=0,1,2,3;r29=0,1,2;r30=0,1,2,3,4,5,6,7;r31=0,1,2,3,4,5,6,7;r32=0,1,2,3,4,5;r33=0,1,2,3,4,5;r34=0,1,2,3,4,5",3.113917202,2158.20,3,0.982898,match
ablation_r24_p06,ablation,"r0=0,1,2,3;r1=0,1,2,3;r2=0,1,2;r3=0,1,2;r4=0,1,2;r5=0,1,2;r6=0,1,2,3;r7=0,1,2;r8=0,1,2;r9=0,1,2;r10=0,1,2,3;r11=0,1,2,3;r12=0,1,2;r13=0,1,2,3,4,5;r14=0,1,2,3,4;r15=0,1,2;r16=0,1,2,3,4;r17=0,1,2;r18=0,1,2;r19=0,1,2;r20=0,1,2;r21=0,1,2;r22=0,1,2,3,4;r23=0,1,2,3,4,5,6,7;r24=3,5,2,1,0,4,7,6;r25=0,1,2,3;r26=0,1,2;r27=0,1,2,3,4,5,6,7,8;r28=0,1,2,3;r29=0,1,2;r30=0,1,2,3,4,5,6,7;r31=0,1,2,3,4,5,6,7;r32=0,1,2,3,4,5;r33=0,1,2,3,4,5;r34=0,1,2,3,4,5",199.162966525,14658.23,3,62.865161,match
ablation_r24_p07,ablation,"r0=0,1,2,3;r1=0,1,2,3;r2=0,1,2;r3=0,1,2;r4=0,1,2;r5=0,1,2;r6=0,1,2,3;r7=0,1,2;r8=0,1,2;r9=0,1,2;r10=0,1,2,3;r11=0,1,2,3;r12=0,1,2;r13=0,1,2,3,4,5;r14=0,1,2,3,4;r15=0,1,2;r16=0,1,2,3,4;r17=0,1,2;r18=0,1,2;r19=0,1,2;r20=0,1,2;r21=0,1,2;r22=0,1,2,3,4;r23=0,1,2,3,4,5,6,7;r24=1,2,5,0,4,7,3,6;r25=0,1,2,3;r26=0,1,2;r27=0,1,2,3,4,5,6,7,8;r28=0,1,2,3;r29=0,1,2;r30=0,1,2,3,4,5,6,7;r31=0,1,2,3,4,5,6,7;r32=0,1,2,3,4,5;r33=0,1,2,3,4,5;r34=0,1,2,3,4,5",5.339675082,2852.41,3,1.685452,match
ablation_r24_p08,ablation,"r0=0,1,2,3;r1=0,1,2,3;r2=0,1,2;r3=0,1,2;r4=0,1,2;r5=0,1,2;r6=0,1,2,3;r7=0,1,2;r8=0,1,2;r9=0,1,2;r10=0,1,2,3;r11=0,1,2,3;r12=0,1,2;r13=0,1,2,3,4,5;r14=0,1,2,3,4;r15=0,1,2;r16=0,1,2,3,4;r17=0,1,2;r18=0,1,2;r19=0,1,2;r20=0,1,2;r21=0,1,2;r22=0,1,2,3,4;r23=0,1,2,3,4,5,6,7;r24=4,7,6,5,3,1,0,2;r25=0,1,2,3;r26=0,1,2;r27=0,1,2,3,4,5,6,7,8;r28=0,1,2,3;r29=0,1,2;r30=0,1,2,3,4,5,6,7;r31=0,1,2,3,4,5,6,7;r32=0,1,2,3,4,5;r33=0,1,2,3,4,5;r34=0,1,2,3,4,5",257.954882511,146874.63,3,81.422643,match
ablation_r24_p09,ablation,"r0=0,1,2,3;r1=0,1,2,3;r2=0,1,2;r3=0,1,2;r4=0,1,2;r5=0,1,2;r6=0,1,2,3;r7=0,1,2;r8=0,1,2;r9=0,1,2;r10=0,1,2,3;r11=0,1,2,3;r12=0,1,2;r13=0,1,2,3,4,5;r14=0,1,2,3,4;r15=0,1,2;r16=0,1,2,3,4;r17=0,1,2;r18=0,1,2;r19=0,1,2;r20=0,1,2;r21=0,1,2;r22=0,1,2,3,4;r23=0,1,2,3,4,5,6,7;r24=1,2,5,6,4,3,7,0;r25=0,1,2,3;r26=0,1,2;r27=0,1,2,3,4,5,6,7,8;r28=0,1,2,3;r29=0,1,2;r30=0,1,2,3,4,5,6,7;r31=0,1,2,3,4,5,6,7;r32=0,1,2,3,4,5;r33=0,1,2,3,4,5;r34=0,1,2,3,4,5",3.092335069,2197.62,3,0.976086,match
ablation_r24_p10,ablation,"r0=0,1,2,3;r1=0,1,2,3;r2=0,1,2;r3=0,1,2;r4=0,1,2;r5=0,1,2;r6=0,1,2,3;r7=0,1,2;r8=0,1,2;r9=0,1,2;r10=0,1,2,3;r11=0,1,2,3;r12=0,1,2;r13=0,1,2,3,4,5;r14=0,1,2,3,4;r15=0,1,2;r16=0,1,2,3,4;r17=0,1,2;r18=0,1,2;r19=0,1,2;r20=0,1,2;r21=0,1,2;r22=0,1,2,3,4;r23=0,1,2,3,4,5,6,7;r24=1,2,0,4,5,7,3,6;r25=0,1,2,3;r26=0,1,2;r27=0,1,2,3,4,5,6,7,8;r28=0,1,2,3;r29=0,1,2;r30=0,1,2,3,4,5,6,7;r31=0,1,2,3,4,5,6,7;r32=0,1,2,3,4,5;r33=0,1,2,3,4,5;r34=0,1,2,3,4,5",5.965508828,2848.28,3,1.882994,match
ablation_r24_p11,ablation,"r0=0,1,2,3;r1=0,1,2,3;r2=0,1,2;r3=0,1,2;r4=0,1,2;r5=0,1,2;r6=0,1,2,3;r7=0,1,2;r8=0,1,2;r9=0,1,2;r10=0,1,2,3;r11=0,1,2,3;r12=0,1,2;r13=0,1,2,3,4,5;r14=0,1,2,3,4;r15=0,1,2;r16=0,1,2,3,4;r17=0,1,2;r18=0,1,2;r19=0,1,2;r20=0,1,2;r21=0,1,2;r22=0,1,2,3,4;r23=0,1,2,3,4,5,6,7;r24=5,6,7,4,1,2,3,0;r25=0,1,2,3;r26=0,1,2;r27=0,1,2,3,4,5,6,7,8;r28=0,1,2,3;r29=0,1,2;r30=0,1,2,3,4,5,6,7;r31=0,1,2,3,4,5,6,7;r32=0,1,2,3,4,5;r33=0,1,2,3,4,5;r34=0,1,2,3,4,5",20.278854000,18640.91,3,6.400956,match
ablation_r24_p12,ablation,"r0=0,1,2,3;r1=0,1,2,3;r2=0,1,2;r3=0,1,2;r4=0,1,2;r5=0,1,2;r6=0,1,2,3;r7=0,1,2;r8=0,1,2;r9=0,1,2;r10=0,1,2,3;r11=0,1,2,3;r12=0,1,2;r13=0,1,2,3,4,5;r14=0,1,2,3,4;r15=0,1,2;r16=0,1,2,3,4;r17=0,1,2;r18=0,1,2;r19=0,1,2;r20=0,1,2;r21=0,1,2;r22=0,1,2,3,4;r23=0,1,2,3,4,5,6,7;r24=1,2,5,0,6,4,7,3;r25=0,1,2,3;r26=0,1,2;r27=0,1,2,3,4,5,6,7,8;r28=0,1,2,3;r29=0,1,2;r30=0,1,2,3,4,5,6,7;r31=0,1,2,3,4,5,6,7;r32=0,1,2,3,4,5;r33=0,1,2,3,4,5;r34=0,1,2,3,4,5",3.122766242,2182.93,3,0.985691,match
ablation_r25_p01,ablation,"r0=0,1,2,3;r1=0,1,2,3;r2=0,1,2;r3=0,1,2;r4=0,1,2;r5=0,1,2;r6=0,1,2,3;r7=0,1,2;r8=0,1,2;r9=0,1,2;r10=0,1,2,3;r11=0,1,2,3;r12=0,1,2;r13=0,1,2,3,4,5;r14=0,1,2,3,4;r15=0,1,2;r16=0,1,2,3,4;r17=0,1,2;r18=0,1,2;r19=0,1,2;r20=0,1,2;r21=0,1,2;r22=0,1,2,3,4;r23=0,1,2,3,4,5,6,7;r24=0,1,2,3,4,5,6,7;r25=0,1,3,2;r26=0,1,2;r27=0,1,2,3,4,5,6,7,8;r28=0,1,2,3;r29=0,1,2;r30=0,1,2,3,4,5,6,7;r31=0,1,2,3,4,5,6,7;r32=0,1,2,3,4,5;r33=0,1,2,3,4,5;r34=0,1,2,3,4,5",3.845916132,2351.70,3,1.213951,match
ablation_r25_p02,ablation,"r0=0,1,2,3;r1=0,1,2,3;r2=0,1,2;r3=0,1,2;r4=0,1,2;r5=0,1,2;r6=0,1,2,3;r7=0,1,2;r8=0,1,2;r9=0,1,2;r10=0,1,2,3;r11=0,1,2,3;r12=0,1,2;r13=0,1,2,3,4,5;r14=0,1,2,3,4;r15=0,1,2;r16=0,1,2,3,4;r17=0,1,2;r18=0,1,2;r19=0,1,2;r20=0,1,2;r21=0,1,2;r22=0,1,2,3,4;r23=0,1,2,3,4,5,6,7;r24=0,1,2,3,4,5,6,7;r25=1,2,0,3;r26=0,1,2;r27=0,1,2,3,4,5,6,7,8;r28=0,1,2,3;r29=0,1,2;r30=0,1,2,3,4,5,6,7;r31=0,1,2,3,4,5,6,7;r32=0,1,2,3,4,5;r33=0,1,2,3,4,5;r34=0,1,2,3,4,5",3.182082117,2212.12,3,1.004414,match
ablation_r25_p03,ablation,"r0=0,1,2,3;r1=0,1,2,3;r2=0,1,2;r3=0,1,2;r4=0,1,2;r5=0,1,2;r6=0,1,2,3;r7=0,1,2;r8=0,1,2;r9=0,1,2;r10=0,1,2,3;r11=0,1,2,3;r12=0,1,2;r13=0,1,2,3,4,5;r14=0,1,2,3,4;r15=0,1,2;r16=0,1,2,3,4;r17=0,1,2;r18=0,1,2;r19=0,1,2;r20=0,1,2;r21=0,1,2;r22=0,1,2,3,4;r23=0,1,2,3,4,5,6,7;r24=0,1,2,3,4,5,6,7;r25=1,2,3,0;r26=0,1,2;r27=0,1,2,3,4,5,6,7,8;r28=0,1,2,3;r29=0,1,2;r30=0,1,2,3,4,5,6,7;r31=0,1,2,3,4,5,6,7;r32=0,1,2,3,4,5;r33=0,1,2,3,4,5;r34=0,1,2,3,4,5",3.122011356,2210.19,3,0.985453,match
ablation_r25_p04,ablation,"r0=0,1,2,3;r1=0,1,2,3;r2=0,1,2;r3=0,1,2;r4=0,1,2;r5=0,1,2;r6=0,1,2,3;r7=0,1,2;r8=0,1,2;r9=0,1,2;r10=0,1,2,3;r11=0,1,2,3;r12=0,1,2;r13=0,1,2,3,4,5;r14=0,1,2,3,4;r15=0,1,2;r16=0,1,2,3,4;r17=0,1,2;r18=0,1,2;r19=0,1,2;r20=0,1,2;r21=0,1,2;r22=0,1,2,3,4;r23=0,1,2,3,4,5,6,7;r24=0,1,2,3,4,5,6,7;r25=1,3,0,2;r26=0,1,2;r27=0,1,2,3,4,5,6,7,8;r28=0,1,2,3;r29=0,1,2;r30=0,1,2,3,4,5,6,7;r31=0,1,2,3,4,5,6,7;r32=0,1,2,3,4,5;r33=0,1,2,3,4,5;r34=0,1,2,3,4,5",3.749566196,2378.68,3,1.183539,match
ablation_r25_p05,ablation,"r0=0,1,2,3;r1=0,1,2,3;r2=0,1,2;r3=0,1,2;r4=0,1,2;r5=0,1,2;r6=0,1,2,3;r7=0,1,2;r8=0,1,2;r9=0,1,2;r10=0,1,2,3;r11=0,1,2,3;r12=0,1,2;r13=0,1,2,3,4,5;r14=0,1,2,3,4;r15=0,1,2;r16=0,1,2,3,4;r17=0,1,2;r18=0,1,2;r19=0,1,2;r20=0,1,2;r21=0,1,2;r22=0,1,2,3,4;r23=0,1,2,3,4,5,6,7;r24=0,1,2,3,4,5,6,7;r25=1,3,2,0;r26=0,1,2;r27=0,1,2,3,4,5,6,7,8;r28=0,1,2,3;r29=0,1,2;r30=0,1,2,3,4,5,6,7;r31=0,1,2,3,4,5,6,7;r32=0,1,2,3,4,5;r33=0,1,2,3,4,5;r34=0,1,2,3,4,5",3.698250667,2371.12,3,1.167341,match
ablation_r25_p06,ablation,"r0=0,1,2,3;r1=0,1,2,3;r2=0,1,2;r3=0,1,2;r4=0,1,2;r5=0,1,2;r6=0,1,2,3;r7=0,1,2;r8=0,1,2;r9=0,1,2;r10=0,1,2,3;r11=0,1,2,3;r12=0,1,2;r13=0,1,2,3,4,5;r14=0,1,2,3,4;r15=0,1,2;r16=0,1,2,3,4;r17=0,1,2;r18=0,1,2;r19=0,1,2;r20=0,1,2;r21=0,1,2;r22=0,1,2,3,4;r23=0,1,2,3,4,5,6,7;r24=0,1,2,3,4,5,6,7;r25=2,3,1,0;r26=0,1,2;r27=0,1,2,3,4,5,6,7,8;r28=0,1,2,3;r29=0,1,2;r30=0,1,2,3,4,5,6,7;r31=0,1,2,3,4,5,6,7;r32=0,1,2,3,4,5;r33=0,1,2,3,4,5;r34=0,1,2,3,4,5",13.681401430,4328.47,3,4.318491,match
ablation_r26_p01,ablation,"r0=0,1,2,3;r1=0,1,2,3;r2=0,1,2;r3=0,1,2;r4=0,1,2;r5=0,1,2;r6=0,1,2,3;r7=0,1,2;r8=0,1,2;r9=0,1,2;r10=0,1,2,3;r11=0,1,2,3;r12=0,1,2;r13=0,1,2,3,4,5;r14=0,1,2,3,4;r15=0,1,2;r16=0,1,2,3,4;r17=0,1,2;r18=0,1,2;r19=0,1,2;r20=0,1,2;r21=0,1,2;r22=0,1,2,3,4;r23=0,1,2,3,4,5,6,7;r24=0,1,2,3,4,5,6,7;r25=0,1,2,3;r26=1,2,0;r27=0,1,2,3,4,5,6,7,8;r28=0,1,2,3;r29=0,1,2;r30=0,1,2,3,4,5,6,7;r31=0,1,2,3,4,5,6,7;r32=0,1,2,3,4,5;r33=0,1,2,3,4,5;r34=0,1,2,3,4,5",3.130452367,2212.25,3,0.988117,match
ablation_r27_p01,ablation,"r0=0,1,2,3;r1=0,1,2,3;r2=0,1,2;r3=0,1,2;r4=0,1,2;r5=0,1,2;r6=0,1,2,3;r7=0,1,2;r8=0,1,2;r9=0,1,2;r10=0,1,2,3;r11=0,1,2,3;r12=0,1,2;r13=0,1,2,3,4,5;r14=0,1,2,3,4;r15=0,1,2;r16=0,1,2,3,4;r17=0,1,2;r18=0,1,2;r19=0,1,2;r20=0,1,2;r21=0,1,2;r22=0,1,2,3,4;r23=0,1,2,3,4,5,6,7;r24=0,1,2,3,4,5,6,7;r25=0,1,2,3;r26=0,1,2;r27=1,5,2,7,3,8,6,4,0;r28=0,1,2,3;r29=0,1,2;r30=0,1,2,3,4,5,6,7;r31=0,1,2,3,4,5,6,7;r32=0,1,2,3,4,5;r33=0,1,2,3,4,5;r34=0,1,2,3,4,5",104.753770048,13164.70,3,33.065196,match
ablation_r27_p02,ablation,"r0=0,1,2,3;r1=0,1,2,3;r2=0,1,2;r3=0,1,2;r4=0,1,2;r5=0,1,2;r6=0,1,2,3;r7=0,1,2;r8=0,1,2;r9=0,1,2;r10=0,1,2,3;r11=0,1,2,3;r12=0,1,2;r13=0,1,2,3,4,5;r14=0,1,2,3,4;r15=0,1,2;r16=0,1,2,3,4;r17=0,1,2;r18=0,1,2;r19=0,1,2;r20=0,1,2;r21=0,1,2;r22=0,1,2,3,4;r23=0,1,2,3,4,5,6,7;r24=0,1,2,3,4,5,6,7;r25=0,1,2,3;r26=0,1,2;r27=3,4,2,7,8,5,1,0,6;r28=0,1,2,3;r29=0,1,2;r30=0,1,2,3,4,5,6,7;r31=0,1,2,3,4,5,6,7;r32=0,1,2,3,4,5;r33=0,1,2,3,4,5;r34=0,1,2,3,4,5",19.516339653,6373.18,3,6.160271,match
ablation_r27_p03,ablation,"r0=0,1,2,3;r1=0,1,2,3;r2=0,1,2;r3=0,1,2;r4=0,1,2;r5=0,1,2;r6=0,1,2,3;r7=0,1,2;r8=0,1,2;r9=0,1,2;r10=0,1,2,3;r11=0,1,2,3;r12=0,1,2;r13=0,1,2,3,4,5;r14=0,1,2,3,4;r15=0,1,2;r16=0,1,2,3,4;r17=0,1,2;r18=0,1,2;r19=0,1,2;r20=0,1,2;r21=0,1,2;r22=0,1,2,3,4;r23=0,1,2,3,4,5,6,7;r24=0,1,2,3,4,5,6,7;r25=0,1,2,3;r26=0,1,2;r27=2,5,3,7,1,0,4,8,6;r28=0,1,2,3;r29=0,1,2;r30=0,1,2,3,4,5,6,7;r31=0,1,2,3,4,5,6,7;r32=0,1,2,3,4,5;r33=0,1,2,3,4,5;r34=0,1,2,3,4,5",403.996466554,17823.00,3,127.520208,match
ablation_r27_p04,ablation,"r0=0,1,2,3;r1=0,1,2,3;r2=0,1,2;r3=0,1,2;r4=0,1,2;r5=0,1,2;r6=0,1,2,3;r7=0,1,2;r8=0,1,2;r9=0,1,2;r10=0,1,2,3;r11=0,1,2,3;r12=0,1,2;r13=0,1,2,3,4,5;r14=0,1,2,3,4;r15=0,1,2;r16=0,1,2,3,4;r17=0,1,2;r18=0,1,2;r19=0,1,2;r20=0,1,2;r21=0,1,2;r22=0,1,2,3,4;r23=0,1,2,3,4,5,6,7;r24=0,1,2,3,4,5,6,7;r25=0,1,2,3;r26=0,1,2;r27=4,7,8,5,1,2,0,6,3;r28=0,1,2,3;r29=0,1,2;r30=0,1,2,3,4,5,6,7;r31=0,1,2,3,4,5,6,7;r32=0,1,2,3,4,5;r33=0,1,2,3,4,5;r34=0,1,2,3,4,5",81.669390214,28518.91,3,25.778685,match
ablation_r27_p05,ablation,"r0=0,1,2,3;r1=0,1,2,3;r2=0,1,2;r3=0,1,2;r4=0,1,2;r5=0,1,2;r6=0,1,2,3;r7=0,1,2;r8=0,1,2;r9=0,1,2;r10=0,1,2,3;r11=0,1,2,3;r12=0,1,2;r13=0,1,2,3,4,5;r14=0,1,2,3,4;r15=0,1,2;r16=0,1,2,3,4;r17=0,1,2;r18=0,1,2;r19=0,1,2;r20=0,1,2;r21=0,1,2;r22=0,1,2,3,4;r23=0,1,2,3,4,5,6,7;r24=0,1,2,3,4,5,6,7;r25=0,1,2,3;r26=0,1,2;r27=6,7,2,4,1,3,5,8,0;r28=0,1,2,3;r29=0,1,2;r30=0,1,2,3,4,5,6,7;r31=0,1,2,3,4,5,6,7;r32=0,1,2,3,4,5;r33=0,1,2,3,4,5;r34=0,1,2,3,4,5",21.800344407,13637.48,3,6.881210,match
ablation_r27_p06,ablation,"r0=0,1,2,3;r1=0,1,2,3;r2=0,1,2;r3=0,1,2;r4=0,1,2;r5=0,1,2;r6=0,1,2,3;r7=0,1,2;r8=0,1,2;r9=0,1,2;r10=0,1,2,3;r11=0,1,2,3;r12=0,1,2;r13=0,1,2,3,4,5;r14=0,1,2,3,4;r15=0,1,2;r16=0,1,2,3,4;r17=0,1,2;r18=0,1,2;r19=0,1,2;r20=0,1,2;r21=0,1,2;r22=0,1,2,3,4;r23=0,1,2,3,4,5,6,7;r24=0,1,2,3,4,5,6,7;r25=0,1,2,3;r26=0,1,2;r27=2,6,7,5,4,3,8,1,0;r28=0,1,2,3;r29=0,1,2;r30=0,1,2,3,4,5,6,7;r31=0,1,2,3,4,5,6,7;r32=0,1,2,3,4,5;r33=0,1,2,3,4,5;r34=0,1,2,3,4,5",19.918092212,13894.65,3,6.287083,match
ablation_r27_p07,ablation,"r0=0,1,2,3;r1=0,1,2,3;r2=0,1,2;r3=0,1,2;r4=0,1,2;r5=0,1,2;r6=0,1,2,3;r7=0,1,2;r8=0,1,2;r9=0,1,2;r10=0,1,2,3;r11=0,1,2,3;r12=0,1,2;r13=0,1,2,3,4,5;r14=0,1,2,3,4;r15=0,1,2;r16=0,1,2,3,4;r17=0,1,2;r18=0,1,2;r19=0,1,2;r20=0,1,2;r21=0,1,2;r22=0,1,2,3,4;r23=0,1,2,3,4,5,6,7;r24=0,1,2,3,4,5,6,7;r25=0,1,2,3;r26=0,1,2;r27=1,6,2,7,0,4,3,8,5;r28=0,1,2,3;r29=0,1,2;r30=0,1,2,3,4,5,6,7;r31=0,1,2,3,4,5,6,7;r32=0,1,2,3,4,5;r33=0,1,2,3,4,5;r34=0,1,2,3,4,5",19.732707404,13927.98,3,6.228567,match
ablation_r27_p08,ablation,"r0=0,1,2,3;r1=0,1,2,3;r2=0,1,2;r3=0,1,2;r4=0,1,2;r5=0,1,2;r6=0,1,2,3;r7=0,1,2;r8=0,1,2;r9=0,1,2;r10=0,1,2,3;r11=0,1,2,3;r12=0,1,2;r13=0,1,2,3,4,5;r14=0,1,2,3,4;r15=0,1,2;r16=0,1,2,3,4;r17=0,1,2;r18=0,1,2;r19=0,1,2;r20=0,1,2;r21=0,1,2;r22=0,1,2,3,4;r23=0,1,2,3,4,5,6,7;r24=0,1,2,3,4,5,6,7;r25=0,1,2,3;r26=0,1,2;r27=3,4,2,1,5,0,6,7,8;r28=0,1,2,3;r29=0,1,2;r30=0,1,2,3,4,5,6,7;r31=0,1,2,3,4,5,6,7;r32=0,1,2,3,4,5;r33=0,1,2,3,4,5;r34=0,1,2,3,4,5",3.380943324,2371.68,3,1.067184,match
ablation_r27_p09,ablation,"r0=0,1,2,3;r1=0,1,2,3;r2=0,1,2;r3=0,1,2;r4=0,1,2;r5=0,1,2;r6=0,1,2,3;r7=0,1,2;r8=0,1,2;r9=0,1,2;r10=0,1,2,3;r11=0,1,2,3;r12=0,1,2;r13=0,1,2,3,4,5;r14=0,1,2,3,4;r15=0,1,2;r16=0,1,2,3,4;r17=0,1,2;r18=0,1,2;r19=0,1,2;r20=0,1,2;r21=0,1,2;r22=0,1,2,3,4;r23=0,1,2,3,4,5,6,7;r24=0,1,2,3,4,5,6,7;r25=0,1,2,3;r26=0,1,2;r27=2,6,7,3,1,4,0,8,5;r28=0,1,2,3;r29=0,1,2;r30=0,1,2,3,4,5,6,7;r31=0,1,2,3,4,5,6,7;r32=0,1,2,3,4,5;r33=0,1,2,3,4,5;r34=0,1,2,3,4,5",110.537865778,15497.63,3,34.890928,match
ablation_r27_p10,ablation,"r0=0,1,2,3;r1=0,1,2,3;r2=0,1,2;r3=0,1,2;r4=0,1,2;r5=0,1,2;r6=0,1,2,3;r7=0,1,2;r8=0,1,2;r9=0,1,2;r10=0,1,2,3;r11=0,1,2,3;r12=0,1,2;r13=0,1,2,3,4,5;r14=0,1,2,3,4;r15=0,1,2;r16=0,1,2,3,4;r17=0,1,2;r18=0,1,2;r19=0,1,2;r20=0,1,2;r21=0,1,2;r22=0,1,2,3,4;r23=0,1,2,3,4,5,6,7;r24=0,1,2,3,4,5,6,7;r25=0,1,2,3;r26=0,1,2;r27=2,3,1,0,6,4,7,5,8;r28=0,1,2,3;r29=0,1,2;r30=0,1,2,3,4,5,6,7;r31=0,1,2,3,4,5,6,7;r32=0,1,2,3,4,5;r33=0,1,2,3,4,5;r34=0,1,2,3,4,5",3.362272353,2332.37,3,1.061291,match
ablation_r27_p11,ablation,"r0=0,1,2,3;r1=0,1,2,3;r2=0,1,2;r3=0,1,2;r4=0,1,2;r5=0,1,2;r6=0,1,2,3;r7=0,1,2;r8=0,1,2;r9=0,1,2;r10=0,1,2,3;r11=0,1,2,3;r12=0,1,2;r13=0,1,2,3,4,5;r14=0,1,2,3,4;r15=0,1,2;r16=0,1,2,3,4;r17=0,1,2;r18=0,1,2;r19=0,1,2;r20=0,1,2;r21=0,1,2;r22=0,1,2,3,4;r23=0,1,2,3,4,5,6,7;r24=0,1,2,3,4,5,6,7;r25=0,1,2,3;r26=0,1,2;r27=6,7,5,1,2,8,0,3,4;r28=0,1,2,3;r29=0,1,2;r30=0,1,2,3,4,5,6,7;r31=0,1,2,3,4,5,6,7;r32=0,1,2,3,4,5;r33=0,1,2,3,4,5;r34=0,1,2,3,4,5",108.915564987,15178.23,3,34.378854,match
ablation_r27_p12,ablation,"r0=0,1,2,3;r1=0,1,2,3;r2=0,1,2;r3=0,1,2;r4=0,1,2;r5=0,1,2;r6=0,1,2,3;r7=0,1,2;r8=0,1,2;r9=0,1,2;r10=0,1,2,3;r11=0,1,2,3;r12=0,1,2;r13=0,1,2,3,4,5;r14=0,1,2,3,4;r15=0,1,2;r16=0,1,2,3,4;r17=0,1,2;r18=0,1,2;r19=0,1,2;r20=0,1,2;r21=0,1,2;r22=0,1,2,3,4;r23=0,1,2,3,4,5,6,7;r24=0,1,2,3,4,5,6,7;r25=0,1,2,3;r26=0,1,2;r27=2,5,1,7,4,6,0,8,3;r28=0,1,2,3;r29=0,1,2;r30=0,1,2,3,4,5,6,7;r31=0,1,2,3,4,5,6,7;r32=0,1,2,3,4,5;r33=0,1,2,3,4,5;r34=0,1,2,3,4,5",13.633116366,11625.75,3,4.303250,match
ablation_r28_p01,ablation,"r0=0,1,2,3;r1=0,1,2,3;r2=0,1,2;r3=0,1,2;r4=0,1,2;r5=0,1,2;r6=0,1,2,3;r7=0,1,2;r8=0,1,2;r9=0,1,2;r10=0,1,2,3;r11=0,1,2,3;r12=0,1,2;r13=0,1,2,3,4,5;r14=0,1,2,3,4;r15=0,1,2;r16=0,1,2,3,4;r17=0,1,2;r18=0,1,2;r19=0,1,2;r20=0,1,2;r21=0,1,2;r22=0,1,2,3,4;r23=0,1,2,3,4,5,6,7;r24=0,1,2,3,4,5,6,7;r25=0,1,2,3;r26=0,1,2;r27=0,1,2,3,4,5,6,7,8;r28=0,1,3,2;r29=0,1,2;r30=0,1,2,3,4,5,6,7;r31=0,1,2,3,4,5,6,7;r32=0,1,2,3,4,5;r33=0,1,2,3,4,5;r34=0,1,2,3,4,5",3.189464876,2201.26,3,1.006745,match
ablation_r28_p02,ablation,"r0=0,1,2,3;r1=0,1,2,3;r2=0,1,2;r3=0,1,2;r4=0,1,2;r5=0,1,2;r6=0,1,2,3;r7=0,1,2;r8=0,1,2;r9=0,1,2;r10=0,1,2,3;r11=0,1,2,3;r12=0,1,2;r13=0,1,2,3,4,5;r14=0,1,2,3,4;r15=0,1,2;r16=0,1,2,3,4;r17=0,1,2;r18=0,1,2;r19=0,1,2;r20=0,1,2;r21=0,1,2;r22=0,1,2,3,4;r23=0,1,2,3,4,5,6,7;r24=0,1,2,3,4,5,6,7;r25=0,1,2,3;r26=0,1,2;r27=0,1,2,3,4,5,6,7,8;r28=1,2,0,3;r29=0,1,2;r30=0,1,2,3,4,5,6,7;r31=0,1,2,3,4,5,6,7;r32=0,1,2,3,4,5;r33=0,1,2,3,4,5;r34=0,1,2,3,4,5",3.132360422,2215.82,3,0.988720,match
ablation_r28_p03,ablation,"r0=0,1,2,3;r1=0,1,2,3;r2=0,1,2;r3=0,1,2;r4=0,1,2;r5=0,1,2;r6=0,1,2,3;r7=0,1,2;r8=0,1,2;r9=0,1,2;r10=0,1,2,3;r11=0,1,2,3;r12=0,1,2;r13=0,1,2,3,4,5;r14=0,1,2,3,4;r15=0,1,2;r16=0,1,2,3,4;r17=0,1,2;r18=0,1,2;r19=0,1,2;r20=0,1,2;r21=0,1,2;r22=0,1,2,3,4;r23=0,1,2,3,4,5,6,7;r24=0,1,2,3,4,5,6,7;r25=0,1,2,3;r26=0,1,2;r27=0,1,2,3,4,5,6,7,8;r28=1,2,3,0;r29=0,1,2;r30=0,1,2,3,4,5,6,7;r31=0,1,2,3,4,5,6,7;r32=0,1,2,3,4,5;r33=0,1,2,3,4,5;r34=0,1,2,3,4,5",3.044512841,2160.91,3,0.960991,match
ablation_r28_p04,ablation,"r0=0,1,2,3;r1=0,1,2,3;r2=0,1,2;r3=0,1,2;r4=0,1,2;r5=0,1,2;r6=0,1,2,3;r7=0,1,2;r8=0,1,2;r9=0,1,2;r10=0,1,2,3;r11=0,1,2,3;r12=0,1,2;r13=0,1,2,3,4,5;r14=0,1,2,3,4;r15=0,1,2;r16=0,1,2,3,4;r17=0,1,2;r18=0,1,2;r19=0,1,2;r20=0,1,2;r21=0,1,2;r22=0,1,2,3,4;r23=0,1,2,3,4,5,6,7;r24=0,1,2,3,4,5,6,7;r25=0,1,2,3;r26=0,1,2;r27=0,1,2,3,4,5,6,7,8;r28=1,3,0,2;r29=0,1,2;r30=0,1,2,3,4,5,6,7;r31=0,1,2,3,4,5,6,7;r32=0,1,2,3,4,5;r33=0,1,2,3,4,5;r34=0,1,2,3,4,5",3.266216918,2174.00,3,1.030971,match
ablation_r28_p05,ablation,"r0=0,1,2,3;r1=0,1,2,3;r2=0,1,2;r3=0,1,2;r4=0,1,2;r5=0,1,2;r6=0,1,2,3;r7=0,1,2;r8=0,1,2;r9=0,1,2;r10=0,1,2,3;r11=0,1,2,3;r12=0,1,2;r13=0,1,2,3,4,5;r14=0,1,2,3,4;r15=0,1,2;r16=0,1,2,3,4;r17=0,1,2;r18=0,1,2;r19=0,1,2;r20=0,1,2;r21=0,1,2;r22=0,1,2,3,4;r23=0,1,2,3,4,5,6,7;r24=0,1,2,3,4,5,6,7;r25=0,1,2,3;r26=0,1,2;r27=0,1,2,3,4,5,6,7,8;r28=1,3,2,0;r29=0,1,2;r30=0,1,2,3,4,5,6,7;r31=0,1,2,3,4,5,6,7;r32=0,1,2,3,4,5;r33=0,1,2,3,4,5;r34=0,1,2,3,4,5",3.049610612,2187.94,3,0.962600,match
ablation_r29_p01,ablation,"r0=0,1,2,3;r1=0,1,2,3;r2=0,1,2;r3=0,1,2;r4=0,1,2;r5=0,1,2;r6=0,1,2,3;r7=0,1,2;r8=0,1,2;r9=0,1,2;r10=0,1,2,3;r11=0,1,2,3;r12=0,1,2;r13=0,1,2,3,4,5;r14=0,1,2,3,4;r15=0,1,2;r16=0,1,2,3,4;r17=0,1,2;r18=0,1,2;r19=0,1,2;r20=0,1,2;r21=0,1,2;r22=0,1,2,3,4;r23=0,1,2,3,4,5,6,7;r24=0,1,2,3,4,5,6,7;r25=0,1,2,3;r26=0,1,2;r27=0,1,2,3,4,5,6,7,8;r28=0,1,2,3;r29=1,2,0;r30=0,1,2,3,4,5,6,7;r31=0,1,2,3,4,5,6,7;r32=0,1,2,3,4,5;r33=0,1,2,3,4,5;r34=0,1,2,3,4,5",3.065846153,2235.76,3,0.967725,match
ablation_r30_p01,ablation,"r0=0,1,2,3;r1=0,1,2,3;r2=0,1,2;r3=0,1,2;r4=0,1,2;r5=0,1,2;r6=0,1,2,3;r7=0,1,2;r8=0,1,2;r9=0,1,2;r10=0,1,2,3;r11=0,1,2,3;r12=0,1,2;r13=0,1,2,3,4,5;r14=0,1,2,3,4;r15=0,1,2;r16=0,1,2,3,4;r17=0,1,2;r18=0,1,2;r19=0,1,2;r20=0,1,2;r21=0,1,2;r22=0,1,2,3,4;r23=0,1,2,3,4,5,6,7;r24=0,1,2,3,4,5,6,7;r25=0,1,2,3;r26=0,1,2;r27=0,1,2,3,4,5,6,7,8;r28=0,1,2,3;r29=0,1,2;r30=1,2,5,3,4,0,7,6;r31=0,1,2,3,4,5,6,7;r32=0,1,2,3,4,5;r33=0,1,2,3,4,5;r34=0,1,2,3,4,5",3.190528023,2283.21,3,1.007080,match
ablation_r30_p02,ablation,"r0=0,1,2,3;r1=0,1,2,3;r2=0,1,2;r3=0,1,2;r4=0,1,2;r5=0,1,2;r6=0,1,2,3;r7=0,1,2;r8=0,1,2;r9=0,1,2;r10=0,1,2,3;r11=0,1,2,3;r12=0,1,2;r13=0,1,2,3,4,5;r14=0,1,2,3,4;r15=0,1,2;r16=0,1,2,3,4;r17=0,1,2;r18=0,1,2;r19=0,1,2;r20=0,1,2;r21=0,1,2;r22=0,1,2,3,4;r23=0,1,2,3,4,5,6,7;r24=0,1,2,3,4,5,6,7;r25=0,1,2,3;r26=0,1,2;r27=0,1,2,3,4,5,6,7,8;r28=0,1,2,3;r29=0,1,2;r30=6,7,5,2,3,4,1,0;r31=0,1,2,3,4,5,6,7;r32=0,1,2,3,4,5;r33=0,1,2,3,4,5;r34=0,1,2,3,4,5",107.665873747,15309.19,3,33.984393,match
ablation_r30_p03,ablation,"r0=0,1,2,3;r1=0,1,2,3;r2=0,1,2;r3=0,1,2;r4=0,1,2;r5=0,1,2;r6=0,1,2,3;r7=0,1,2;r8=0,1,2;r9=0,1,2;r10=0,1,2,3;r11=0,1,2,3;r12=0,1,2;r13=0,1,2,3,4,5;r14=0,1,2,3,4;r15=0,1,2;r16=0,1,2,3,4;r17=0,1,2;r18=0,1,2;r19=0,1,2;r20=0,1,2;r21=0,1,2;r22=0,1,2,3,4;r23=0,1,2,3,4,5,6,7;r24=0,1,2,3,4,5,6,7;r25=0,1,2,3;r26=0,1,2;r27=0,1,2,3,4,5,6,7,8;r28=0,1,2,3;r29=0,1,2;r30=1,6,0,7,4,2,5,3;r31=0,1,2,3,4,5,6,7;r32=0,1,2,3,4,5;r33=0,1,2,3,4,5;r34=0,1,2,3,4,5",29.425442211,15312.32,3,9.288048,match
ablation_r30_p04,ablation,"r0=0,1,2,3;r1=0,1,2,3;r2=0,1,2;r3=0,1,2;r4=0,1,2;r5=0,1,2;r6=0,1,2,3;r7=0,1,2;r8=0,1,2;r9=0,1,2;r10=0,1,2,3;r11=0,1,2,3;r12=0,1,2;r13=0,1,2,3,4,5;r14=0,1,2,3,4;r15=0,1,2;r16=0,1,2,3,4;r17=0,1,2;r18=0,1,2;r19=0,1,2;r20=0,1,2;r21=0,1,2;r22=0,1,2,3,4;r23=0,1,2,3,4,5,6,7;r24=0,1,2,3,4,5,6,7;r25=0,1,2,3;r26=0,1,2;r27=0,1,2,3,4,5,6,7,8;r28=0,1,2,3;r29=0,1,2;r30=5,7,4,1,3,6,0,2;r31=0,1,2,3,4,5,6,7;r32=0,1,2,3,4,5;r33=0,1,2,3,4,5;r34=0,1,2,3,4,5",191.233240714,135655.54,3,60.362168,match
ablation_r30_p05,ablation,"r0=0,1,2,3;r1=0,1,2,3;r2=0,1,2;r3=0,1,2;r4=0,1,2;r5=0,1,2;r6=0,1,2,3;r7=0,1,2;r8=0,1,2;r9=0,1,2;r10=0,1,2,3;r11=0,1,2,3;r12=0,1,2;r13=0,1,2,3,4,5;r14=0,1,2,3,4;r15=0,1,2;r16=0,1,2,3,4;r17=0,1,2;r18=0,1,2;r19=0,1,2;r20=0,1,2;r21=0,1,2;r22=0,1,2,3,4;r23=0,1,2,3,4,5,6,7;r24=0,1,2,3,4,5,6,7;r25=0,1,2,3;r26=0,1,2;r27=0,1,2,3,4,5,6,7,8;r28=0,1,2,3;r29=0,1,2;r30=2,3,4,1,0,6,7,5;r31=0,1,2,3,4,5,6,7;r32=0,1,2,3,4,5;r33=0,1,2,3,4,5;r34=0,1,2,3,4,5",3.353608996,2305.36,3,1.058556,match
ablation_r30_p06,ablation,"r0=0,1,2,3;r1=0,1,2,3;r2=0,1,2;r3=0,1,2;r4=0,1,2;r5=0,1,2;r6=0,1,2,3;r7=0,1,2;r8=0,1,2;r9=0,1,2;r10=0,1,2,3;r11=0,1,2,3;r12=0,1,2;r13=0,1,2,3,4,5;r14=0,1,2,3,4;r15=0,1,2;r16=0,1,2,3,4;r17=0,1,2;r18=0,1,2;r19=0,1,2;r20=0,1,2;r21=0,1,2;r22=0,1,2,3,4;r23=0,1,2,3,4,5,6,7;r24=0,1,2,3,4,5,6,7;r25=0,1,2,3;r26=0,1,2;r27=0,1,2,3,4,5,6,7,8;r28=0,1,2,3;r29=0,1,2;r30=1,6,0,2,3,4,5,7;r31=0,1,2,3,4,5,6,7;r32=0,1,2,3,4,5;r33=0,1,2,3,4,5;r34=0,1,2,3,4,5",3.311267158,2293.69,3,1.045191,match
ablation_r30_p07,ablation,"r0=0,1,2,3;r1=0,1,2,3;r2=0,1,2;r3=0,1,2;r4=0,1,2;r5=0,1,2;r6=0,1,2,3;r7=0,1,2;r8=0,1,2;r9=0,1,2;r10=0,1,2,3;r11=0,1,2,3;r12=0,1,2;r13=0,1,2,3,4,5;r14=0,1,2,3,4;r15=0,1,2;r16=0,1,2,3,4;r17=0,1,2;r18=0,1,2;r19=0,1,2;r20=0,1,2;r21=0,1,2;r22=0,1,2,3,4;r23=0,1,2,3,4,5,6,7;r24=0,1,2,3,4,5,6,7;r25=0,1,2,3;r26=0,1,2;r27=0,1,2,3,4,5,6,7,8;r28=0,1,2,3;r29=0,1,2;r30=4,7,6,3,2,1,0,5;r31=0,1,2,3,4,5,6,7;r32=0,1,2,3,4,5;r33=0,1,2,3,4,5;r34=0,1,2,3,4,5",300.664389632,167508.74,3,94.903764,match
ablation_r30_p08,ablation,"r0=0,1,2,3;r1=0,1,2,3;r2=0,1,2;r3=0,1,2;r4=0,1,2;r5=0,1,2;r6=0,1,2,3;r7=0,1,2;r8=0,1,2;r9=0,1,2;r10=0,1,2,3;r11=0,1,2,3;r12=0,1,2;r13=0,1,2,3,4,5;r14=0,1,2,3,4;r15=0,1,2;r16=0,1,2,3,4;r17=0,1,2;r18=0,1,2;r19=0,1,2;r20=0,1,2;r21=0,1,2;r22=0,1,2,3,4;r23=0,1,2,3,4,5,6,7;r24=0,1,2,3,4,5,6,7;r25=0,1,2,3;r26=0,1,2;r27=0,1,2,3,4,5,6,7,8;r28=0,1,2,3;r29=0,1,2;r30=2,6,3,7,4,1,5,0;r31=0,1,2,3,4,5,6,7;r32=0,1,2,3,4,5;r33=0,1,2,3,4,5;r34=0,1,2,3,4,5",TIMEOUT,39452.75,0,N/A,TIMEOUT
ablation_r30_p09,ablation,"r0=0,1,2,3;r1=0,1,2,3;r2=0,1,2;r3=0,1,2;r4=0,1,2;r5=0,1,2;r6=0,1,2,3;r7=0,1,2;r8=0,1,2;r9=0,1,2;r10=0,1,2,3;r11=0,1,2,3;r12=0,1,2;r13=0,1,2,3,4,5;r14=0,1,2,3,4;r15=0,1,2;r16=0,1,2,3,4;r17=0,1,2;r18=0,1,2;r19=0,1,2;r20=0,1,2;r21=0,1,2;r22=0,1,2,3,4;r23=0,1,2,3,4,5,6,7;r24=0,1,2,3,4,5,6,7;r25=0,1,2,3;r26=0,1,2;r27=0,1,2,3,4,5,6,7,8;r28=0,1,2,3;r29=0,1,2;r30=2,3,5,6,7,1,4,0;r31=0,1,2,3,4,5,6,7;r32=0,1,2,3,4,5;r33=0,1,2,3,4,5;r34=0,1,2,3,4,5",100.002698070,6736.95,3,31.565536,match
ablation_r30_p10,ablation,"r0=0,1,2,3;r1=0,1,2,3;r2=0,1,2;r3=0,1,2;r4=0,1,2;r5=0,1,2;r6=0,1,2,3;r7=0,1,2;r8=0,1,2;r9=0,1,2;r10=0,1,2,3;r11=0,1,2,3;r12=0,1,2;r13=0,1,2,3,4,5;r14=0,1,2,3,4;r15=0,1,2;r16=0,1,2,3,4;r17=0,1,2;r18=0,1,2;r19=0,1,2;r20=0,1,2;r21=0,1,2;r22=0,1,2,3,4;r23=0,1,2,3,4,5,6,7;r24=0,1,2,3,4,5,6,7;r25=0,1,2,3;r26=0,1,2;r27=0,1,2,3,4,5,6,7,8;r28=0,1,2,3;r29=0,1,2;r30=6,7,1,0,4,5,2,3;r31=0,1,2,3,4,5,6,7;r32=0,1,2,3,4,5;r33=0,1,2,3,4,5;r34=0,1,2,3,4,5",28.894410043,15369.66,3,9.120429,match
ablation_r30_p11,ablation,"r0=0,1,2,3;r1=0,1,2,3;r2=0,1,2;r3=0,1,2;r4=0,1,2;r5=0,1,2;r6=0,1,2,3;r7=0,1,2;r8=0,1,2;r9=0,1,2;r10=0,1,2,3;r11=0,1,2,3;r12=0,1,2;r13=0,1,2,3,4,5;r14=0,1,2,3,4;r15=0,1,2;r16=0,1,2,3,4;r17=0,1,2;r18=0,1,2;r19=0,1,2;r20=0,1,2;r21=0,1,2;r22=0,1,2,3,4;r23=0,1,2,3,4,5,6,7;r24=0,1,2,3,4,5,6,7;r25=0,1,2,3;r26=0,1,2;r27=0,1,2,3,4,5,6,7,8;r28=0,1,2,3;r29=0,1,2;r30=1,6,7,5,2,3,0,4;r31=0,1,2,3,4,5,6,7;r32=0,1,2,3,4,5;r33=0,1,2,3,4,5;r34=0,1,2,3,4,5",107.530167482,15302.73,3,33.941557,match
ablation_r30_p12,ablation,"r0=0,1,2,3;r1=0,1,2,3;r2=0,1,2;r3=0,1,2;r4=0,1,2;r5=0,1,2;r6=0,1,2,3;r7=0,1,2;r8=0,1,2;r9=0,1,2;r10=0,1,2,3;r11=0,1,2,3;r12=0,1,2;r13=0,1,2,3,4,5;r14=0,1,2,3,4;r15=0,1,2;r16=0,1,2,3,4;r17=0,1,2;r18=0,1,2;r19=0,1,2;r20=0,1,2;r21=0,1,2;r22=0,1,2,3,4;r23=0,1,2,3,4,5,6,7;r24=0,1,2,3,4,5,6,7;r25=0,1,2,3;r26=0,1,2;r27=0,1,2,3,4,5,6,7,8;r28=0,1,2,3;r29=0,1,2;r30=2,5,6,1,3,7,4,0;r31=0,1,2,3,4,5,6,7;r32=0,1,2,3,4,5;r33=0,1,2,3,4,5;r34=0,1,2,3,4,5",97.810453311,6537.75,3,30.873560,match
ablation_r31_p01,ablation,"r0=0,1,2,3;r1=0,1,2,3;r2=0,1,2;r3=0,1,2;r4=0,1,2;r5=0,1,2;r6=0,1,2,3;r7=0,1,2;r8=0,1,2;r9=0,1,2;r10=0,1,2,3;r11=0,1,2,3;r12=0,1,2;r13=0,1,2,3,4,5;r14=0,1,2,3,4;r15=0,1,2;r16=0,1,2,3,4;r17=0,1,2;r18=0,1,2;r19=0,1,2;r20=0,1,2;r21=0,1,2;r22=0,1,2,3,4;r23=0,1,2,3,4,5,6,7;r24=0,1,2,3,4,5,6,7;r25=0,1,2,3;r26=0,1,2;r27=0,1,2,3,4,5,6,7,8;r28=0,1,2,3;r29=0,1,2;r30=0,1,2,3,4,5,6,7;r31=1,2,3,5,4,6,0,7;r32=0,1,2,3,4,5;r33=0,1,2,3,4,5;r34=0,1,2,3,4,5",3.347829038,2305.76,3,1.056732,match
ablation_r31_p02,ablation,"r0=0,1,2,3;r1=0,1,2,3;r2=0,1,2;r3=0,1,2;r4=0,1,2;r5=0,1,2;r6=0,1,2,3;r7=0,1,2;r8=0,1,2;r9=0,1,2;r10=0,1,2,3;r11=0,1,2,3;r12=0,1,2;r13=0,1,2,3,4,5;r14=0,1,2,3,4;r15=0,1,2;r16=0,1,2,3,4;r17=0,1,2;r18=0,1,2;r19=0,1,2;r20=0,1,2;r21=0,1,2;r22=0,1,2,3,4;r23=0,1,2,3,4,5,6,7;r24=0,1,2,3,4,5,6,7;r25=0,1,2,3;r26=0,1,2;r27=0,1,2,3,4,5,6,7,8;r28=0,1,2,3;r29=0,1,2;r30=0,1,2,3,4,5,6,7;r31=2,3,1,4,5,7,6,0;r32=0,1,2,3,4,5;r33=0,1,2,3,4,5;r34=0,1,2,3,4,5",3.349639334,2305.77,3,1.057303,match
ablation_r31_p03,ablation,"r0=0,1,2,3;r1=0,1,2,3;r2=0,1,2;r3=0,1,2;r4=0,1,2;r5=0,1,2;r6=0,1,2,3;r7=0,1,2;r8=0,1,2;r9=0,1,2;r10=0,1,2,3;r11=0,1,2,3;r12=0,1,2;r13=0,1,2,3,4,5;r14=0,1,2,3,4;r15=0,1,2;r16=0,1,2,3,4;r17=0,1,2;r18=0,1,2;r19=0,1,2;r20=0,1,2;r21=0,1,2;r22=0,1,2,3,4;r23=0,1,2,3,4,5,6,7;r24=0,1,2,3,4,5,6,7;r25=0,1,2,3;r26=0,1,2;r27=0,1,2,3,4,5,6,7,8;r28=0,1,2,3;r29=0,1,2;r30=0,1,2,3,4,5,6,7;r31=1,2,0,3,4,6,5,7;r32=0,1,2,3,4,5;r33=0,1,2,3,4,5;r34=0,1,2,3,4,5",3.344947572,2276.36,3,1.055822,match
ablation_r31_p04,ablation,"r0=0,1,2,3;r1=0,1,2,3;r2=0,1,2;r3=0,1,2;r4=0,1,2;r5=0,1,2;r6=0,1,2,3;r7=0,1,2;r8=0,1,2;r9=0,1,2;r10=0,1,2,3;r11=0,1,2,3;r12=0,1,2;r13=0,1,2,3,4,5;r14=0,1,2,3,4;r15=0,1,2;r16=0,1,2,3,4;r17=0,1,2;r18=0,1,2;r19=0,1,2;r20=0,1,2;r21=0,1,2;r22=0,1,2,3,4;r23=0,1,2,3,4,5,6,7;r24=0,1,2,3,4,5,6,7;r25=0,1,2,3;r26=0,1,2;r27=0,1,2,3,4,5,6,7,8;r28=0,1,2,3;r29=0,1,2;r30=0,1,2,3,4,5,6,7;r31=2,5,3,4,7,1,0,6;r32=0,1,2,3,4,5;r33=0,1,2,3,4,5;r34=0,1,2,3,4,5",3.373665724,2289.15,3,1.064887,match
ablation_r31_p05,ablation,"r0=0,1,2,3;r1=0,1,2,3;r2=0,1,2;r3=0,1,2;r4=0,1,2;r5=0,1,2;r6=0,1,2,3;r7=0,1,2;r8=0,1,2;r9=0,1,2;r10=0,1,2,3;r11=0,1,2,3;r12=0,1,2;r13=0,1,2,3,4,5;r14=0,1,2,3,4;r15=0,1,2;r16=0,1,2,3,4;r17=0,1,2;r18=0,1,2;r19=0,1,2;r20=0,1,2;r21=0,1,2;r22=0,1,2,3,4;r23=0,1,2,3,4,5,6,7;r24=0,1,2,3,4,5,6,7;r25=0,1,2,3;r26=0,1,2;r27=0,1,2,3,4,5,6,7,8;r28=0,1,2,3;r29=0,1,2;r30=0,1,2,3,4,5,6,7;r31=2,6,7,4,3,5,1,0;r32=0,1,2,3,4,5;r33=0,1,2,3,4,5;r34=0,1,2,3,4,5",25.997512607,13768.98,3,8.206033,match
ablation_r31_p06,ablation,"r0=0,1,2,3;r1=0,1,2,3;r2=0,1,2;r3=0,1,2;r4=0,1,2;r5=0,1,2;r6=0,1,2,3;r7=0,1,2;r8=0,1,2;r9=0,1,2;r10=0,1,2,3;r11=0,1,2,3;r12=0,1,2;r13=0,1,2,3,4,5;r14=0,1,2,3,4;r15=0,1,2;r16=0,1,2,3,4;r17=0,1,2;r18=0,1,2;r19=0,1,2;r20=0,1,2;r21=0,1,2;r22=0,1,2,3,4;r23=0,1,2,3,4,5,6,7;r24=0,1,2,3,4,5,6,7;r25=0,1,2,3;r26=0,1,2;r27=0,1,2,3,4,5,6,7,8;r28=0,1,2,3;r29=0,1,2;r30=0,1,2,3,4,5,6,7;r31=2,3,5,6,1,0,7,4;r32=0,1,2,3,4,5;r33=0,1,2,3,4,5;r34=0,1,2,3,4,5",397.394993223,17063.99,3,125.436473,match
ablation_r31_p07,ablation,"r0=0,1,2,3;r1=0,1,2,3;r2=0,1,2;r3=0,1,2;r4=0,1,2;r5=0,1,2;r6=0,1,2,3;r7=0,1,2;r8=0,1,2;r9=0,1,2;r10=0,1,2,3;r11=0,1,2,3;r12=0,1,2;r13=0,1,2,3,4,5;r14=0,1,2,3,4;r15=0,1,2;r16=0,1,2,3,4;r17=0,1,2;r18=0,1,2;r19=0,1,2;r20=0,1,2;r21=0,1,2;r22=0,1,2,3,4;r23=0,1,2,3,4,5,6,7;r24=0,1,2,3,4,5,6,7;r25=0,1,2,3;r26=0,1,2;r27=0,1,2,3,4,5,6,7,8;r28=0,1,2,3;r29=0,1,2;r30=0,1,2,3,4,5,6,7;r31=1,2,5,0,3,6,4,7;r32=0,1,2,3,4,5;r33=0,1,2,3,4,5;r34=0,1,2,3,4,5",3.220988274,2306.37,3,1.016695,match
ablation_r31_p08,ablation,"r0=0,1,2,3;r1=0,1,2,3;r2=0,1,2;r3=0,1,2;r4=0,1,2;r5=0,1,2;r6=0,1,2,3;r7=0,1,2;r8=0,1,2;r9=0,1,2;r10=0,1,2,3;r11=0,1,2,3;r12=0,1,2;r13=0,1,2,3,4,5;r14=0,1,2,3,4;r15=0,1,2;r16=0,1,2,3,4;r17=0,1,2;r18=0,1,2;r19=0,1,2;r20=0,1,2;r21=0,1,2;r22=0,1,2,3,4;r23=0,1,2,3,4,5,6,7;r24=0,1,2,3,4,5,6,7;r25=0,1,2,3;r26=0,1,2;r27=0,1,2,3,4,5,6,7,8;r28=0,1,2,3;r29=0,1,2;r30=0,1,2,3,4,5,6,7;r31=1,6,7,2,5,0,4,3;r32=0,1,2,3,4,5;r33=0,1,2,3,4,5;r34=0,1,2,3,4,5",24.425023140,13468.03,3,7.709681,match
ablation_r31_p09,ablation,"r0=0,1,2,3;r1=0,1,2,3;r2=0,1,2;r3=0,1,2;r4=0,1,2;r5=0,1,2;r6=0,1,2,3;r7=0,1,2;r8=0,1,2;r9=0,1,2;r10=0,1,2,3;r11=0,1,2,3;r12=0,1,2;r13=0,1,2,3,4,5;r14=0,1,2,3,4;r15=0,1,2;r16=0,1,2,3,4;r17=0,1,2;r18=0,1,2;r19=0,1,2;r20=0,1,2;r21=0,1,2;r22=0,1,2,3,4;r23=0,1,2,3,4,5,6,7;r24=0,1,2,3,4,5,6,7;r25=0,1,2,3;r26=0,1,2;r27=0,1,2,3,4,5,6,7,8;r28=0,1,2,3;r29=0,1,2;r30=0,1,2,3,4,5,6,7;r31=6,7,1,4,3,0,2,5;r32=0,1,2,3,4,5;r33=0,1,2,3,4,5;r34=0,1,2,3,4,5",203.356146628,137810.95,3,64.188725,match
ablation_r31_p10,ablation,"r0=0,1,2,3;r1=0,1,2,3;r2=0,1,2;r3=0,1,2;r4=0,1,2;r5=0,1,2;r6=0,1,2,3;r7=0,1,2;r8=0,1,2;r9=0,1,2;r10=0,1,2,3;r11=0,1,2,3;r12=0,1,2;r13=0,1,2,3,4,5;r14=0,1,2,3,4;r15=0,1,2;r16=0,1,2,3,4;r17=0,1,2;r18=0,1,2;r19=0,1,2;r20=0,1,2;r21=0,1,2;r22=0,1,2,3,4;r23=0,1,2,3,4,5,6,7;r24=0,1,2,3,4,5,6,7;r25=0,1,2,3;r26=0,1,2;r27=0,1,2,3,4,5,6,7,8;r28=0,1,2,3;r29=0,1,2;r30=0,1,2,3,4,5,6,7;r31=2,5,3,4,1,7,6,0;r32=0,1,2,3,4,5;r33=0,1,2,3,4,5;r34=0,1,2,3,4,5",3.398152387,2276.43,3,1.072616,match
ablation_r31_p11,ablation,"r0=0,1,2,3;r1=0,1,2,3;r2=0,1,2;r3=0,1,2;r4=0,1,2;r5=0,1,2;r6=0,1,2,3;r7=0,1,2;r8=0,1,2;r9=0,1,2;r10=0,1,2,3;r11=0,1,2,3;r12=0,1,2;r13=0,1,2,3,4,5;r14=0,1,2,3,4;r15=0,1,2;r16=0,1,2,3,4;r17=0,1,2;r18=0,1,2;r19=0,1,2;r20=0,1,2;r21=0,1,2;r22=0,1,2,3,4;r23=0,1,2,3,4,5,6,7;r24=0,1,2,3,4,5,6,7;r25=0,1,2,3;r26=0,1,2;r27=0,1,2,3,4,5,6,7,8;r28=0,1,2,3;r29=0,1,2;r30=0,1,2,3,4,5,6,7;r31=1,6,7,4,0,2,5,3;r32=0,1,2,3,4,5;r33=0,1,2,3,4,5;r34=0,1,2,3,4,5",31.242071015,15283.82,3,9.861461,match
ablation_r31_p12,ablation,"r0=0,1,2,3;r1=0,1,2,3;r2=0,1,2;r3=0,1,2;r4=0,1,2;r5=0,1,2;r6=0,1,2,3;r7=0,1,2;r8=0,1,2;r9=0,1,2;r10=0,1,2,3;r11=0,1,2,3;r12=0,1,2;r13=0,1,2,3,4,5;r14=0,1,2,3,4;r15=0,1,2;r16=0,1,2,3,4;r17=0,1,2;r18=0,1,2;r19=0,1,2;r20=0,1,2;r21=0,1,2;r22=0,1,2,3,4;r23=0,1,2,3,4,5,6,7;r24=0,1,2,3,4,5,6,7;r25=0,1,2,3;r26=0,1,2;r27=0,1,2,3,4,5,6,7,8;r28=0,1,2,3;r29=0,1,2;r30=0,1,2,3,4,5,6,7;r31=5,7,1,0,6,2,4,3;r32=0,1,2,3,4,5;r33=0,1,2,3,4,5;r34=0,1,2,3,4,5",19.032235564,11579.32,3,6.007465,match
ablation_r32_p01,ablation,"r0=0,1,2,3;r1=0,1,2,3;r2=0,1,2;r3=0,1,2;r4=0,1,2;r5=0,1,2;r6=0,1,2,3;r7=0,1,2;r8=0,1,2;r9=0,1,2;r10=0,1,2,3;r11=0,1,2,3;r12=0,1,2;r13=0,1,2,3,4,5;r14=0,1,2,3,4;r15=0,1,2;r16=0,1,2,3,4;r17=0,1,2;r18=0,1,2;r19=0,1,2;r20=0,1,2;r21=0,1,2;r22=0,1,2,3,4;r23=0,1,2,3,4,5,6,7;r24=0,1,2,3,4,5,6,7;r25=0,1,2,3;r26=0,1,2;r27=0,1,2,3,4,5,6,7,8;r28=0,1,2,3;r29=0,1,2;r30=0,1,2,3,4,5,6,7;r31=0,1,2,3,4,5,6,7;r32=1,4,2,5,3,0;r33=0,1,2,3,4,5;r34=0,1,2,3,4,5",3.382328860,2281.34,3,1.067621,match
ablation_r32_p02,ablation,"r0=0,1,2,3;r1=0,1,2,3;r2=0,1,2;r3=0,1,2;r4=0,1,2;r5=0,1,2;r6=0,1,2,3;r7=0,1,2;r8=0,1,2;r9=0,1,2;r10=0,1,2,3;r11=0,1,2,3;r12=0,1,2;r13=0,1,2,3,4,5;r14=0,1,2,3,4;r15=0,1,2;r16=0,1,2,3,4;r17=0,1,2;r18=0,1,2;r19=0,1,2;r20=0,1,2;r21=0,1,2;r22=0,1,2,3,4;r23=0,1,2,3,4,5,6,7;r24=0,1,2,3,4,5,6,7;r25=0,1,2,3;r26=0,1,2;r27=0,1,2,3,4,5,6,7,8;r28=0,1,2,3;r29=0,1,2;r30=0,1,2,3,4,5,6,7;r31=0,1,2,3,4,5,6,7;r32=2,4,3,1,0,5;r33=0,1,2,3,4,5;r34=0,1,2,3,4,5",3.262313802,2276.54,3,1.029739,match
ablation_r32_p03,ablation,"r0=0,1,2,3;r1=0,1,2,3;r2=0,1,2;r3=0,1,2;r4=0,1,2;r5=0,1,2;r6=0,1,2,3;r7=0,1,2;r8=0,1,2;r9=0,1,2;r10=0,1,2,3;r11=0,1,2,3;r12=0,1,2;r13=0,1,2,3,4,5;r14=0,1,2,3,4;r15=0,1,2;r16=0,1,2,3,4;r17=0,1,2;r18=0,1,2;r19=0,1,2;r20=0,1,2;r21=0,1,2;r22=0,1,2,3,4;r23=0,1,2,3,4,5,6,7;r24=0,1,2,3,4,5,6,7;r25=0,1,2,3;r26=0,1,2;r27=0,1,2,3,4,5,6,7,8;r28=0,1,2,3;r29=0,1,2;r30=0,1,2,3,4,5,6,7;r31=0,1,2,3,4,5,6,7;r32=2,3,1,0,4,5;r33=0,1,2,3,4,5;r34=0,1,2,3,4,5",3.330317071,2268.40,3,1.051204,match
ablation_r32_p04,ablation,"r0=0,1,2,3;r1=0,1,2,3;r2=0,1,2;r3=0,1,2;r4=0,1,2;r5=0,1,2;r6=0,1,2,3;r7=0,1,2;r8=0,1,2;r9=0,1,2;r10=0,1,2,3;r11=0,1,2,3;r12=0,1,2;r13=0,1,2,3,4,5;r14=0,1,2,3,4;r15=0,1,2;r16=0,1,2,3,4;r17=0,1,2;r18=0,1,2;r19=0,1,2;r20=0,1,2;r21=0,1,2;r22=0,1,2,3,4;r23=0,1,2,3,4,5,6,7;r24=0,1,2,3,4,5,6,7;r25=0,1,2,3;r26=0,1,2;r27=0,1,2,3,4,5,6,7,8;r28=0,1,2,3;r29=0,1,2;r30=0,1,2,3,4,5,6,7;r31=0,1,2,3,4,5,6,7;r32=1,2,3,4,0,5;r33=0,1,2,3,4,5;r34=0,1,2,3,4,5",3.205228217,2271.45,3,1.011720,match
ablation_r32_p05,ablation,"r0=0,1,2,3;r1=0,1,2,3;r2=0,1,2;r3=0,1,2;r4=0,1,2;r5=0,1,2;r6=0,1,2,3;r7=0,1,2;r8=0,1,2;r9=0,1,2;r10=0,1,2,3;r11=0,1,2,3;r12=0,1,2;r13=0,1,2,3,4,5;r14=0,1,2,3,4;r15=0,1,2;r16=0,1,2,3,4;r17=0,1,2;r18=0,1,2;r19=0,1,2;r20=0,1,2;r21=0,1,2;r22=0,1,2,3,4;r23=0,1,2,3,4,5,6,7;r24=0,1,2,3,4,5,6,7;r25=0,1,2,3;r26=0,1,2;r27=0,1,2,3,4,5,6,7,8;r28=0,1,2,3;r29=0,1,2;r30=0,1,2,3,4,5,6,7;r31=0,1,2,3,4,5,6,7;r32=1,2,4,5,3,0;r33=0,1,2,3,4,5;r34=0,1,2,3,4,5",3.359638419,2292.00,3,1.060459,match
ablation_r32_p06,ablation,"r0=0,1,2,3;r1=0,1,2,3;r2=0,1,2;r3=0,1,2;r4=0,1,2;r5=0,1,2;r6=0,1,2,3;r7=0,1,2;r8=0,1,2;r9=0,1,2;r10=0,1,2,3;r11=0,1,2,3;r12=0,1,2;r13=0,1,2,3,4,5;r14=0,1,2,3,4;r15=0,1,2;r16=0,1,2,3,4;r17=0,1,2;r18=0,1,2;r19=0,1,2;r20=0,1,2;r21=0,1,2;r22=0,1,2,3,4;r23=0,1,2,3,4,5,6,7;r24=0,1,2,3,4,5,6,7;r25=0,1,2,3;r26=0,1,2;r27=0,1,2,3,4,5,6,7,8;r28=0,1,2,3;r29=0,1,2;r30=0,1,2,3,4,5,6,7;r31=0,1,2,3,4,5,6,7;r32=1,2,3,0,4,5;r33=0,1,2,3,4,5;r34=0,1,2,3,4,5",3.142998970,2248.27,3,0.992078,match
ablation_r32_p07,ablation,"r0=0,1,2,3;r1=0,1,2,3;r2=0,1,2;r3=0,1,2;r4=0,1,2;r5=0,1,2;r6=0,1,2,3;r7=0,1,2;r8=0,1,2;r9=0,1,2;r10=0,1,2,3;r11=0,1,2,3;r12=0,1,2;r13=0,1,2,3,4,5;r14=0,1,2,3,4;r15=0,1,2;r16=0,1,2,3,4;r17=0,1,2;r18=0,1,2;r19=0,1,2;r20=0,1,2;r21=0,1,2;r22=0,1,2,3,4;r23=0,1,2,3,4,5,6,7;r24=0,1,2,3,4,5,6,7;r25=0,1,2,3;r26=0,1,2;r27=0,1,2,3,4,5,6,7,8;r28=0,1,2,3;r29=0,1,2;r30=0,1,2,3,4,5,6,7;r31=0,1,2,3,4,5,6,7;r32=1,2,4,5,0,3;r33=0,1,2,3,4,5;r34=0,1,2,3,4,5",3.183491498,2265.34,3,1.004859,match
ablation_r32_p08,ablation,"r0=0,1,2,3;r1=0,1,2,3;r2=0,1,2;r3=0,1,2;r4=0,1,2;r5=0,1,2;r6=0,1,2,3;r7=0,1,2;r8=0,1,2;r9=0,1,2;r10=0,1,2,3;r11=0,1,2,3;r12=0,1,2;r13=0,1,2,3,4,5;r14=0,1,2,3,4;r15=0,1,2;r16=0,1,2,3,4;r17=0,1,2;r18=0,1,2;r19=0,1,2;r20=0,1,2;r21=0,1,2;r22=0,1,2,3,4;r23=0,1,2,3,4,5,6,7;r24=0,1,2,3,4,5,6,7;r25=0,1,2,3;r26=0,1,2;r27=0,1,2,3,4,5,6,7,8;r28=0,1,2,3;r29=0,1,2;r30=0,1,2,3,4,5,6,7;r31=0,1,2,3,4,5,6,7;r32=2,4,1,0,3,5;r33=0,1,2,3,4,5;r34=0,1,2,3,4,5",3.261194297,2237.90,3,1.029386,match
ablation_r32_p09,ablation,"r0=0,1,2,3;r1=0,1,2,3;r2=0,1,2;r3=0,1,2;r4=0,1,2;r5=0,1,2;r6=0,1,2,3;r7=0,1,2;r8=0,1,2;r9=0,1,2;r10=0,1,2,3;r11=0,1,2,3;r12=0,1,2;r13=0,1,2,3,4,5;r14=0,1,2,3,4;r15=0,1,2;r16=0,1,2,3,4;r17=0,1,2;r18=0,1,2;r19=0,1,2;r20=0,1,2;r21=0,1,2;r22=0,1,2,3,4;r23=0,1,2,3,4,5,6,7;r24=0,1,2,3,4,5,6,7;r25=0,1,2,3;r26=0,1,2;r27=0,1,2,3,4,5,6,7,8;r28=0,1,2,3;r29=0,1,2;r30=0,1,2,3,4,5,6,7;r31=0,1,2,3,4,5,6,7;r32=2,3,4,5,1,0;r33=0,1,2,3,4,5;r34=0,1,2,3,4,5",3.233394731,2287.38,3,1.020611,match
ablation_r32_p10,ablation,"r0=0,1,2,3;r1=0,1,2,3;r2=0,1,2;r3=0,1,2;r4=0,1,2;r5=0,1,2;r6=0,1,2,3;r7=0,1,2;r8=0,1,2;r9=0,1,2;r10=0,1,2,3;r11=0,1,2,3;r12=0,1,2;r13=0,1,2,3,4,5;r14=0,1,2,3,4;r15=0,1,2;r16=0,1,2,3,4;r17=0,1,2;r18=0,1,2;r19=0,1,2;r20=0,1,2;r21=0,1,2;r22=0,1,2,3,4;r23=0,1,2,3,4,5,6,7;r24=0,1,2,3,4,5,6,7;r25=0,1,2,3;r26=0,1,2;r27=0,1,2,3,4,5,6,7,8;r28=0,1,2,3;r29=0,1,2;r30=0,1,2,3,4,5,6,7;r31=0,1,2,3,4,5,6,7;r32=4,5,1,2,0,3;r33=0,1,2,3,4,5;r34=0,1,2,3,4,5",3.262850648,2254.61,3,1.029908,match
ablation_r32_p11,ablation,"r0=0,1,2,3;r1=0,1,2,3;r2=0,1,2;r3=0,1,2;r4=0,1,2;r5=0,1,2;r6=0,1,2,3;r7=0,1,2;r8=0,1,2;r9=0,1,2;r10=0,1,2,3;r11=0,1,2,3;r12=0,1,2;r13=0,1,2,3,4,5;r14=0,1,2,3,4;r15=0,1,2;r16=0,1,2,3,4;r17=0,1,2;r18=0,1,2;r19=0,1,2;r20=0,1,2;r21=0,1,2;r22=0,1,2,3,4;r23=0,1,2,3,4,5,6,7;r24=0,1,2,3,4,5,6,7;r25=0,1,2,3;r26=0,1,2;r27=0,1,2,3,4,5,6,7,8;r28=0,1,2,3;r29=0,1,2;r30=0,1,2,3,4,5,6,7;r31=0,1,2,3,4,5,6,7;r32=2,4,1,3,0,5;r33=0,1,2,3,4,5;r34=0,1,2,3,4,5",3.328786590,2285.14,3,1.050721,match
ablation_r32_p12,ablation,"r0=0,1,2,3;r1=0,1,2,3;r2=0,1,2;r3=0,1,2;r4=0,1,2;r5=0,1,2;r6=0,1,2,3;r7=0,1,2;r8=0,1,2;r9=0,1,2;r10=0,1,2,3;r11=0,1,2,3;r12=0,1,2;r13=0,1,2,3,4,5;r14=0,1,2,3,4;r15=0,1,2;r16=0,1,2,3,4;r17=0,1,2;r18=0,1,2;r19=0,1,2;r20=0,1,2;r21=0,1,2;r22=0,1,2,3,4;r23=0,1,2,3,4,5,6,7;r24=0,1,2,3,4,5,6,7;r25=0,1,2,3;r26=0,1,2;r27=0,1,2,3,4,5,6,7,8;r28=0,1,2,3;r29=0,1,2;r30=0,1,2,3,4,5,6,7;r31=0,1,2,3,4,5,6,7;r32=1,4,5,2,0,3;r33=0,1,2,3,4,5;r34=0,1,2,3,4,5",3.364822797,2270.01,3,1.062096,match
ablation_r33_p01,ablation,"r0=0,1,2,3;r1=0,1,2,3;r2=0,1,2;r3=0,1,2;r4=0,1,2;r5=0,1,2;r6=0,1,2,3;r7=0,1,2;r8=0,1,2;r9=0,1,2;r10=0,1,2,3;r11=0,1,2,3;r12=0,1,2;r13=0,1,2,3,4,5;r14=0,1,2,3,4;r15=0,1,2;r16=0,1,2,3,4;r17=0,1,2;r18=0,1,2;r19=0,1,2;r20=0,1,2;r21=0,1,2;r22=0,1,2,3,4;r23=0,1,2,3,4,5,6,7;r24=0,1,2,3,4,5,6,7;r25=0,1,2,3;r26=0,1,2;r27=0,1,2,3,4,5,6,7,8;r28=0,1,2,3;r29=0,1,2;r30=0,1,2,3,4,5,6,7;r31=0,1,2,3,4,5,6,7;r32=0,1,2,3,4,5;r33=2,4,1,3,0,5;r34=0,1,2,3,4,5",3.338129117,2261.19,3,1.053670,match
ablation_r33_p02,ablation,"r0=0,1,2,3;r1=0,1,2,3;r2=0,1,2;r3=0,1,2;r4=0,1,2;r5=0,1,2;r6=0,1,2,3;r7=0,1,2;r8=0,1,2;r9=0,1,2;r10=0,1,2,3;r11=0,1,2,3;r12=0,1,2;r13=0,1,2,3,4,5;r14=0,1,2,3,4;r15=0,1,2;r16=0,1,2,3,4;r17=0,1,2;r18=0,1,2;r19=0,1,2;r20=0,1,2;r21=0,1,2;r22=0,1,2,3,4;r23=0,1,2,3,4,5,6,7;r24=0,1,2,3,4,5,6,7;r25=0,1,2,3;r26=0,1,2;r27=0,1,2,3,4,5,6,7,8;r28=0,1,2,3;r29=0,1,2;r30=0,1,2,3,4,5,6,7;r31=0,1,2,3,4,5,6,7;r32=0,1,2,3,4,5;r33=1,4,2,5,3,0;r34=0,1,2,3,4,5",3.375455008,2253.24,3,1.065452,match
ablation_r33_p03,ablation,"r0=0,1,2,3;r1=0,1,2,3;r2=0,1,2;r3=0,1,2;r4=0,1,2;r5=0,1,2;r6=0,1,2,3;r7=0,1,2;r8=0,1,2;r9=0,1,2;r10=0,1,2,3;r11=0,1,2,3;r12=0,1,2;r13=0,1,2,3,4,5;r14=0,1,2,3,4;r15=0,1,2;r16=0,1,2,3,4;r17=0,1,2;r18=0,1,2;r19=0,1,2;r20=0,1,2;r21=0,1,2;r22=0,1,2,3,4;r23=0,1,2,3,4,5,6,7;r24=0,1,2,3,4,5,6,7;r25=0,1,2,3;r26=0,1,2;r27=0,1,2,3,4,5,6,7,8;r28=0,1,2,3;r29=0,1,2;r30=0,1,2,3,4,5,6,7;r31=0,1,2,3,4,5,6,7;r32=0,1,2,3,4,5;r33=1,4,2,3,5,0;r34=0,1,2,3,4,5",3.291466968,2256.95,3,1.038941,match
ablation_r33_p04,ablation,"r0=0,1,2,3;r1=0,1,2,3;r2=0,1,2;r3=0,1,2;r4=0,1,2;r5=0,1,2;r6=0,1,2,3;r7=0,1,2;r8=0,1,2;r9=0,1,2;r10=0,1,2,3;r11=0,1,2,3;r12=0,1,2;r13=0,1,2,3,4,5;r14=0,1,2,3,4;r15=0,1,2;r16=0,1,2,3,4;r17=0,1,2;r18=0,1,2;r19=0,1,2;r20=0,1,2;r21=0,1,2;r22=0,1,2,3,4;r23=0,1,2,3,4,5,6,7;r24=0,1,2,3,4,5,6,7;r25=0,1,2,3;r26=0,1,2;r27=0,1,2,3,4,5,6,7,8;r28=0,1,2,3;r29=0,1,2;r30=0,1,2,3,4,5,6,7;r31=0,1,2,3,4,5,6,7;r32=0,1,2,3,4,5;r33=1,2,4,3,5,0;r34=0,1,2,3,4,5",3.345380162,2285.04,3,1.055959,match
ablation_r33_p05,ablation,"r0=0,1,2,3;r1=0,1,2,3;r2=0,1,2;r3=0,1,2;r4=0,1,2;r5=0,1,2;r6=0,1,2,3;r7=0,1,2;r8=0,1,2;r9=0,1,2;r10=0,1,2,3;r11=0,1,2,3;r12=0,1,2;r13=0,1,2,3,4,5;r14=0,1,2,3,4;r15=0,1,2;r16=0,1,2,3,4;r17=0,1,2;r18=0,1,2;r19=0,1,2;r20=0,1,2;r21=0,1,2;r22=0,1,2,3,4;r23=0,1,2,3,4,5,6,7;r24=0,1,2,3,4,5,6,7;r25=0,1,2,3;r26=0,1,2;r27=0,1,2,3,4,5,6,7,8;r28=0,1,2,3;r29=0,1,2;r30=0,1,2,3,4,5,6,7;r31=0,1,2,3,4,5,6,7;r32=0,1,2,3,4,5;r33=1,2,3,0,4,5;r34=0,1,2,3,4,5",3.215491728,2221.55,3,1.014960,match
ablation_r33_p06,ablation,"r0=0,1,2,3;r1=0,1,2,3;r2=0,1,2;r3=0,1,2;r4=0,1,2;r5=0,1,2;r6=0,1,2,3;r7=0,1,2;r8=0,1,2;r9=0,1,2;r10=0,1,2,3;r11=0,1,2,3;r12=0,1,2;r13=0,1,2,3,4,5;r14=0,1,2,3,4;r15=0,1,2;r16=0,1,2,3,4;r17=0,1,2;r18=0,1,2;r19=0,1,2;r20=0,1,2;r21=0,1,2;r22=0,1,2,3,4;r23=0,1,2,3,4,5,6,7;r24=0,1,2,3,4,5,6,7;r25=0,1,2,3;r26=0,1,2;r27=0,1,2,3,4,5,6,7,8;r28=0,1,2,3;r29=0,1,2;r30=0,1,2,3,4,5,6,7;r31=0,1,2,3,4,5,6,7;r32=0,1,2,3,4,5;r33=2,3,4,1,0,5;r34=0,1,2,3,4,5",3.173539163,2264.70,3,1.001718,match
ablation_r33_p07,ablation,"r0=0,1,2,3;r1=0,1,2,3;r2=0,1,2;r3=0,1,2;r4=0,1,2;r5=0,1,2;r6=0,1,2,3;r7=0,1,2;r8=0,1,2;r9=0,1,2;r10=0,1,2,3;r11=0,1,2,3;r12=0,1,2;r13=0,1,2,3,4,5;r14=0,1,2,3,4;r15=0,1,2;r16=0,1,2,3,4;r17=0,1,2;r18=0,1,2;r19=0,1,2;r20=0,1,2;r21=0,1,2;r22=0,1,2,3,4;r23=0,1,2,3,4,5,6,7;r24=0,1,2,3,4,5,6,7;r25=0,1,2,3;r26=0,1,2;r27=0,1,2,3,4,5,6,7,8;r28=0,1,2,3;r29=0,1,2;r30=0,1,2,3,4,5,6,7;r31=0,1,2,3,4,5,6,7;r32=0,1,2,3,4,5;r33=2,3,1,4,5,0;r34=0,1,2,3,4,5",3.308439220,2264.29,3,1.044298,match
ablation_r33_p08,ablation,"r0=0,1,2,3;r1=0,1,2,3;r2=0,1,2;r3=0,1,2;r4=0,1,2;r5=0,1,2;r6=0,1,2,3;r7=0,1,2;r8=0,1,2;r9=0,1,2;r10=0,1,2,3;r11=0,1,2,3;r12=0,1,2;r13=0,1,2,3,4,5;r14=0,1,2,3,4;r15=0,1,2;r16=0,1,2,3,4;r17=0,1,2;r18=0,1,2;r19=0,1,2;r20=0,1,2;r21=0,1,2;r22=0,1,2,3,4;r23=0,1,2,3,4,5,6,7;r24=0,1,2,3,4,5,6,7;r25=0,1,2,3;r26=0,1,2;r27=0,1,2,3,4,5,6,7,8;r28=0,1,2,3;r29=0,1,2;r30=0,1,2,3,4,5,6,7;r31=0,1,2,3,4,5,6,7;r32=0,1,2,3,4,5;r33=1,2,0,3,4,5;r34=0,1,2,3,4,5",3.372101401,2244.44,3,1.064393,match
ablation_r33_p09,ablation,"r0=0,1,2,3;r1=0,1,2,3;r2=0,1,2;r3=0,1,2;r4=0,1,2;r5=0,1,2;r6=0,1,2,3;r7=0,1,2;r8=0,1,2;r9=0,1,2;r10=0,1,2,3;r11=0,1,2,3;r12=0,1,2;r13=0,1,2,3,4,5;r14=0,1,2,3,4;r15=0,1,2;r16=0,1,2,3,4;r17=0,1,2;r18=0,1,2;r19=0,1,2;r20=0,1,2;r21=0,1,2;r22=0,1,2,3,4;r23=0,1,2,3,4,5,6,7;r24=0,1,2,3,4,5,6,7;r25=0,1,2,3;r26=0,1,2;r27=0,1,2,3,4,5,6,7,8;r28=0,1,2,3;r29=0,1,2;r30=0,1,2,3,4,5,6,7;r31=0,1,2,3,4,5,6,7;r32=0,1,2,3,4,5;r33=0,1,4,2,5,3;r34=0,1,2,3,4,5",3.210663893,2255.11,3,1.013436,match
ablation_r33_p10,ablation,"r0=0,1,2,3;r1=0,1,2,3;r2=0,1,2;r3=0,1,2;r4=0,1,2;r5=0,1,2;r6=0,1,2,3;r7=0,1,2;r8=0,1,2;r9=0,1,2;r10=0,1,2,3;r11=0,1,2,3;r12=0,1,2;r13=0,1,2,3,4,5;r14=0,1,2,3,4;r15=0,1,2;r16=0,1,2,3,4;r17=0,1,2;r18=0,1,2;r19=0,1,2;r20=0,1,2;r21=0,1,2;r22=0,1,2,3,4;r23=0,1,2,3,4,5,6,7;r24=0,1,2,3,4,5,6,7;r25=0,1,2,3;r26=0,1,2;r27=0,1,2,3,4,5,6,7,8;r28=0,1,2,3;r29=0,1,2;r30=0,1,2,3,4,5,6,7;r31=0,1,2,3,4,5,6,7;r32=0,1,2,3,4,5;r33=1,2,0,4,5,3;r34=0,1,2,3,4,5",3.296798897,2270.23,3,1.040624,match
ablation_r33_p11,ablation,"r0=0,1,2,3;r1=0,1,2,3;r2=0,1,2;r3=0,1,2;r4=0,1,2;r5=0,1,2;r6=0,1,2,3;r7=0,1,2;r8=0,1,2;r9=0,1,2;r10=0,1,2,3;r11=0,1,2,3;r12=0,1,2;r13=0,1,2,3,4,5;r14=0,1,2,3,4;r15=0,1,2;r16=0,1,2,3,4;r17=0,1,2;r18=0,1,2;r19=0,1,2;r20=0,1,2;r21=0,1,2;r22=0,1,2,3,4;r23=0,1,2,3,4,5,6,7;r24=0,1,2,3,4,5,6,7;r25=0,1,2,3;r26=0,1,2;r27=0,1,2,3,4,5,6,7,8;r28=0,1,2,3;r29=0,1,2;r30=0,1,2,3,4,5,6,7;r31=0,1,2,3,4,5,6,7;r32=0,1,2,3,4,5;r33=1,2,3,4,0,5;r34=0,1,2,3,4,5",3.317190632,2258.66,3,1.047061,match
ablation_r33_p12,ablation,"r0=0,1,2,3;r1=0,1,2,3;r2=0,1,2;r3=0,1,2;r4=0,1,2;r5=0,1,2;r6=0,1,2,3;r7=0,1,2;r8=0,1,2;r9=0,1,2;r10=0,1,2,3;r11=0,1,2,3;r12=0,1,2;r13=0,1,2,3,4,5;r14=0,1,2,3,4;r15=0,1,2;r16=0,1,2,3,4;r17=0,1,2;r18=0,1,2;r19=0,1,2;r20=0,1,2;r21=0,1,2;r22=0,1,2,3,4;r23=0,1,2,3,4,5,6,7;r24=0,1,2,3,4,5,6,7;r25=0,1,2,3;r26=0,1,2;r27=0,1,2,3,4,5,6,7,8;r28=0,1,2,3;r29=0,1,2;r30=0,1,2,3,4,5,6,7;r31=0,1,2,3,4,5,6,7;r32=0,1,2,3,4,5;r33=2,4,1,5,3,0;r34=0,1,2,3,4,5",3.312020856,2294.54,3,1.045429,match
ablation_r34_p01,ablation,"r0=0,1,2,3;r1=0,1,2,3;r2=0,1,2;r3=0,1,2;r4=0,1,2;r5=0,1,2;r6=0,1,2,3;r7=0,1,2;r8=0,1,2;r9=0,1,2;r10=0,1,2,3;r11=0,1,2,3;r12=0,1,2;r13=0,1,2,3,4,5;r14=0,1,2,3,4;r15=0,1,2;r16=0,1,2,3,4;r17=0,1,2;r18=0,1,2;r19=0,1,2;r20=0,1,2;r21=0,1,2;r22=0,1,2,3,4;r23=0,1,2,3,4,5,6,7;r24=0,1,2,3,4,5,6,7;r25=0,1,2,3;r26=0,1,2;r27=0,1,2,3,4,5,6,7,8;r28=0,1,2,3;r29=0,1,2;r30=0,1,2,3,4,5,6,7;r31=0,1,2,3,4,5,6,7;r32=0,1,2,3,4,5;r33=0,1,2,3,4,5;r34=1,2,3,4,5,0",3.261796522,2213.00,3,1.029576,match
ablation_r34_p02,ablation,"r0=0,1,2,3;r1=0,1,2,3;r2=0,1,2;r3=0,1,2;r4=0,1,2;r5=0,1,2;r6=0,1,2,3;r7=0,1,2;r8=0,1,2;r9=0,1,2;r10=0,1,2,3;r11=0,1,2,3;r12=0,1,2;r13=0,1,2,3,4,5;r14=0,1,2,3,4;r15=0,1,2;r16=0,1,2,3,4;r17=0,1,2;r18=0,1,2;r19=0,1,2;r20=0,1,2;r21=0,1,2;r22=0,1,2,3,4;r23=0,1,2,3,4,5,6,7;r24=0,1,2,3,4,5,6,7;r25=0,1,2,3;r26=0,1,2;r27=0,1,2,3,4,5,6,7,8;r28=0,1,2,3;r29=0,1,2;r30=0,1,2,3,4,5,6,7;r31=0,1,2,3,4,5,6,7;r32=0,1,2,3,4,5;r33=0,1,2,3,4,5;r34=4,5,2,1,0,3",3.207916594,2271.77,3,1.012569,match
ablation_r34_p03,ablation,"r0=0,1,2,3;r1=0,1,2,3;r2=0,1,2;r3=0,1,2;r4=0,1,2;r5=0,1,2;r6=0,1,2,3;r7=0,1,2;r8=0,1,2;r9=0,1,2;r10=0,1,2,3;r11=0,1,2,3;r12=0,1,2;r13=0,1,2,3,4,5;r14=0,1,2,3,4;r15=0,1,2;r16=0,1,2,3,4;r17=0,1,2;r18=0,1,2;r19=0,1,2;r20=0,1,2;r21=0,1,2;r22=0,1,2,3,4;r23=0,1,2,3,4,5,6,7;r24=0,1,2,3,4,5,6,7;r25=0,1,2,3;r26=0,1,2;r27=0,1,2,3,4,5,6,7,8;r28=0,1,2,3;r29=0,1,2;r30=0,1,2,3,4,5,6,7;r31=0,1,2,3,4,5,6,7;r32=0,1,2,3,4,5;r33=0,1,2,3,4,5;r34=2,4,3,5,1,0",3.213972131,2266.36,3,1.014480,match
ablation_r34_p04,ablation,"r0=0,1,2,3;r1=0,1,2,3;r2=0,1,2;r3=0,1,2;r4=0,1,2;r5=0,1,2;r6=0,1,2,3;r7=0,1,2;r8=0,1,2;r9=0,1,2;r10=0,1,2,3;r11=0,1,2,3;r12=0,1,2;r13=0,1,2,3,4,5;r14=0,1,2,3,4;r15=0,1,2;r16=0,1,2,3,4;r17=0,1,2;r18=0,1,2;r19=0,1,2;r20=0,1,2;r21=0,1,2;r22=0,1,2,3,4;r23=0,1,2,3,4,5,6,7;r24=0,1,2,3,4,5,6,7;r25=0,1,2,3;r26=0,1,2;r27=0,1,2,3,4,5,6,7,8;r28=0,1,2,3;r29=0,1,2;r30=0,1,2,3,4,5,6,7;r31=0,1,2,3,4,5,6,7;r32=0,1,2,3,4,5;r33=0,1,2,3,4,5;r34=1,4,5,2,0,3",3.303256706,2239.67,3,1.042663,match
ablation_r34_p05,ablation,"r0=0,1,2,3;r1=0,1,2,3;r2=0,1,2;r3=0,1,2;r4=0,1,2;r5=0,1,2;r6=0,1,2,3;r7=0,1,2;r8=0,1,2;r9=0,1,2;r10=0,1,2,3;r11=0,1,2,3;r12=0,1,2;r13=0,1,2,3,4,5;r14=0,1,2,3,4;r15=0,1,2;r16=0,1,2,3,4;r17=0,1,2;r18=0,1,2;r19=0,1,2;r20=0,1,2;r21=0,1,2;r22=0,1,2,3,4;r23=0,1,2,3,4,5,6,7;r24=0,1,2,3,4,5,6,7;r25=0,1,2,3;r26=0,1,2;r27=0,1,2,3,4,5,6,7,8;r28=0,1,2,3;r29=0,1,2;r30=0,1,2,3,4,5,6,7;r31=0,1,2,3,4,5,6,7;r32=0,1,2,3,4,5;r33=0,1,2,3,4,5;r34=2,4,1,3,5,0",3.273502669,2241.92,3,1.033271,match
ablation_r34_p06,ablation,"r0=0,1,2,3;r1=0,1,2,3;r2=0,1,2;r3=0,1,2;r4=0,1,2;r5=0,1,2;r6=0,1,2,3;r7=0,1,2;r8=0,1,2;r9=0,1,2;r10=0,1,2,3;r11=0,1,2,3;r12=0,1,2;r13=0,1,2,3,4,5;r14=0,1,2,3,4;r15=0,1,2;r16=0,1,2,3,4;r17=0,1,2;r18=0,1,2;r19=0,1,2;r20=0,1,2;r21=0,1,2;r22=0,1,2,3,4;r23=0,1,2,3,4,5,6,7;r24=0,1,2,3,4,5,6,7;r25=0,1,2,3;r26=0,1,2;r27=0,1,2,3,4,5,6,7,8;r28=0,1,2,3;r29=0,1,2;r30=0,1,2,3,4,5,6,7;r31=0,1,2,3,4,5,6,7;r32=0,1,2,3,4,5;r33=0,1,2,3,4,5;r34=0,1,4,5,2,3",3.199578576,2210.39,3,1.009937,match
ablation_r34_p07,ablation,"r0=0,1,2,3;r1=0,1,2,3;r2=0,1,2;r3=0,1,2;r4=0,1,2;r5=0,1,2;r6=0,1,2,3;r7=0,1,2;r8=0,1,2;r9=0,1,2;r10=0,1,2,3;r11=0,1,2,3;r12=0,1,2;r13=0,1,2,3,4,5;r14=0,1,2,3,4;r15=0,1,2;r16=0,1,2,3,4;r17=0,1,2;r18=0,1,2;r19=0,1,2;r20=0,1,2;r21=0,1,2;r22=0,1,2,3,4;r23=0,1,2,3,4,5,6,7;r24=0,1,2,3,4,5,6,7;r25=0,1,2,3;r26=0,1,2;r27=0,1,2,3,4,5,6,7,8;r28=0,1,2,3;r29=0,1,2;r30=0,1,2,3,4,5,6,7;r31=0,1,2,3,4,5,6,7;r32=0,1,2,3,4,5;r33=0,1,2,3,4,5;r34=1,4,2,5,0,3",3.280973947,2237.28,3,1.035629,match
ablation_r34_p08,ablation,"r0=0,1,2,3;r1=0,1,2,3;r2=0,1,2;r3=0,1,2;r4=0,1,2;r5=0,1,2;r6=0,1,2,3;r7=0,1,2;r8=0,1,2;r9=0,1,2;r10=0,1,2,3;r11=0,1,2,3;r12=0,1,2;r13=0,1,2,3,4,5;r14=0,1,2,3,4;r15=0,1,2;r16=0,1,2,3,4;r17=0,1,2;r18=0,1,2;r19=0,1,2;r20=0,1,2;r21=0,1,2;r22=0,1,2,3,4;r23=0,1,2,3,4,5,6,7;r24=0,1,2,3,4,5,6,7;r25=0,1,2,3;r26=0,1,2;r27=0,1,2,3,4,5,6,7,8;r28=0,1,2,3;r29=0,1,2;r30=0,1,2,3,4,5,6,7;r31=0,1,2,3,4,5,6,7;r32=0,1,2,3,4,5;r33=0,1,2,3,4,5;r34=2,4,5,3,1,0",3.195053213,2235.07,3,1.008508,match
ablation_r34_p09,ablation,"r0=0,1,2,3;r1=0,1,2,3;r2=0,1,2;r3=0,1,2;r4=0,1,2;r5=0,1,2;r6=0,1,2,3;r7=0,1,2;r8=0,1,2;r9=0,1,2;r10=0,1,2,3;r11=0,1,2,3;r12=0,1,2;r13=0,1,2,3,4,5;r14=0,1,2,3,4;r15=0,1,2;r16=0,1,2,3,4;r17=0,1,2;r18=0,1,2;r19=0,1,2;r20=0,1,2;r21=0,1,2;r22=0,1,2,3,4;r23=0,1,2,3,4,5,6,7;r24=0,1,2,3,4,5,6,7;r25=0,1,2,3;r26=0,1,2;r27=0,1,2,3,4,5,6,7,8;r28=0,1,2,3;r29=0,1,2;r30=0,1,2,3,4,5,6,7;r31=0,1,2,3,4,5,6,7;r32=0,1,2,3,4,5;r33=0,1,2,3,4,5;r34=4,5,1,2,0,3",3.225437693,2215.81,3,1.018099,match
ablation_r34_p10,ablation,"r0=0,1,2,3;r1=0,1,2,3;r2=0,1,2;r3=0,1,2;r4=0,1,2;r5=0,1,2;r6=0,1,2,3;r7=0,1,2;r8=0,1,2;r9=0,1,2;r10=0,1,2,3;r11=0,1,2,3;r12=0,1,2;r13=0,1,2,3,4,5;r14=0,1,2,3,4;r15=0,1,2;r16=0,1,2,3,4;r17=0,1,2;r18=0,1,2;r19=0,1,2;r20=0,1,2;r21=0,1,2;r22=0,1,2,3,4;r23=0,1,2,3,4,5,6,7;r24=0,1,2,3,4,5,6,7;r25=0,1,2,3;r26=0,1,2;r27=0,1,2,3,4,5,6,7,8;r28=0,1,2,3;r29=0,1,2;r30=0,1,2,3,4,5,6,7;r31=0,1,2,3,4,5,6,7;r32=0,1,2,3,4,5;r33=0,1,2,3,4,5;r34=2,3,1,0,4,5",3.277070767,2225.77,3,1.034397,match
ablation_r34_p11,ablation,"r0=0,1,2,3;r1=0,1,2,3;r2=0,1,2;r3=0,1,2;r4=0,1,2;r5=0,1,2;r6=0,1,2,3;r7=0,1,2;r8=0,1,2;r9=0,1,2;r10=0,1,2,3;r11=0,1,2,3;r12=0,1,2;r13=0,1,2,3,4,5;r14=0,1,2,3,4;r15=0,1,2;r16=0,1,2,3,4;r17=0,1,2;r18=0,1,2;r19=0,1,2;r20=0,1,2;r21=0,1,2;r22=0,1,2,3,4;r23=0,1,2,3,4,5,6,7;r24=0,1,2,3,4,5,6,7;r25=0,1,2,3;r26=0,1,2;r27=0,1,2,3,4,5,6,7,8;r28=0,1,2,3;r29=0,1,2;r30=0,1,2,3,4,5,6,7;r31=0,1,2,3,4,5,6,7;r32=0,1,2,3,4,5;r33=0,1,2,3,4,5;r34=2,3,4,1,5,0",3.081627825,2241.08,3,0.972706,match
ablation_r34_p12,ablation,"r0=0,1,2,3;r1=0,1,2,3;r2=0,1,2;r3=0,1,2;r4=0,1,2;r5=0,1,2;r6=0,1,2,3;r7=0,1,2;r8=0,1,2;r9=0,1,2;r10=0,1,2,3;r11=0,1,2,3;r12=0,1,2;r13=0,1,2,3,4,5;r14=0,1,2,3,4;r15=0,1,2;r16=0,1,2,3,4;r17=0,1,2;r18=0,1,2;r19=0,1,2;r20=0,1,2;r21=0,1,2;r22=0,1,2,3,4;r23=0,1,2,3,4,5,6,7;r24=0,1,2,3,4,5,6,7;r25=0,1,2,3;r26=0,1,2;r27=0,1,2,3,4,5,6,7,8;r28=0,1,2,3;r29=0,1,2;r30=0,1,2,3,4,5,6,7;r31=0,1,2,3,4,5,6,7;r32=0,1,2,3,4,5;r33=0,1,2,3,4,5;r34=1,2,4,5,3,0",3.098461130,2205.59,3,0.978019,match
sample_0001,sample,"r0=1,3,0,2;r1=0,1,2,3;r2=1,2,0;r3=1,2,0;r4=0,1,2;r5=1,2,0;r6=1,3,0,2;r7=0,2,1;r8=1,2,0;r9=0,2,1;r10=0,1,2,3;r11=1,2,0,3;r12=0,2,1;r13=1,2,4,5,0,3;r14=0,3,2,1,4;r15=0,1,2;r16=1,3,2,0,4;r17=0,1,2;r18=0,1,2;r19=1,2,0;r20=0,2,1;r21=0,1,2;r22=1,2,0,3,4;r23=1,3,4,0,7,6,5,2;r24=4,7,6,1,5,2,3,0;r25=0,1,3,2;r26=0,1,2;r27=6,7,1,0,8,2,4,3,5;r28=1,2,0,3;r29=1,2,0;r30=0,1,5,7,2,6,4,3;r31=1,5,0,7,2,6,3,4;r32=1,4,2,3,0,5;r33=4,5,2,3,1,0;r34=4,5,2,1,0,3",TIMEOUT,248407.64,0,N/A,TIMEOUT
sample_0002,sample,"r0=0,3,1,2;r1=0,2,3,1;r2=0,1,2;r3=0,1,2;r4=1,2,0;r5=0,1,2;r6=0,1,3,2;r7=1,2,0;r8=0,2,1;r9=0,1,2;r10=2,3,1,0;r11=1,3,0,2;r12=0,1,2;r13=1,2,3,4,0,5;r14=0,4,2,3,1;r15=1,2,0;r16=3,4,2,1,0;r17=0,1,2;r18=1,2,0;r19=1,2,0;r20=0,2,1;r21=0,1,2;r22=2,3,1,4,0;r23=4,7,6,3,5,1,2,0;r24=4,7,1,2,6,3,0,5;r25=1,3,2,0;r26=0,1,2;r27=7,8,5,2,1,4,6,3,0;r28=1,2,0,3;r29=1,2,0;r30=2,6,3,4,1,7,5,0;r31=4,7,5,1,0,3,2,6;r32=2,3,4,1,0,5;r33=1,4,5,2,0,3;r34=1,2,0,4,3,5",TIMEOUT,249049.36,0,N/A,TIMEOUT
sample_0003,sample,"r0=0,2,3,1;r1=0,2,3,1;r2=0,1,2;r3=0,2,1;r4=0,1,2;r5=1,2,0;r6=1,3,0,2;r7=0,1,2;r8=1,2,0;r9=0,1,2;r10=0,1,2,3;r11=0,1,2,3;r12=1,2,0;r13=3,4,1,5,2,0;r14=0,1,2,4,3;r15=0,1,2;r16=0,1,3,4,2;r17=0,1,2;r18=1,2,0;r19=0,1,2;r20=0,1,2;r21=1,2,0;r22=3,4,2,1,0;r23=2,5,1,6,0,3,4,7;r24=1,2,4,7,5,6,3,0;r25=1,3,0,2;r26=0,1,2;r27=7,8,6,1,2,4,0,3,5;r28=1,3,0,2;r29=1,2,0;r30=2,3,1,6,7,0,5,4;r31=5,6,1,7,0,2,4,3;r32=4,5,2,1,0,3;r33=1,4,2,5,3,0;r34=1,2,4,0,3,5",TIMEOUT,217731.27,0,N/A,TIMEOUT
sample_0004,sample,"r0=0,1,3,2;r1=0,1,3,2;r2=1,2,0;r3=0,2,1;r4=0,2,1;r5=0,2,1;r6=1,2,0,3;r7=0,2,1;r8=1,2,0;r9=0,1,2;r10=1,3,2,0;r11=1,3,2,0;r12=1,2,0;r13=1,2,0,3,5,4;r14=0,1,2,4,3;r15=1,2,0;r16=1,3,4,0,2;r17=0,1,2;r18=0,1,2;r19=0,1,2;r20=0,1,2;r21=1,2,0;r22=1,2,0,3,4;r23=1,3,4,7,2,6,0,5;r24=1,2,4,5,3,6,7,0;r25=1,2,0,3;r26=1,2,0;r27=2,3,6,5,7,1,0,4,8;r28=0,1,2,3;r29=1,2,0;r30=5,7,6,2,3,1,0,4;r31=1,2,6,5,7,0,4,3;r32=0,1,4,2,3,5;r33=2,4,1,5,3,0;r34=2,3,4,1,5,0",204.825353004,20221.21,3,64.652475,match
sample_0005,sample,"r0=0,1,2,3;r1=0,1,3,2;r2=0,1,2;r3=0,1,2;r4=0,2,1;r5=0,2,1;r6=1,2,3,0;r7=0,1,2;r8=0,2,1;r9=0,1,2;r10=0,1,3,2;r11=1,2,3,0;r12=0,1,2;r13=1,5,0,3,4,2;r14=0,2,3,1,4;r15=1,2,0;r16=1,3,2,4,0;r17=1,2,0;r18=1,2,0;r19=0,1,2;r20=0,1,2;r21=1,2,0;r22=1,2,3,0,4;r23=0,1,3,4,7,2,6,5;r24=2,5,1,6,3,7,0,4;r25=1,3,2,0;r26=0,1,2;r27=2,6,1,0,7,4,5,3,8;r28=0,1,2,3;r29=0,1,2;r30=6,7,2,4,1,5,0,3;r31=5,6,2,1,0,3,4,7;r32=2,3,1,4,5,0;r33=2,3,4,1,0,5;r34=1,2,3,4,0,5",36.434030565,24970.68,3,11.500287,match
sample_0006,sample,"r0=0,1,2,3;r1=1,3,0,2;r2=0,1,2;r3=0,1,2;r4=0,1,2;r5=1,2,0;r6=0,1,3,2;r7=1,2,0;r8=0,1,2;r9=0,2,1;r10=0,1,2,3;r11=1,3,0,2;r12=0,1,2;r13=2,5,1,4,0,3;r14=0,4,1,3,2;r15=0,1,2;r16=0,1,3,4,2;r17=1,2,0;r18=1,2,0;r19=0,2,1;r20=0,1,2;r21=1,2,0;r22=1,2,3,4,0;r23=1,3,0,2,5,6,7,4;r24=1,4,2,7,5,6,3,0;r25=0,1,3,2;r26=1,2,0;r27=4,7,8,6,1,2,3,5,0;r28=1,2,0,3;r29=0,1,2;r30=0,1,2,6,3,7,4,5;r31=4,7,6,2,1,0,5,3;r32=2,4,1,3,5,0;r33=2,4,1,0,3,5;r34=1,2,0,3,4,5",TIMEOUT,112556.75,0,N/A,TIMEOUT
sample_0007,sample,"r0=0,1,3,2;r1=1,3,0,2;r2=0,1,2;r3=1,2,0;r4=0,2,1;r5=0,1,2;r6=0,3,2,1;r7=0,1,2;r8=0,1,2;r9=0,2,1;r10=1,2,0,3;r11=0,1,3,2;r12=0,2,1;r13=2,4,3,1,5,0;r14=0,4,3,1,2;r15=1,2,0;r16=3,4,1,2,0;r17=0,1,2;r18=1,2,0;r19=1,2,0;r20=0,1,2;r21=0,1,2;r22=1,2,4,0,3;r23=1,2,3,4,0,7,6,5;r24=6,7,4,5,3,1,2,0;r25=0,1,2,3;r26=0,1,2;r27=2,5,3,1,6,4,7,0,8;r28=1,2,0,3;r29=0,1,2;r30=2,5,7,4,3,6,1,0;r31=1,6,7,0,2,4,5,3;r32=2,4,3,1,5,0;r33=2,4,1,5,0,3;r34=1,2,4,5,0,3",TIMEOUT,249205.41,0,N/A,TIMEOUT
sample_0008,sample,"r0=1,3,0,2;r1=1,2,3,0;r2=0,2,1;r3=0,1,2;r4=0,1,2;r5=1,2,0;r6=1,2,0,3;r7=0,2,1;r8=0,1,2;r9=0,1,2;r10=1,2,0,3;r11=2,3,1,0;r12=0,1,2;r13=3,4,2,1,5,0;r14=0,2,3,1,4;r15=0,1,2;r16=2,3,4,1,0;r17=1,2,0;r18=0,1,2;r19=0,1,2;r20=0,1,2;r21=0,1,2;r22=2,3,1,4,0;r23=0,1,3,2,4,7,5,6;r24=5,6,3,7,4,2,1,0;r25=1,2,0,3;r26=0,1,2;r27=4,7,6,1,0,5,3,8,2;r28=0,1,3,2;r29=0,1,2;r30=2,5,3,1,0,6,4,7;r31=2,6,1,7,4,5,3,0;r32=4,5,1,2,3,0;r33=0,1,2,4,5,3;r34=1,4,2,0,5,3",TIMEOUT,249924.68,0,N/A,TIMEOUT
sample_0009,sample,"r0=0,2,3,1;r1=2,3,0,1;r2=0,1,2;r3=1,2,0;r4=0,1,2;r5=0,2,1;r6=1,3,0,2;r7=0,2,1;r8=1,2,0;r9=1,2,0;r10=0,1,3,2;r11=0,1,3,2;r12=0,1,2;r13=1,2,5,3,4,0;r14=0,3,1,4,2;r15=0,1,2;r16=1,2,3,4,0;r17=1,2,0;r18=1,2,0;r19=1,2,0;r20=0,1,2;r21=1,2,0;r22=1,2,0,4,3;r23=5,6,2,1,3,7,4,0;r24=4,7,1,0,2,3,6,5;r25=0,1,2,3;r26=1,2,0;r27=1,2,3,4,7,5,8,0,6;r28=1,2,3,0;r29=0,1,2;r30=1,6,5,7,0,4,3,2;r31=4,7,6,2,5,1,0,3;r32=1,4,2,0,5,3;r33=1,4,0,2,5,3;r34=4,5,2,1,3,0",TIMEOUT,249994.90,0,N/A,TIMEOUT
sample_0010,sample,"r0=0,2,3,1;r1=0,2,3,1;r2=0,1,2;r3=1,2,0;r4=0,1,2;r5=0,2,1;r6=0,3,2,1;r7=0,2,1;r8=0,1,2;r9=0,2,1;r10=1,2,0,3;r11=1,3,2,0;r12=1,2,0;r13=1,5,2,0,3,4;r14=0,4,2,3,1;r15=1,2,0;r16=0,1,2,3,4;r17=0,1,2;r18=1,2,0;r19=0,1,2;r20=0,2,1;r21=0,1,2;r22=0,1,4,3,2;r23=3,4,1,2,5,7,0,6;r24=1,4,7,2,6,5,0,3;r25=1,2,0,3;r26=1,2,0;r27=4,7,6,2,1,0,5,8,3;r28=1,3,0,2;r29=0,1,2;r30=2,6,5,3,1,0,7,4;r31=6,7,2,1,3,4,5,0;r32=1,2,4,0,3,5;r33=1,2,4,5,0,3;r34=0,1,2,4,5,3",341.672202518,56765.69,3,107.847751,match
sample_0011,sample,"r0=2,3,1,0;r1=1,2,0,3;r2=0,1,2;r3=1,2,0;r4=1,2,0;r5=1,2,0;r6=2,3,1,0;r7=1,2,0;r8=1,2,0;r9=1,2,0;r10=0,1,3,2;r11=1,2,0,3;r12=0,2,1;r13=0,1,4,5,3,2;r14=0,4,2,3,1;r15=1,2,0;r16=1,3,4,0,2;r17=0,1,2;r18=1,2,0;r19=1,2,0;r20=0,2,1;r21=1,2,0;r22=1,4,0,2,3;r23=1,3,4,2,7,6,0,5;r24=3,5,6,7,2,4,1,0;r25=1,2,0,3;r26=0,1,2;r27=1,6,7,4,0,5,3,8,2;r28=1,2,3,0;r29=1,2,0;r30=1,6,2,0,3,5,4,7;r31=6,7,1,4,5,0,3,2;r32=1,4,0,2,5,3;r33=1,4,2,5,0,3;r34=2,3,4,5,1,0",TIMEOUT,251032.77,0,N/A,TIMEOUT
sample_0012,sample,"r0=0,1,2,3;r1=0,3,1,2;r2=0,2,1;r3=0,1,2;r4=0,2,1;r5=1,2,0;r6=1,3,2,0;r7=1,2,0;r8=0,2,1;r9=0,2,1;r10=1,2,3,0;r11=1,2,3,0;r12=1,2,0;r13=1,3,2,0,4,5;r14=0,3,4,1,2;r15=1,2,0;r16=1,2,3,4,0;r17=0,1,2;r18=1,2,0;r19=1,2,0;r20=0,2,1;r21=0,1,2;r22=1,2,3,4,0;r23=3,4,7,1,6,5,2,0;r24=1,4,0,2,7,3,6,5;r25=0,1,3,2;r26=0,1,2;r27=1,6,0,5,7,2,4,3,8;r28=0,1,2,3;r29=0,1,2;r30=2,3,4,1,0,6,5,7;r31=5,6,1,7,4,0,2,3;r32=2,4,1,3,5,0;r33=4,5,1,2,0,3;r34=0,1,4,2,5,3",TIMEOUT,250632.64,0,N/A,TIMEOUT
sample_0013,sample,"r0=1,2,3,0;r1=1,2,0,3;r2=1,2,0;r3=1,2,0;r4=0,1,2;r5=1,2,0;r6=2,3,1,0;r7=0,2,1;r8=0,2,1;r9=0,2,1;r10=0,1,3,2;r11=0,1,3,2;r12=1,2,0;r13=3,5,2,4,1,0;r14=0,1,2,3,4;r15=0,1,2;r16=2,3,1,4,0;r17=0,1,2;r18=0,1,2;r19=1,2,0;r20=0,2,1;r21=0,1,2;r22=2,3,1,4,0;r23=1,2,5,6,7,4,3,0;r24=6,7,5,4,2,3,1,0;r25=2,3,1,0;r26=0,1,2;r27=4,7,8,5,6,2,3,1,0;r28=0,1,3,2;r29=1,2,0;r30=5,7,4,1,0,3,6,2;r31=6,7,1,2,0,3,5,4;r32=2,4,1,3,0,5;r33=1,4,0,5,2,3;r34=4,5,1,0,2,3",TIMEOUT,250952.41,0,N/A,TIMEOUT
sample_0014,sample,"r0=1,2,3,0;r1=1,3,2,0;r2=1,2,0;r3=1,2,0;r4=0,2,1;r5=1,2,0;r6=1,2,3,0;r7=0,1,2;r8=1,2,0;r9=0,2,1;r10=1,2,3,0;r11=1,2,0,3;r12=0,1,2;r13=3,4,2,1,5,0;r14=0,2,3,1,4;r15=1,2,0;r16=1,3,0,4,2;r17=1,2,0;r18=1,2,0;r19=0,1,2;r20=0,2,1;r21=0,1,2;r22=1,2,4,0,3;r23=1,3,2,5,0,6,7,4;r24=1,4,0,7,2,6,5,3;r25=1,3,0,2;r26=0,1,2;r27=1,5,7,6,8,2,0,4,3;r28=0,1,3,2;r29=0,1,2;r30=2,6,5,1,3,7,0,4;r31=1,5,7,2,6,0,4,3;r32=2,4,5,1,0,3;r33=1,2,4,0,5,3;r34=0,1,4,2,5,3",192.494116205,21637.12,3,60.760159,match
sample_0015,sample,"r0=1,2,0,3;r1=1,2,0,3;r2=0,2,1;r3=1,2,0;r4=0,2,1;r5=0,2,1;r6=0,1,2,3;r7=0,1,2;r8=0,2,1;r9=0,2,1;r10=2,3,1,0;r11=1,3,0,2;r12=1,2,0;r13=0,1,2,5,4,3;r14=2,4,0,3,1;r15=1,2,0;r16=3,4,1,0,2;r17=0,1,2;r18=1,2,0;r19=0,2,1;r20=0,2,1;r21=1,2,0;r22=2,3,1,4,0;r23=4,7,6,3,1,2,5,0;r24=4,7,1,6,0,2,5,3;r25=1,3,0,2;r26=0,1,2;r27=5,6,7,4,2,3,8,1,0;r28=0,1,3,2;r29=1,2,0;r30=4,7,3,6,1,5,2,0;r31=5,6,2,7,4,1,0,3;r32=0,1,2,4,3,5;r33=1,4,2,3,5,0;r34=1,4,2,0,3,5",166.659241619,51032.73,3,52.605463,match
sample_0016,sample,"r0=2,3,0,1;r1=2,3,0,1;r2=0,2,1;r3=1,2,0;r4=0,1,2;r5=0,2,1;r6=0,2,1,3;r7=1,2,0;r8=1,2,0;r9=0,1,2;r10=1,2,3,0;r11=1,3,0,2;r12=1,2,0;r13=3,5,1,0,4,2;r14=0,1,2,3,4;r15=0,1,2;r16=2,3,1,4,0;r17=0,1,2;r18=1,2,0;r19=0,1,2;r20=0,1,2;r21=1,2,0;r22=1,4,2,0,3;r23=1,3,2,4,7,6,5,0;r24=1,2,4,7,5,3,0,6;r25=1,2,3,0;r26=1,2,0;r27=2,6,3,7,4,5,1,0,8;r28=1,2,3,0;r29=1,2,0;r30=3,4,7,2,5,1,0,6;r31=2,3,4,5,7,1,0,6;r32=4,5,2,3,1,0;r33=0,1,4,5,2,3;r34=2,3,1,0,4,5",TIMEOUT,39877.68,0,N/A,TIMEOUT
sample_0017,sample,"r0=0,1,2,3;r1=2,3,1,0;r2=1,2,0;r3=0,1,2;r4=0,2,1;r5=0,1,2;r6=2,3,0,1;r7=0,1,2;r8=1,2,0;r9=0,1,2;r10=2,3,1,0;r11=0,1,2,3;r12=0,1,2;r13=1,3,0,4,5,2;r14=2,4,0,1,3;r15=0,1,2;r16=1,2,3,0,4;r17=0,1,2;r18=0,1,2;r19=0,2,1;r20=0,1,2;r21=0,1,2;r22=1,4,3,0,2;r23=4,7,3,1,2,0,5,6;r24=1,2,5,4,0,7,3,6;r25=2,3,1,0;r26=1,2,0;r27=1,6,2,7,5,8,0,4,3;r28=1,3,0,2;r29=0,1,2;r30=1,6,0,2,3,4,5,7;r31=2,5,3,1,6,4,0,7;r32=1,2,0,3,4,5;r33=2,4,1,0,5,3;r34=0,1,2,4,3,5",31.116694740,14145.79,3,9.821886,match
sample_0018,sample,"r0=0,3,1,2;r1=1,3,2,0;r2=1,2,0;r3=0,2,1;r4=0,2,1;r5=1,2,0;r6=0,2,3,1;r7=0,1,2;r8=1,2,0;r9=1,2,0;r10=2,3,1,0;r11=1,3,2,0;r12=0,1,2;r13=1,2,0,4,3,5;r14=0,4,3,1,2;r15=1,2,0;r16=1,2,0,3,4;r17=0,1,2;r18=1,2,0;r19=1,2,0;r20=0,2,1;r21=1,2,0;r22=0,1,4,2,3;r23=2,5,1,6,7,0,4,3;r24=2,5,6,3,7,1,4,0;r25=1,2,0,3;r26=0,1,2;r27=4,7,5,3,6,1,0,2,8;r28=1,2,3,0;r29=0,1,2;r30=4,7,3,5,2,1,6,0;r31=2,6,1,7,3,0,5,4;r32=2,4,1,5,0,3;r33=4,5,2,3,1,0;r34=1,4,5,2,3,0",TIMEOUT,250780.38,0,N/A,TIMEOUT
sample_0019,sample,"r0=2,3,1,0;r1=0,2,1,3;r2=0,2,1;r3=0,1,2;r4=1,2,0;r5=1,2,0;r6=2,3,0,1;r7=0,2,1;r8=1,2,0;r9=1,2,0;r10=2,3,1,0;r11=1,2,3,0;r12=0,2,1;r13=1,5,3,2,4,0;r14=2,4,0,1,3;r15=1,2,0;r16=1,3,4,0,2;r17=0,1,2;r18=0,1,2;r19=0,2,1;r20=0,2,1;r21=0,1,2;r22=1,4,3,0,2;r23=3,4,1,0,2,7,5,6;r24=2,5,3,6,1,0,7,4;r25=1,3,2,0;r26=1,2,0;r27=2,6,3,7,1,5,0,4,8;r28=0,1,2,3;r29=1,2,0;r30=2,5,6,1,7,0,4,3;r31=1,6,2,3,7,0,4,5;r32=2,3,1,4,0,5;r33=1,2,4,0,5,3;r34=1,4,2,0,5,3",TIMEOUT,129715.50,0,N/A,TIMEOUT
sample_0020,sample,"r0=0,3,1,2;r1=0,3,2,1;r2=0,2,1;r3=1,2,0;r4=1,2,0;r5=0,2,1;r6=1,3,0,2;r7=0,1,2;r8=1,2,0;r9=0,1,2;r10=0,1,2,3;r11=0,1,3,2;r12=1,2,0;r13=1,5,2,3,0,4;r14=0,3,2,4,1;r15=0,1,2;r16=3,4,1,0,2;r17=1,2,0;r18=1,2,0;r19=0,1,2;r20=0,1,2;r21=1,2,0;r22=1,2,3,4,0;r23=1,3,4,2,7,6,5,0;r24=3,5,6,2,7,1,0,4;r25=0,1,3,2;r26=1,2,0;r27=6,7,4,5,8,1,2,3,0;r28=1,3,0,2;r29=1,2,0;r30=5,6,1,7,0,4,2,3;r31=5,7,6,4,2,1,3,0;r32=2,3,4,1,0,5;r33=1,4,2,0,5,3;r34=1,4,5,0,2,3",74.984891986,35430.50,3,23.668744,match
sample_0021,sample,"r0=2,3,1,0;r1=1,3,0,2;r2=0,2,1;r3=0,2,1;r4=1,2,0;r5=0,2,1;r6=0,3,1,2;r7=0,2,1;r8=0,2,1;r9=0,1,2;r10=0,1,2,3;r11=1,3,2,0;r12=0,1,2;r13=1,4,2,3,0,5;r14=0,1,3,4,2;r15=0,1,2;r16=1,3,0,2,4;r17=0,1,2;r18=1,2,0;r19=0,2,1;r20=0,2,1;r21=0,1,2;r22=1,2,3,0,4;r23=1,3,2,0,5,6,7,4;r24=1,2,5,0,4,6,3,7;r25=1,2,0,3;r26=0,1,2;r27=2,5,7,4,1,8,6,3,0;r28=0,1,2,3;r29=0,1,2;r30=2,3,6,1,0,5,7,4;r31=1,2,3,0,5,4,6,7;r32=0,1,4,2,3,5;r33=2,3,4,5,1,0;r34=1,4,0,2,3,5",161.094317374,13064.68,3,50.848912,match
sample_0022,sample,"r0=2,3,1,0;r1=0,2,1,3;r2=1,2,0;r3=0,2,1;r4=0,1,2;r5=0,1,2;r6=1,3,2,0;r7=0,2,1;r8=0,2,1;r9=0,2,1;r10=1,2,3,0;r11=1,2,0,3;r12=0,1,2;r13=0,1,4,2,5,3;r14=0,2,3,1,4;r15=1,2,0;r16=1,2,0,3,4;r17=0,1,2;r18=1,2,0;r19=0,2,1;r20=0,1,2;r21=0,1,2;r22=1,2,0,3,4;r23=1,2,3,5,4,0,6,7;r24=5,6,2,7,1,3,0,4;r25=1,3,0,2;r26=1,2,0;r27=1,5,0,7,2,6,8,4,3;r28=0,1,3,2;r29=0,1,2;r30=6,7,1,0,5,2,4,3;r31=3,4,2,6,5,7,1,0;r32=2,4,1,3,0,5;r33=2,4,1,3,0,5;r34=4,5,1,2,3,0",31.533503925,22995.98,3,9.953451,match
sample_0023,sample,"r0=1,3,2,0;r1=0,2,3,1;r2=1,2,0;r3=0,2,1;r4=0,2,1;r5=0,2,1;r6=0,3,1,2;r7=1,2,0;r8=0,2,1;r9=0,2,1;r10=1,3,0,2;r11=1,3,0,2;r12=0,1,2;r13=3,4,1,0,2,5;r14=0,4,3,2,1;r15=0,1,2;r16=1,3,0,2,4;r17=0,1,2;r18=1,2,0;r19=1,2,0;r20=0,1,2;r21=0,1,2;r22=1,2,3,4,0;r23=1,2,5,0,3,4,6,7;r24=2,5,1,4,3,0,6,7;r25=0,1,2,3;r26=0,1,2;r27=0,1,2,5,3,7,4,8,6;r28=1,2,3,0;r29=1,2,0;r30=6,7,4,1,5,2,0,3;r31=5,6,1,2,3,0,4,7;r32=1,4,0,2,3,5;r33=0,1,2,4,5,3;r34=1,2,4,3,0,5",TIMEOUT,250872.76,0,N/A,TIMEOUT
sample_0024,sample,"r0=0,3,1,2;r1=2,3,1,0;r2=0,2,1;r3=1,2,0;r4=0,2,1;r5=0,1,2;r6=2,3,0,1;r7=0,1,2;r8=0,2,1;r9=1,2,0;r10=1,3,0,2;r11=1,3,2,0;r12=0,1,2;r13=1,5,3,0,2,4;r14=0,1,3,4,2;r15=0,1,2;r16=1,2,3,0,4;r17=1,2,0;r18=0,1,2;r19=0,1,2;r20=0,1,2;r21=0,1,2;r22=1,2,4,3,0;r23=3,4,1,2,5,6,7,0;r24=4,7,1,6,5,3,2,0;r25=2,3,1,0;r26=1,2,0;r27=4,7,6,2,8,1,0,5,3;r28=0,1,2,3;r29=1,2,0;r30=2,5,1,7,3,4,6,0;r31=2,6,7,5,1,0,3,4;r32=1,2,4,5,3,0;r33=2,3,1,4,5,0;r34=2,3,4,1,5,0",393.035910044,70200.56,3,124.060543,match
sample_0025,sample,"r0=1,2,3,0;r1=1,2,3,0;r2=0,1,2;r3=1,2,0;r4=0,1,2;r5=0,2,1;r6=2,3,1,0;r7=0,2,1;r8=1,2,0;r9=0,2,1;r10=0,1,2,3;r11=0,1,2,3;r12=0,1,2;r13=3,5,1,4,0,2;r14=2,4,0,1,3;r15=0,1,2;r16=1,3,2,0,4;r17=0,1,2;r18=0,1,2;r19=0,2,1;r20=0,2,1;r21=1,2,0;r22=1,2,0,4,3;r23=3,4,1,2,0,7,5,6;r24=1,4,7,6,0,2,3,5;r25=1,3,2,0;r26=1,2,0;r27=1,5,2,0,7,6,4,8,3;r28=1,2,3,0;r29=1,2,0;r30=3,4,2,1,6,0,5,7;r31=2,5,7,1,0,6,4,3;r32=1,4,0,5,2,3;r33=2,4,3,1,0,5;r34=1,2,0,3,4,5",32.234676377,17944.89,3,10.174774,match
sample_0026,sample,"r0=0,2,1,3;r1=0,3,2,1;r2=0,2,1;r3=1,2,0;r4=0,2,1;r5=0,2,1;r6=2,3,0,1;r7=0,2,1;r8=1,2,0;r9=0,1,2;r10=1,2,3,0;r11=0,1,2,3;r12=0,2,1;r13=1,3,4,5,0,2;r14=0,2,4,1,3;r15=0,1,2;r16=2,3,1,0,4;r17=0,1,2;r18=1,2,0;r19=0,2,1;r20=0,1,2;r21=0,1,2;r22=2,3,1,0,4;r23=1,3,4,0,2,5,7,6;r24=2,5,6,1,0,7,4,3;r25=2,3,1,0;r26=1,2,0;r27=6,7,2,1,0,8,3,5,4;r28=1,2,3,0;r29=0,1,2;r30=1,6,7,0,2,4,5,3;r31=2,3,5,4,7,1,0,6;r32=2,3,4,5,1,0;r33=1,2,0,4,5,3;r34=1,4,0,2,3,5",130.859007204,22743.32,3,41.305232,match
sample_0027,sample,"r0=1,2,3,0;r1=2,3,1,0;r2=0,2,1;r3=0,1,2;r4=0,1,2;r5=1,2,0;r6=1,3,2,0;r7=0,1,2;r8=1,2,0;r9=0,1,2;r10=1,2,0,3;r11=1,3,0,2;r12=0,1,2;r13=2,4,5,1,0,3;r14=0,3,1,4,2;r15=0,1,2;r16=1,3,0,4,2;r17=0,1,2;r18=1,2,0;r19=0,1,2;r20=0,1,2;r21=1,2,0;r22=1,2,4,3,0;r23=2,5,1,6,7,3,0,4;r24=4,7,1,0,2,6,5,3;r25=1,2,0,3;r26=1,2,0;r27=5,6,7,1,8,4,3,0,2;r28=1,2,3,0;r29=0,1,2;r30=4,7,6,1,5,0,2,3;r31=5,7,6,2,4,1,0,3;r32=1,2,3,0,4,5;r33=1,4,2,3,5,0;r34=1,2,4,0,3,5",381.781918915,194299.65,3,120.508256,match
sample_0028,sample,"r0=1,3,2,0;r1=1,3,0,2;r2=1,2,0;r3=0,1,2;r4=0,1,2;r5=0,2,1;r6=1,2,0,3;r7=0,2,1;r8=1,2,0;r9=0,2,1;r10=2,3,1,0;r11=0,1,2,3;r12=0,2,1;r13=4,5,1,3,2,0;r14=0,2,3,4,1;r15=1,2,0;r16=1,2,3,0,4;r17=1,2,0;r18=1,2,0;r19=0,2,1;r20=0,2,1;r21=1,2,0;r22=1,4,3,0,2;r23=1,3,2,4,7,5,0,6;r24=6,7,4,1,2,0,5,3;r25=0,1,3,2;r26=0,1,2;r27=5,7,6,2,1,8,3,4,0;r28=1,2,3,0;r29=0,1,2;r30=3,4,2,1,7,6,0,5;r31=1,2,0,6,7,5,3,4;r32=1,4,0,5,2,3;r33=2,4,5,3,1,0;r34=2,3,1,0,4,5",241.969044041,26233.91,3,76.376764,match
sample_0029,sample,"r0=2,3,1,0;r1=1,2,0,3;r2=0,2,1;r3=1,2,0;r4=1,2,0;r5=0,1,2;r6=1,2,3,0;r7=0,1,2;r8=0,1,2;r9=1,2,0;r10=1,3,0,2;r11=1,2,0,3;r12=0,1,2;r13=1,5,3,4,0,2;r14=0,1,3,4,2;r15=1,2,0;r16=0,1,2,3,4;r17=0,1,2;r18=1,2,0;r19=1,2,0;r20=0,1,2;r21=0,1,2;r22=1,4,3,2,0;r23=5,6,2,1,3,4,0,7;r24=1,2,5,4,6,0,7,3;r25=1,2,0,3;r26=1,2,0;r27=6,7,4,1,3,2,8,5,0;r28=0,1,2,3;r29=1,2,0;r30=5,7,4,1,3,0,6,2;r31=2,6,3,7,4,5,1,0;r32=1,4,0,5,2,3;r33=2,4,1,5,0,3;r34=2,4,5,1,0,3",TIMEOUT,250352.59,0,N/A,TIMEOUT
sample_0030,sample,"r0=1,2,3,0;r1=1,3,0,2;r2=0,1,2;r3=1,2,0;r4=0,1,2;r5=0,1,2;r6=2,3,0,1;r7=1,2,0;r8=0,2,1;r9=0,1,2;r10=1,3,2,0;r11=0,1,2,3;r12=0,2,1;r13=1,2,0,3,5,4;r14=1,3,0,2,4;r15=0,1,2;r16=2,3,4,1,0;r17=0,1,2;r18=1,2,0;r19=0,1,2;r20=0,1,2;r21=1,2,0;r22=0,1,2,4,3;r23=1,3,2,0,5,6,4,7;r24=1,4,2,5,0,6,7,3;r25=1,2,0,3;r26=1,2,0;r27=1,6,0,2,7,4,3,5,8;r28=0,1,3,2;r29=1,2,0;r30=6,7,1,4,2,0,3,5;r31=1,6,2,3,4,7,5,0;r32=1,2,3,4,0,5;r33=1,2,3,4,5,0;r34=0,1,4,5,2,3",43.136370038,24164.91,3,13.615859,match
sample_0031,sample,"r0=1,3,2,0;r1=1,2,0,3;r2=1,2,0;r3=1,2,0;r4=0,1,2;r5=0,2,1;r6=1,3,2,0;r7=0,1,2;r8=0,1,2;r9=0,2,1;r10=1,3,2,0;r11=1,2,0,3;r12=0,2,1;r13=1,3,4,5,2,0;r14=0,4,2,3,1;r15=0,1,2;r16=2,3,4,1,0;r17=1,2,0;r18=0,1,2;r19=0,1,2;r20=0,2,1;r21=1,2,0;r22=2,3,4,1,0;r23=1,3,2,4,0,5,7,6;r24=2,5,6,1,7,4,0,3;r25=1,2,3,0;r26=1,2,0;r27=4,7,8,6,1,0,3,2,5;r28=1,2,0,3;r29=0,1,2;r30=2,6,5,1,7,4,3,0;r31=5,6,2,3,7,4,1,0;r32=1,2,0,3,4,5;r33=1,2,4,3,5,0;r34=1,4,2,3,5,0",TIMEOUT,169865.20,0,N/A,TIMEOUT
sample_0032,sample,"r0=1,3,2,0;r1=0,3,2,1;r2=1,2,0;r3=0,2,1;r4=1,2,0;r5=0,2,1;r6=0,1,2,3;r7=1,2,0;r8=0,2,1;r9=0,2,1;r10=0,1,2,3;r11=1,3,0,2;r12=1,2,0;r13=4,5,3,1,2,0;r14=0,1,2,4,3;r15=1,2,0;r16=1,3,2,4,0;r17=0,1,2;r18=1,2,0;r19=0,1,2;r20=0,1,2;r21=1,2,0;r22=3,4,2,1,0;r23=4,7,6,3,5,1,2,0;r24=4,7,1,2,3,6,5,0;r25=2,3,1,0;r26=0,1,2;r27=6,7,2,1,4,8,0,3,5;r28=0,1,2,3;r29=0,1,2;r30=2,5,3,1,0,7,6,4;r31=4,7,5,1,3,0,6,2;r32=0,1,2,4,5,3;r33=2,4,1,0,5,3;r34=1,4,2,3,0,5",TIMEOUT,219657.96,0,N/A,TIMEOUT
sample_0033,sample,"r0=2,3,1,0;r1=0,2,1,3;r2=0,1,2;r3=0,2,1;r4=0,2,1;r5=1,2,0;r6=1,2,0,3;r7=0,1,2;r8=0,1,2;r9=0,1,2;r10=2,3,1,0;r11=1,3,0,2;r12=0,2,1;r13=2,4,1,3,5,0;r14=0,3,4,1,2;r15=1,2,0;r16=1,2,3,4,0;r17=1,2,0;r18=1,2,0;r19=0,2,1;r20=0,2,1;r21=0,1,2;r22=1,4,3,0,2;r23=1,2,0,3,5,6,4,7;r24=1,2,3,5,6,7,0,4;r25=2,3,1,0;r26=0,1,2;r27=6,7,5,2,8,1,4,3,0;r28=1,3,2,0;r29=1,2,0;r30=6,7,1,0,4,5,2,3;r31=2,6,1,7,5,4,0,3;r32=0,1,4,5,2,3;r33=4,5,1,2,3,0;r34=1,4,2,5,0,3",70.175439456,33602.51,3,22.150656,match
sample_0034,sample,"r0=0,1,2,3;r1=0,3,1,2;r2=1,2,0;r3=0,1,2;r4=0,2,1;r5=0,2,1;r6=2,3,0,1;r7=1,2,0;r8=1,2,0;r9=0,2,1;r10=1,3,0,2;r11=1,2,3,0;r12=1,2,0;r13=1,4,5,3,2,0;r14=0,1,3,4,2;r15=0,1,2;r16=3,4,1,0,2;r17=0,1,2;r18=1,2,0;r19=1,2,0;r20=0,1,2;r21=0,1,2;r22=3,4,1,2,0;r23=5,6,7,2,1,3,0,4;r24=2,3,1,4,5,0,7,6;r25=1,3,2,0;r26=1,2,0;r27=6,7,4,1,3,0,5,2,8;r28=1,2,3,0;r29=0,1,2;r30=1,5,6,2,7,4,0,3;r31=1,2,3,0,4,7,6,5;r32=0,1,2,4,5,3;r33=1,4,0,2,5,3;r34=2,3,1,4,0,5",TIMEOUT,250051.76,0,N/A,TIMEOUT
sample_0035,sample,"r0=0,1,3,2;r1=0,1,3,2;r2=0,1,2;r3=1,2,0;r4=0,1,2;r5=0,2,1;r6=1,2,3,0;r7=0,2,1;r8=1,2,0;r9=1,2,0;r10=1,3,2,0;r11=1,3,0,2;r12=0,2,1;r13=2,5,3,1,0,4;r14=0,4,3,2,1;r15=0,1,2;r16=2,3,1,4,0;r17=0,1,2;r18=1,2,0;r19=1,2,0;r20=0,2,1;r21=1,2,0;r22=0,1,2,4,3;r23=3,4,7,6,5,2,1,0;r24=1,4,2,5,6,3,7,0;r25=0,1,3,2;r26=1,2,0;r27=4,7,6,5,1,8,0,3,2;r28=0,1,3,2;r29=1,2,0;r30=1,2,6,7,0,3,4,5;r31=2,6,3,1,0,7,4,5;r32=2,3,4,1,5,0;r33=2,4,1,5,3,0;r34=1,4,2,0,5,3",TIMEOUT,251078.05,0,N/A,TIMEOUT
sample_0036,sample,"r0=0,1,2,3;r1=1,2,0,3;r2=0,2,1;r3=0,1,2;r4=0,1,2;r5=0,2,1;r6=0,1,3,2;r7=1,2,0;r8=0,1,2;r9=1,2,0;r10=1,3,2,0;r11=1,3,0,2;r12=0,1,2;r13=0,1,4,2,3,5;r14=1,3,0,4,2;r15=1,2,0;r16=1,3,0,4,2;r17=0,1,2;r18=0,1,2;r19=0,1,2;r20=0,1,2;r21=0,1,2;r22=1,2,3,4,0;r23=1,3,2,5,0,4,6,7;r24=4,7,6,5,3,1,0,2;r25=0,1,3,2;r26=0,1,2;r27=2,5,3,6,7,1,0,4,8;r28=0,1,3,2;r29=0,1,2;r30=5,7,4,3,1,6,0,2;r31=2,3,4,5,1,6,0,7;r32=4,5,2,1,0,3;r33=1,2,3,4,5,0;r34=1,2,0,4,3,5",522.388315926,244478.61,3,164.890221,match
sample_0037,sample,"r0=2,3,0,1;r1=0,1,2,3;r2=0,1,2;r3=0,1,2;r4=0,2,1;r5=0,1,2;r6=1,3,2,0;r7=0,2,1;r8=0,1,2;r9=0,1,2;r10=1,2,0,3;r11=0,1,2,3;r12=0,1,2;r13=4,5,3,1,0,2;r14=0,3,1,4,2;r15=0,1,2;r16=0,1,3,4,2;r17=1,2,0;r18=1,2,0;r19=0,2,1;r20=0,1,2;r21=1,2,0;r22=2,3,1,0,4;r23=1,2,5,6,0,3,7,4;r24=2,5,3,6,7,1,0,4;r25=0,1,2,3;r26=1,2,0;r27=4,7,8,6,1,5,3,0,2;r28=1,3,2,0;r29=0,1,2;r30=1,2,3,6,0,5,7,4;r31=5,6,2,1,3,7,4,0;r32=1,4,2,5,0,3;r33=1,4,5,0,2,3;r34=2,4,3,1,5,0",TIMEOUT,154879.84,0,N/A,TIMEOUT
sample_0038,sample,"r0=0,1,3,2;r1=1,2,3,0;r2=1,2,0;r3=0,2,1;r4=0,1,2;r5=0,1,2;r6=0,3,2,1;r7=1,2,0;r8=0,1,2;r9=0,1,2;r10=0,1,3,2;r11=1,2,0,3;r12=1,2,0;r13=3,4,2,1,0,5;r14=0,4,1,2,3;r15=1,2,0;r16=2,3,1,0,4;r17=1,2,0;r18=1,2,0;r19=1,2,0;r20=0,2,1;r21=0,1,2;r22=0,1,4,3,2;r23=6,7,4,3,1,2,0,5;r24=2,5,6,7,1,4,3,0;r25=1,3,2,0;r26=0,1,2;r27=4,7,6,1,0,8,3,2,5;r28=1,2,3,0;r29=0,1,2;r30=3,4,2,5,7,1,6,0;r31=2,5,7,3,1,6,0,4;r32=4,5,2,1,3,0;r33=1,4,5,2,3,0;r34=1,4,2,5,0,3",TIMEOUT,251121.71,0,N/A,TIMEOUT
sample_0039,sample,"r0=1,2,0,3;r1=2,3,1,0;r2=0,1,2;r3=0,2,1;r4=0,2,1;r5=0,2,1;r6=2,3,0,1;r7=0,2,1;r8=0,2,1;r9=0,1,2;r10=1,3,2,0;r11=1,2,3,0;r12=0,1,2;r13=0,1,5,4,3,2;r14=2,4,0,1,3;r15=0,1,2;r16=0,1,3,4,2;r17=1,2,0;r18=0,1,2;r19=1,2,0;r20=0,2,1;r21=0,1,2;r22=2,3,1,4,0;r23=0,1,3,4,7,6,2,5;r24=2,5,1,6,4,7,3,0;r25=1,3,0,2;r26=1,2,0;r27=6,7,5,1,2,4,3,0,8;r28=0,1,2,3;r29=1,2,0;r30=2,6,1,3,5,0,4,7;r31=3,4,7,5,1,0,2,6;r32=2,4,5,1,3,0;r33=0,1,4,2,3,5;r34=1,4,0,2,3,5",TIMEOUT,251445.63,0,N/A,TIMEOUT
sample_0040,sample,"r0=1,3,2,0;r1=0,3,1,2;r2=0,2,1;r3=0,1,2;r4=1,2,0;r5=1,2,0;r6=0,2,3,1;r7=0,1,2;r8=1,2,0;r9=0,2,1;r10=0,1,3,2;r11=2,3,1,0;r12=0,1,2;r13=1,4,3,5,2,0;r14=2,4,0,3,1;r15=1,2,0;r16=1,2,0,3,4;r17=1,2,0;r18=0,1,2;r19=0,2,1;r20=0,1,2;r21=1,2,0;r22=0,1,2,3,4;r23=1,2,5,0,6,3,4,7;r24=1,2,5,4,7,3,6,0;r25=1,3,2,0;r26=1,2,0;r27=2,6,5,1,0,7,8,4,3;r28=1,2,0,3;r29=0,1,2;r30=1,6,2,3,5,7,4,0;r31=1,5,6,7,4,2,0,3;r32=2,4,1,0,3,5;r33=2,4,3,1,0,5;r34=1,4,2,5,0,3",119.676602466,21664.75,3,37.775541,match
sample_0041,sample,"r0=0,1,3,2;r1=0,2,1,3;r2=1,2,0;r3=1,2,0;r4=0,1,2;r5=0,1,2;r6=2,3,1,0;r7=1,2,0;r8=0,1,2;r9=0,2,1;r10=1,2,3,0;r11=1,2,3,0;r12=0,2,1;r13=1,2,4,5,0,3;r14=0,2,4,3,1;r15=1,2,0;r16=1,3,4,0,2;r17=0,1,2;r18=0,1,2;r19=0,1,2;r20=0,1,2;r21=0,1,2;r22=3,4,2,1,0;r23=1,2,0,5,3,4,7,6;r24=1,2,5,4,7,3,0,6;r25=1,2,3,0;r26=1,2,0;r27=5,6,7,2,8,1,3,0,4;r28=1,3,0,2;r29=1,2,0;r30=3,4,2,6,1,0,5,7;r31=2,3,5,7,6,1,4,0;r32=1,2,4,0,5,3;r33=4,5,1,0,2,3;r34=2,3,1,4,5,0",TIMEOUT,126403.11,0,N/A,TIMEOUT
sample_0042,sample,"r0=0,1,3,2;r1=0,3,2,1;r2=0,2,1;r3=0,1,2;r4=0,2,1;r5=1,2,0;r6=2,3,0,1;r7=1,2,0;r8=0,2,1;r9=1,2,0;r10=1,3,2,0;r11=1,2,0,3;r12=0,1,2;r13=1,3,2,4,0,5;r14=0,3,1,2,4;r15=0,1,2;r16=0,1,2,3,4;r17=0,1,2;r18=1,2,0;r19=0,1,2;r20=0,1,2;r21=1,2,0;r22=1,2,4,3,0;r23=1,3,2,4,7,6,5,0;r24=1,2,3,4,5,7,0,6;r25=0,1,2,3;r26=1,2,0;r27=4,7,6,1,2,0,8,5,3;r28=0,1,3,2;r29=0,1,2;r30=2,6,3,7,5,1,0,4;r31=5,7,4,1,2,3,6,0;r32=2,4,5,1,0,3;r33=1,2,4,3,0,5;r34=2,3,1,4,5,0",TIMEOUT,219221.35,0,N/A,TIMEOUT
sample_0043,sample,"r0=1,3,0,2;r1=2,3,0,1;r2=0,2,1;r3=0,1,2;r4=0,2,1;r5=1,2,0;r6=0,1,2,3;r7=0,2,1;r8=0,1,2;r9=0,2,1;r10=0,1,2,3;r11=2,3,1,0;r12=0,2,1;r13=2,5,1,3,4,0;r14=0,3,1,4,2;r15=1,2,0;r16=2,3,1,4,0;r17=1,2,0;r18=0,1,2;r19=0,2,1;r20=0,1,2;r21=1,2,0;r22=1,2,0,4,3;r23=5,6,2,7,1,0,3,4;r24=2,5,6,1,0,3,4,7;r25=1,2,3,0;r26=1,2,0;r27=1,5,0,7,8,2,3,6,4;r28=1,2,3,0;r29=0,1,2;r30=2,3,1,6,7,4,0,5;r31=4,7,3,6,1,5,0,2;r32=2,4,1,0,5,3;r33=1,4,2,5,0,3;r34=2,3,4,1,0,5",TIMEOUT,60674.05,0,N/A,TIMEOUT
sample_0044,sample,"r0=0,1,3,2;r1=1,2,0,3;r2=0,2,1;r3=1,2,0;r4=0,2,1;r5=0,1,2;r6=0,3,2,1;r7=0,1,2;r8=0,1,2;r9=1,2,0;r10=1,3,2,0;r11=0,1,2,3;r12=1,2,0;r13=2,3,5,1,4,0;r14=0,2,1,3,4;r15=1,2,0;r16=1,3,4,2,0;r17=0,1,2;r18=0,1,2;r19=0,1,2;r20=0,1,2;r21=1,2,0;r22=1,2,3,0,4;r23=1,2,5,0,3,4,6,7;r24=2,5,3,1,4,7,6,0;r25=0,1,3,2;r26=0,1,2;r27=1,6,5,7,4,3,2,0,8;r28=1,3,2,0;r29=1,2,0;r30=4,7,6,5,1,0,2,3;r31=6,7,1,2,5,3,4,0;r32=4,5,1,0,2,3;r33=2,4,1,0,5,3;r34=1,4,5,2,0,3",TIMEOUT,184002.71,0,N/A,TIMEOUT
sample_0045,sample,"r0=2,3,0,1;r1=1,3,2,0;r2=1,2,0;r3=1,2,0;r4=1,2,0;r5=0,2,1;r6=2,3,0,1;r7=0,2,1;r8=0,1,2;r9=0,2,1;r10=0,1,2,3;r11=1,2,3,0;r12=0,2,1;r13=3,4,1,5,2,0;r14=0,2,3,4,1;r15=1,2,0;r16=0,1,3,2,4;r17=1,2,0;r18=0,1,2;r19=0,2,1;r20=0,2,1;r21=1,2,0;r22=0,1,2,4,3;r23=0,1,3,4,7,2,6,5;r24=1,4,2,5,6,0,7,3;r25=2,3,1,0;r26=1,2,0;r27=1,2,6,7,4,8,3,5,0;r28=1,3,2,0;r29=0,1,2;r30=6,7,4,1,5,2,3,0;r31=5,7,1,4,0,6,2,3;r32=1,4,2,3,5,0;r33=1,4,5,2,3,0;r34=2,4,1,0,5,3",72.659301799,33837.02,3,22.934679,match
sample_0046,sample,"r0=1,3,0,2;r1=2,3,1,0;r2=0,1,2;r3=0,2,1;r4=1,2,0;r5=1,2,0;r6=0,2,3,1;r7=0,2,1;r8=1,2,0;r9=0,2,1;r10=1,3,0,2;r11=0,1,3,2;r12=0,1,2;r13=1,5,4,0,3,2;r14=0,1,3,4,2;r15=1,2,0;r16=0,1,3,4,2;r17=0,1,2;r18=0,1,2;r19=0,1,2;r20=0,2,1;r21=1,2,0;r22=2,3,1,0,4;r23=2,5,6,1,0,7,4,3;r24=2,5,3,6,1,0,7,4;r25=0,1,3,2;r26=1,2,0;r27=3,4,2,1,7,8,0,5,6;r28=1,2,0,3;r29=1,2,0;r30=3,4,2,1,6,5,0,7;r31=2,5,7,3,1,0,6,4;r32=2,4,3,1,5,0;r33=2,4,1,3,0,5;r34=0,1,4,2,3,5",169.747857976,23851.48,3,53.580375,match
sample_0047,sample,"r0=2,3,0,1;r1=2,3,0,1;r2=0,2,1;r3=0,1,2;r4=0,2,1;r5=0,1,2;r6=1,3,0,2;r7=1,2,0;r8=0,2,1;r9=0,2,1;r10=1,2,0,3;r11=1,3,2,0;r12=1,2,0;r13=2,5,4,1,3,0;r14=2,4,0,3,1;r15=0,1,2;r16=1,3,4,0,2;r17=0,1,2;r18=0,1,2;r19=0,2,1;r20=0,2,1;r21=1,2,0;r22=1,2,0,3,4;r23=3,4,1,2,5,6,7,0;r24=4,7,1,0,6,5,2,3;r25=0,1,2,3;r26=1,2,0;r27=5,7,4,6,1,2,8,0,3;r28=1,2,3,0;r29=1,2,0;r30=1,5,2,6,7,3,4,0;r31=5,7,2,4,3,6,1,0;r32=0,1,4,5,2,3;r33=2,4,1,5,3,0;r34=2,4,3,1,0,5",166.207974527,37562.50,3,52.463022,match
sample_0048,sample,"r0=1,2,0,3;r1=1,3,0,2;r2=0,2,1;r3=0,1,2;r4=0,2,1;r5=0,2,1;r6=0,2,1,3;r7=0,1,2;r8=0,2,1;r9=0,2,1;r10=0,1,3,2;r11=0,1,3,2;r12=0,1,2;r13=1,2,4,3,5,0;r14=0,1,3,2,4;r15=1,2,0;r16=1,2,0,3,4;r17=0,1,2;r18=1,2,0;r19=1,2,0;r20=0,1,2;r21=1,2,0;r22=1,2,0,3,4;r23=1,2,3,5,6,0,7,4;r24=1,2,4,5,3,0,7,6;r25=2,3,1,0;r26=0,1,2;r27=7,8,5,6,4,1,3,0,2;r28=1,2,3,0;r29=0,1,2;r30=3,4,2,1,7,6,0,5;r31=2,6,1,7,4,5,0,3;r32=2,4,3,1,5,0;r33=2,4,5,1,3,0;r34=1,2,4,3,5,0",TIMEOUT,247205.18,0,N/A,TIMEOUT
sample_0049,sample,"r0=1,2,3,0;r1=1,3,2,0;r2=0,2,1;r3=1,2,0;r4=0,2,1;r5=0,1,2;r6=1,3,0,2;r7=0,1,2;r8=0,2,1;r9=0,2,1;r10=2,3,1,0;r11=0,1,3,2;r12=0,2,1;r13=3,5,1,4,2,0;r14=0,4,1,2,3;r15=1,2,0;r16=2,3,4,1,0;r17=1,2,0;r18=1,2,0;r19=1,2,0;r20=0,2,1;r21=0,1,2;r22=1,2,3,0,4;r23=5,6,2,7,1,0,3,4;r24=2,5,3,1,6,4,0,7;r25=0,1,3,2;r26=1,2,0;r27=1,2,5,3,7,0,8,6,4;r28=1,3,2,0;r29=1,2,0;r30=2,6,3,1,7,4,0,5;r31=5,7,6,4,3,2,1,0;r32=1,2,0,3,4,5;r33=2,4,5,1,0,3;r34=2,3,4,1,0,5",TIMEOUT,249507.75,0,N/A,TIMEOUT
sample_0050,sample,"r0=0,1,3,2;r1=0,3,1,2;r2=0,1,2;r3=0,1,2;r4=0,2,1;r5=0,2,1;r6=1,3,0,2;r7=0,1,2;r8=0,2,1;r9=0,1,2;r10=0,1,3,2;r11=2,3,1,0;r12=0,2,1;r13=1,4,3,5,2,0;r14=0,1,2,3,4;r15=1,2,0;r16=0,1,3,2,4;r17=1,2,0;r18=1,2,0;r19=0,1,2;r20=0,2,1;r21=0,1,2;r22=1,4,0,3,2;r23=1,2,5,6,0,7,3,4;r24=0,1,2,5,4,3,6,7;r25=1,2,0,3;r26=0,1,2;r27=7,8,5,2,4,6,1,3,0;r28=1,3,2,0;r29=1,2,0;r30=1,5,7,0,4,3,2,6;r31=1,5,6,2,3,0,7,4;r32=0,1,2,4,5,3;r33=1,4,0,2,3,5;r34=4,5,2,3,1,0",TIMEOUT,141850.96,0,N/A,TIMEOUT
sample_0051,sample,"r0=1,2,3,0;r1=2,3,1,0;r2=0,1,2;r3=1,2,0;r4=0,2,1;r5=0,2,1;r6=1,3,2,0;r7=0,1,2;r8=0,1,2;r9=0,1,2;r10=1,2,0,3;r11=0,1,3,2;r12=0,1,2;r13=2,4,3,5,1,0;r14=0,4,3,2,1;r15=1,2,0;r16=1,2,0,3,4;r17=1,2,0;r18=0,1,2;r19=0,2,1;r20=0,1,2;r21=0,1,2;r22=1,2,3,4,0;r23=1,3,4,7,2,5,0,6;r24=2,5,6,1,7,4,0,3;r25=2,3,1,0;r26=1,2,0;r27=1,2,5,7,8,4,3,6,0;r28=0,1,2,3;r29=1,2,0;r30=6,7,4,2,3,5,1,0;r31=5,7,4,1,6,3,2,0;r32=0,1,2,4,3,5;r33=2,4,1,5,0,3;r34=2,3,1,4,5,0",224.505779362,155154.05,3,70.864540,match
sample_0052,sample,"r0=1,3,2,0;r1=0,2,3,1;r2=1,2,0;r3=0,1,2;r4=0,2,1;r5=0,2,1;r6=0,1,2,3;r7=1,2,0;r8=0,2,1;r9=0,1,2;r10=1,3,0,2;r11=1,2,3,0;r12=0,1,2;r13=3,5,1,2,0,4;r14=0,4,2,3,1;r15=0,1,2;r16=3,4,1,2,0;r17=1,2,0;r18=0,1,2;r19=1,2,0;r20=0,1,2;r21=1,2,0;r22=1,4,3,2,0;r23=0,1,3,2,5,6,4,7;r24=2,5,6,1,7,0,3,4;r25=1,2,3,0;r26=1,2,0;r27=2,3,6,7,8,1,4,5,0;r28=1,3,2,0;r29=0,1,2;r30=2,6,1,5,0,7,3,4;r31=1,2,5,0,6,3,4,7;r32=1,4,2,0,5,3;r33=1,2,4,3,5,0;r34=2,4,5,1,3,0",TIMEOUT,249514.77,0,N/A,TIMEOUT
sample_0053,sample,"r0=2,3,0,1;r1=2,3,0,1;r2=0,1,2;r3=1,2,0;r4=1,2,0;r5=0,2,1;r6=0,2,1,3;r7=0,1,2;r8=0,2,1;r9=1,2,0;r10=1,2,0,3;r11=2,3,1,0;r12=1,2,0;r13=1,2,5,3,0,4;r14=2,4,0,1,3;r15=1,2,0;r16=3,4,1,0,2;r17=0,1,2;r18=0,1,2;r19=0,1,2;r20=0,2,1;r21=0,1,2;r22=1,2,4,3,0;r23=1,2,5,3,4,6,7,0;r24=0,1,4,2,5,3,6,7;r25=2,3,1,0;r26=0,1,2;r27=1,2,3,5,7,0,6,4,8;r28=1,2,0,3;r29=1,2,0;r30=5,7,1,6,4,3,2,0;r31=2,6,7,3,4,1,5,0;r32=4,5,2,1,3,0;r33=2,3,4,1,5,0;r34=2,3,1,0,4,5",TIMEOUT,235755.44,0,N/A,TIMEOUT
sample_0054,sample,"r0=0,3,1,2;r1=0,1,2,3;r2=1,2,0;r3=0,1,2;r4=0,2,1;r5=0,2,1;r6=0,1,2,3;r7=1,2,0;r8=0,2,1;r9=0,2,1;r10=0,1,2,3;r11=2,3,1,0;r12=0,2,1;r13=1,5,3,2,4,0;r14=0,3,1,2,4;r15=1,2,0;r16=2,3,1,0,4;r17=1,2,0;r18=0,1,2;r19=0,2,1;r20=0,2,1;r21=1,2,0;r22=2,3,1,0,4;r23=1,3,0,4,2,5,6,7;r24=5,6,2,3,1,0,7,4;r25=0,1,2,3;r26=1,2,0;r27=1,2,6,7,8,3,4,5,0;r28=1,2,3,0;r29=0,1,2;r30=5,7,6,1,0,4,2,3;r31=2,5,1,3,4,0,7,6;r32=1,4,0,5,2,3;r33=1,2,0,3,4,5;r34=0,1,4,5,2,3",127.180801935,24653.90,3,40.144218,match
sample_0055,sample,"r0=0,3,2,1;r1=2,3,0,1;r2=0,2,1;r3=0,2,1;r4=0,2,1;r5=1,2,0;r6=2,3,1,0;r7=0,2,1;r8=0,1,2;r9=1,2,0;r10=1,2,3,0;r11=1,2,0,3;r12=0,2,1;r13=0,1,3,5,2,4;r14=0,4,3,2,1;r15=1,2,0;r16=2,3,1,4,0;r17=1,2,0;r18=0,1,2;r19=0,1,2;r20=0,2,1;r21=1,2,0;r22=2,3,1,0,4;r23=5,6,2,7,1,0,3,4;r24=4,7,6,1,0,2,3,5;r25=1,3,2,0;r26=0,1,2;r27=1,2,0,6,3,5,4,7,8;r28=0,1,3,2;r29=1,2,0;r30=1,2,0,3,6,4,5,7;r31=1,5,2,6,3,4,7,0;r32=0,1,4,2,5,3;r33=1,2,4,3,5,0;r34=4,5,1,2,0,3",101.948341714,19939.29,3,32.179672,match
sample_0056,sample,"r0=2,3,0,1;r1=0,3,2,1;r2=0,2,1;r3=0,2,1;r4=1,2,0;r5=0,1,2;r6=1,3,2,0;r7=0,1,2;r8=1,2,0;r9=0,2,1;r10=1,2,0,3;r11=1,2,0,3;r12=0,2,1;r13=0,1,5,2,4,3;r14=0,4,1,2,3;r15=0,1,2;r16=3,4,1,2,0;r17=1,2,0;r18=1,2,0;r19=0,2,1;r20=0,2,1;r21=0,1,2;r22=0,1,4,3,2;r23=0,1,2,5,6,3,7,4;r24=4,7,1,6,0,5,2,3;r25=0,1,3,2;r26=1,2,0;r27=5,7,1,8,0,6,4,3,2;r28=1,2,3,0;r29=0,1,2;r30=2,3,5,1,6,0,4,7;r31=2,3,5,1,4,0,6,7;r32=2,4,5,1,0,3;r33=1,4,5,2,0,3;r34=1,2,4,0,5,3",315.909032124,144543.15,3,99.715687,match
sample_0057,sample,"r0=1,3,2,0;r1=0,3,1,2;r2=1,2,0;r3=0,2,1;r4=0,1,2;r5=0,1,2;r6=0,2,1,3;r7=0,1,2;r8=0,2,1;r9=0,1,2;r10=1,3,2,0;r11=1,2,3,0;r12=0,1,2;r13=3,5,2,1,0,4;r14=2,4,0,3,1;r15=1,2,0;r16=1,3,4,2,0;r17=0,1,2;r18=1,2,0;r19=0,2,1;r20=0,1,2;r21=0,1,2;r22=1,4,0,3,2;r23=2,5,1,6,7,3,0,4;r24=1,2,5,0,3,6,7,4;r25=0,1,2,3;r26=0,1,2;r27=1,5,7,6,8,4,2,3,0;r28=0,1,3,2;r29=1,2,0;r30=0,1,6,5,2,3,7,4;r31=2,6,1,7,0,4,3,5;r32=2,3,4,5,1,0;r33=2,4,1,0,3,5;r34=1,4,2,3,0,5",183.542850590,28579.84,3,57.934721,match
sample_0058,sample,"r0=1,2,3,0;r1=1,3,0,2;r2=0,1,2;r3=1,2,0;r4=0,1,2;r5=0,1,2;r6=0,3,1,2;r7=0,2,1;r8=1,2,0;r9=1,2,0;r10=1,2,3,0;r11=1,3,0,2;r12=0,2,1;r13=1,5,2,3,0,4;r14=2,4,0,1,3;r15=0,1,2;r16=1,2,3,0,4;r17=1,2,0;r18=0,1,2;r19=0,2,1;r20=0,2,1;r21=1,2,0;r22=1,2,0,3,4;r23=6,7,5,2,1,0,3,4;r24=5,6,3,2,7,4,1,0;r25=2,3,1,0;r26=0,1,2;r27=1,5,7,4,2,6,0,3,8;r28=1,2,3,0;r29=0,1,2;r30=1,5,2,3,7,6,0,4;r31=5,7,2,1,3,6,0,4;r32=1,2,3,0,4,5;r33=1,4,0,2,5,3;r34=1,2,3,4,0,5",TIMEOUT,116901.79,0,N/A,TIMEOUT
sample_0059,sample,"r0=0,2,1,3;r1=0,3,2,1;r2=1,2,0;r3=0,1,2;r4=0,2,1;r5=1,2,0;r6=0,3,1,2;r7=0,1,2;r8=0,2,1;r9=0,1,2;r10=1,3,2,0;r11=1,3,0,2;r12=0,2,1;r13=1,2,3,4,0,5;r14=0,4,2,1,3;r15=1,2,0;r16=3,4,2,1,0;r17=0,1,2;r18=0,1,2;r19=1,2,0;r20=0,1,2;r21=0,1,2;r22=3,4,2,1,0;r23=3,4,1,7,2,5,0,6;r24=4,7,1,2,3,6,0,5;r25=1,3,0,2;r26=1,2,0;r27=5,7,4,8,2,1,3,6,0;r28=0,1,2,3;r29=0,1,2;r30=1,2,5,7,3,0,4,6;r31=1,2,3,0,5,4,6,7;r32=2,4,1,5,3,0;r33=4,5,1,2,0,3;r34=2,4,1,0,3,5",TIMEOUT,249645.55,0,N/A,TIMEOUT
sample_0060,sample,"r0=0,3,1,2;r1=2,3,0,1;r2=0,1,2;r3=1,2,0;r4=0,2,1;r5=1,2,0;r6=2,3,0,1;r7=0,1,2;r8=0,2,1;r9=1,2,0;r10=1,3,0,2;r11=1,2,0,3;r12=1,2,0;r13=1,4,0,5,3,2;r14=0,3,2,4,1;r15=0,1,2;r16=2,3,1,0,4;r17=1,2,0;r18=1,2,0;r19=0,1,2;r20=0,1,2;r21=0,1,2;r22=1,4,3,0,2;r23=1,3,4,7,2,0,5,6;r24=2,3,1,5,4,7,6,0;r25=1,2,3,0;r26=0,1,2;r27=2,6,5,1,3,4,7,8,0;r28=1,3,0,2;r29=0,1,2;r30=2,5,3,1,7,4,0,6;r31=2,5,3,6,7,4,1,0;r32=2,4,5,1,3,0;r33=1,4,2,0,5,3;r34=1,4,2,5,0,3",TIMEOUT,17955.38,0,N/A,TIMEOUT
sample_0061,sample,"r0=0,2,1,3;r1=0,3,2,1;r2=1,2,0;r3=1,2,0;r4=0,1,2;r5=0,2,1;r6=0,2,3,1;r7=0,2,1;r8=0,1,2;r9=0,2,1;r10=1,2,3,0;r11=0,1,3,2;r12=0,1,2;r13=1,2,0,3,4,5;r14=0,1,2,4,3;r15=1,2,0;r16=2,3,1,0,4;r17=1,2,0;r18=0,1,2;r19=0,1,2;r20=0,2,1;r21=1,2,0;r22=1,2,3,0,4;r23=4,7,6,5,2,3,1,0;r24=1,2,4,3,0,5,7,6;r25=1,2,3,0;r26=1,2,0;r27=5,7,1,2,3,0,4,6,8;r28=1,2,0,3;r29=1,2,0;r30=0,1,6,2,3,7,4,5;r31=1,2,6,3,0,5,4,7;r32=1,4,2,5,0,3;r33=2,3,1,4,5,0;r34=1,4,5,2,3,0",TIMEOUT,250847.48,0,N/A,TIMEOUT
sample_0062,sample,"r0=0,2,3,1;r1=0,2,3,1;r2=1,2,0;r3=0,2,1;r4=0,1,2;r5=0,1,2;r6=0,3,1,2;r7=0,2,1;r8=1,2,0;r9=1,2,0;r10=1,3,2,0;r11=1,2,3,0;r12=0,2,1;r13=2,4,1,5,3,0;r14=0,1,2,3,4;r15=0,1,2;r16=2,3,1,4,0;r17=0,1,2;r18=1,2,0;r19=1,2,0;r20=0,2,1;r21=1,2,0;r22=1,4,0,3,2;r23=0,1,3,2,5,6,7,4;r24=1,4,2,7,6,5,0,3;r25=0,1,2,3;r26=0,1,2;r27=2,6,7,5,1,0,8,4,3;r28=1,3,0,2;r29=1,2,0;r30=1,2,5,3,6,4,7,0;r31=2,6,5,3,4,1,0,7;r32=2,3,1,4,5,0;r33=1,4,5,2,0,3;r34=4,5,1,0,2,3",TIMEOUT,250924.96,0,N/A,TIMEOUT
sample_0063,sample,"r0=1,3,0,2;r1=0,3,1,2;r2=1,2,0;r3=1,2,0;r4=1,2,0;r5=0,1,2;r6=0,2,1,3;r7=0,1,2;r8=0,2,1;r9=0,2,1;r10=2,3,1,0;r11=1,2,0,3;r12=1,2,0;r13=1,4,5,2,3,0;r14=1,3,0,2,4;r15=0,1,2;r16=1,3,0,2,4;r17=1,2,0;r18=0,1,2;r19=0,1,2;r20=0,1,2;r21=0,1,2;r22=1,4,0,2,3;r23=5,6,2,7,1,0,4,3;r24=2,3,1,4,7,6,5,0;r25=1,3,0,2;r26=1,2,0;r27=1,6,0,7,2,5,3,4,8;r28=1,3,0,2;r29=0,1,2;r30=2,5,6,3,4,1,7,0;r31=6,7,5,4,3,2,1,0;r32=1,4,0,5,2,3;r33=1,2,3,4,0,5;r34=1,4,2,5,0,3",573.031268585,149585.63,3,180.875509,match
sample_0064,sample,"r0=1,3,2,0;r1=2,3,1,0;r2=0,2,1;r3=1,2,0;r4=0,2,1;r5=1,2,0;r6=1,3,0,2;r7=1,2,0;r8=0,2,1;r9=1,2,0;r10=1,3,0,2;r11=1,2,0,3;r12=0,2,1;r13=0,1,2,5,3,4;r14=0,2,4,3,1;r15=1,2,0;r16=1,2,0,3,4;r17=1,2,0;r18=1,2,0;r19=1,2,0;r20=0,1,2;r21=1,2,0;r22=1,2,4,0,3;r23=3,4,7,1,2,5,0,6;r24=5,6,2,1,3,0,4,7;r25=2,3,1,0;r26=0,1,2;r27=7,8,5,6,4,2,3,1,0;r28=0,1,2,3;r29=1,2,0;r30=1,6,0,7,2,5,3,4;r31=5,7,2,3,6,4,1,0;r32=2,4,1,5,0,3;r33=2,4,5,1,3,0;r34=2,4,1,3,5,0",TIMEOUT,250429.25,0,N/A,TIMEOUT
sample_0065,sample,"r0=1,2,0,3;r1=0,2,1,3;r2=1,2,0;r3=0,1,2;r4=0,1,2;r5=1,2,0;r6=2,3,1,0;r7=0,1,2;r8=0,1,2;r9=0,1,2;r10=1,2,3,0;r11=1,2,0,3;r12=0,2,1;r13=1,2,4,3,0,5;r14=0,3,1,4,2;r15=0,1,2;r16=2,3,1,4,0;r17=1,2,0;r18=0,1,2;r19=1,2,0;r20=0,1,2;r21=0,1,2;r22=2,3,1,4,0;r23=1,3,2,4,7,6,0,5;r24=3,5,2,1,0,4,7,6;r25=1,2,3,0;r26=1,2,0;r27=2,6,1,0,7,4,8,3,5;r28=0,1,3,2;r29=1,2,0;r30=5,7,4,1,2,6,3,0;r31=2,5,7,4,3,1,0,6;r32=2,3,4,1,5,0;r33=1,4,2,0,5,3;r34=2,4,3,1,5,0",TIMEOUT,250774.91,0,N/A,TIMEOUT
sample_0066,sample,"r0=2,3,1,0;r1=2,3,0,1;r2=1,2,0;r3=1,2,0;r4=0,2,1;r5=1,2,0;r6=1,2,3,0;r7=0,1,2;r8=0,1,2;r9=0,2,1;r10=1,3,0,2;r11=1,2,0,3;r12=0,1,2;r13=1,4,0,5,2,3;r14=1,3,0,2,4;r15=1,2,0;r16=1,3,0,2,4;r17=1,2,0;r18=1,2,0;r19=0,2,1;r20=0,2,1;r21=1,2,0;r22=1,2,4,3,0;r23=1,2,3,4,5,6,0,7;r24=2,5,1,6,0,7,3,4;r25=1,3,2,0;r26=1,2,0;r27=4,7,3,2,1,6,5,0,8;r28=1,2,0,3;r29=0,1,2;r30=2,5,1,0,6,7,4,3;r31=1,2,0,6,5,7,3,4;r32=1,4,0,2,3,5;r33=2,4,5,1,0,3;r34=0,1,4,5,2,3",163.832799087,31343.49,3,51.713305,match
sample_0067,sample,"r0=0,3,2,1;r1=1,2,3,0;r2=1,2,0;r3=0,2,1;r4=1,2,0;r5=0,2,1;r6=0,2,3,1;r7=0,1,2;r8=1,2,0;r9=0,2,1;r10=1,3,0,2;r11=1,3,2,0;r12=0,2,1;r13=1,2,3,5,4,0;r14=0,1,3,4,2;r15=0,1,2;r16=1,3,0,4,2;r17=0,1,2;r18=0,1,2;r19=1,2,0;r20=0,1,2;r21=0,1,2;r22=0,1,4,3,2;r23=1,3,4,7,0,6,5,2;r24=1,4,2,0,5,6,3,7;r25=1,3,2,0;r26=1,2,0;r27=1,5,2,7,3,6,4,8,0;r28=1,3,2,0;r29=0,1,2;r30=0,1,2,5,3,6,7,4;r31=5,7,6,2,3,1,0,4;r32=1,2,3,4,0,5;r33=1,4,2,5,3,0;r34=2,4,1,5,3,0",TIMEOUT,250277.83,0,N/A,TIMEOUT
sample_0068,sample,"r0=1,2,3,0;r1=1,2,3,0;r2=1,2,0;r3=0,1,2;r4=0,2,1;r5=0,2,1;r6=0,3,1,2;r7=1,2,0;r8=0,1,2;r9=0,1,2;r10=1,3,2,0;r11=1,3,0,2;r12=0,1,2;r13=2,4,1,5,0,3;r14=0,4,3,2,1;r15=0,1,2;r16=1,2,3,4,0;r17=1,2,0;r18=0,1,2;r19=0,1,2;r20=0,2,1;r21=1,2,0;r22=1,2,0,4,3;r23=4,7,6,3,1,5,0,2;r24=6,7,4,1,2,5,0,3;r25=1,2,0,3;r26=0,1,2;r27=0,1,5,2,7,3,8,4,6;r28=1,2,0,3;r29=0,1,2;r30=2,5,7,1,4,0,3,6;r31=2,3,6,5,7,1,0,4;r32=1,4,5,2,3,0;r33=2,4,1,5,3,0;r34=2,3,4,1,5,0",508.097448476,25864.04,3,160.379354,match
sample_0069,sample,"r0=1,3,0,2;r1=1,2,3,0;r2=0,1,2;r3=1,2,0;r4=0,2,1;r5=0,2,1;r6=0,2,3,1;r7=0,1,2;r8=0,2,1;r9=0,1,2;r10=1,3,2,0;r11=1,2,3,0;r12=1,2,0;r13=1,3,4,5,2,0;r14=0,4,3,1,2;r15=0,1,2;r16=0,1,2,3,4;r17=1,2,0;r18=1,2,0;r19=1,2,0;r20=0,1,2;r21=0,1,2;r22=3,4,1,0,2;r23=6,7,4,3,1,5,0,2;r24=2,5,6,1,7,4,0,3;r25=1,2,3,0;r26=1,2,0;r27=5,7,1,6,4,3,2,8,0;r28=1,2,0,3;r29=0,1,2;r30=2,6,7,4,1,5,3,0;r31=1,2,6,5,0,3,4,7;r32=1,2,3,4,5,0;r33=1,2,0,4,5,3;r34=2,3,1,0,4,5",TIMEOUT,250697.98,0,N/A,TIMEOUT
sample_0070,sample,"r0=0,3,2,1;r1=0,2,3,1;r2=0,1,2;r3=0,2,1;r4=0,2,1;r5=0,1,2;r6=1,2,3,0;r7=0,2,1;r8=0,2,1;r9=0,2,1;r10=1,3,0,2;r11=1,3,2,0;r12=1,2,0;r13=0,1,2,4,3,5;r14=0,2,3,1,4;r15=1,2,0;r16=1,3,0,4,2;r17=0,1,2;r18=0,1,2;r19=0,2,1;r20=0,2,1;r21=0,1,2;r22=1,4,2,0,3;r23=3,4,7,6,5,1,0,2;r24=2,3,5,1,6,4,0,7;r25=1,3,2,0;r26=1,2,0;r27=6,7,8,2,4,3,1,0,5;r28=0,1,2,3;r29=1,2,0;r30=2,6,3,1,0,7,5,4;r31=1,6,7,5,4,0,2,3;r32=1,2,4,3,0,5;r33=1,2,0,4,5,3;r34=2,3,1,0,4,5",TIMEOUT,199175.98,0,N/A,TIMEOUT
sample_0071,sample,"r0=0,2,1,3;r1=1,2,3,0;r2=1,2,0;r3=1,2,0;r4=0,2,1;r5=0,2,1;r6=2,3,1,0;r7=1,2,0;r8=0,2,1;r9=1,2,0;r10=2,3,1,0;r11=1,3,2,0;r12=0,1,2;r13=1,3,4,2,5,0;r14=0,4,2,3,1;r15=0,1,2;r16=3,4,1,2,0;r17=1,2,0;r18=1,2,0;r19=0,1,2;r20=0,1,2;r21=0,1,2;r22=2,3,1,4,0;r23=6,7,5,4,3,1,2,0;r24=2,3,5,1,6,7,4,0;r25=0,1,3,2;r26=0,1,2;r27=1,6,2,7,3,5,0,8,4;r28=1,2,0,3;r29=1,2,0;r30=1,5,2,0,6,3,4,7;r31=1,6,7,0,4,5,3,2;r32=2,4,5,1,0,3;r33=2,4,1,0,5,3;r34=2,3,1,4,0,5",TIMEOUT,251294.66,0,N/A,TIMEOUT
sample_0072,sample,"r0=0,1,3,2;r1=1,3,0,2;r2=0,2,1;r3=0,1,2;r4=0,2,1;r5=0,1,2;r6=1,3,0,2;r7=0,2,1;r8=0,2,1;r9=1,2,0;r10=0,1,2,3;r11=1,3,0,2;r12=0,2,1;r13=3,5,1,4,0,2;r14=1,3,0,4,2;r15=1,2,0;r16=0,1,2,3,4;r17=1,2,0;r18=1,2,0;r19=0,1,2;r20=0,1,2;r21=0,1,2;r22=0,1,2,4,3;r23=1,3,4,7,2,6,0,5;r24=1,4,2,3,5,0,6,7;r25=1,3,2,0;r26=0,1,2;r27=5,7,2,8,1,6,0,4,3;r28=0,1,2,3;r29=0,1,2;r30=5,6,1,2,7,3,4,0;r31=0,1,6,7,5,4,3,2;r32=1,4,0,2,3,5;r33=1,4,2,5,3,0;r34=1,2,3,4,5,0",287.015853071,145894.71,3,90.595647,match
sample_0073,sample,"r0=0,2,1,3;r1=2,3,0,1;r2=1,2,0;r3=1,2,0;r4=0,2,1;r5=0,2,1;r6=1,2,0,3;r7=0,2,1;r8=0,2,1;r9=0,2,1;r10=0,1,2,3;r11=1,3,2,0;r12=1,2,0;r13=2,4,3,1,0,5;r14=0,1,4,2,3;r15=1,2,0;r16=1,2,0,3,4;r17=0,1,2;r18=1,2,0;r19=1,2,0;r20=0,1,2;r21=0,1,2;r22=0,1,2,3,4;r23=4,7,6,3,5,2,1,0;r24=0,1,2,4,7,6,5,3;r25=1,2,0,3;r26=1,2,0;r27=6,7,5,2,1,3,0,8,4;r28=1,3,2,0;r29=1,2,0;r30=5,7,4,1,2,0,3,6;r31=2,6,3,7,1,5,4,0;r32=4,5,2,1,3,0;r33=1,2,4,3,0,5;r34=1,2,4,3,5,0",TIMEOUT,250525.72,0,N/A,TIMEOUT
sample_0074,sample,"r0=1,2,3,0;r1=0,3,2,1;r2=0,1,2;r3=0,2,1;r4=0,1,2;r5=1,2,0;r6=0,1,3,2;r7=0,1,2;r8=1,2,0;r9=0,2,1;r10=1,3,0,2;r11=2,3,1,0;r12=0,1,2;r13=1,3,4,0,5,2;r14=0,2,1,3,4;r15=0,1,2;r16=1,2,0,3,4;r17=0,1,2;r18=1,2,0;r19=1,2,0;r20=0,1,2;r21=0,1,2;r22=0,1,2,4,3;r23=1,3,4,2,7,5,6,0;r24=1,4,7,6,0,5,3,2;r25=0,1,3,2;r26=0,1,2;r27=1,2,5,7,0,4,3,6,8;r28=0,1,3,2;r29=1,2,0;r30=2,3,1,5,4,0,7,6;r31=6,7,2,1,3,0,5,4;r32=1,4,0,5,2,3;r33=2,4,1,0,3,5;r34=2,4,1,3,0,5",TIMEOUT,250609.58,0,N/A,TIMEOUT
sample_0075,sample,"r0=2,3,0,1;r1=0,3,2,1;r2=0,1,2;r3=0,2,1;r4=0,1,2;r5=1,2,0;r6=1,3,0,2;r7=0,1,2;r8=0,2,1;r9=0,2,1;r10=1,2,0,3;r11=0,1,2,3;r12=1,2,0;r13=2,5,3,1,4,0;r14=0,4,3,2,1;r15=0,1,2;r16=2,3,1,4,0;r17=1,2,0;r18=0,1,2;r19=0,2,1;r20=0,2,1;r21=1,2,0;r22=1,4,2,3,0;r23=1,3,4,7,0,2,6,5;r24=1,2,4,0,5,6,3,7;r25=1,2,0,3;r26=1,2,0;r27=1,6,7,2,0,3,8,4,5;r28=1,3,0,2;r29=1,2,0;r30=2,3,1,6,4,7,5,0;r31=2,3,1,0,6,4,7,5;r32=1,4,0,2,5,3;r33=2,4,5,1,0,3;r34=1,2,3,0,4,5",110.929069179,15141.76,3,35.014410,match
sample_0076,sample,"r0=1,2,3,0;r1=0,1,2,3;r2=1,2,0;r3=0,2,1;r4=0,2,1;r5=1,2,0;r6=1,3,0,2;r7=0,1,2;r8=0,2,1;r9=0,1,2;r10=1,2,0,3;r11=0,1,3,2;r12=0,2,1;r13=3,4,5,1,0,2;r14=0,1,3,2,4;r15=1,2,0;r16=1,3,4,2,0;r17=0,1,2;r18=0,1,2;r19=0,1,2;r20=0,2,1;r21=1,2,0;r22=3,4,2,1,0;r23=3,4,1,2,7,5,0,6;r24=2,5,3,1,6,0,4,7;r25=0,1,2,3;r26=0,1,2;r27=1,6,7,2,5,0,4,3,8;r28=1,3,0,2;r29=0,1,2;r30=5,6,2,1,7,0,4,3;r31=1,6,7,2,3,4,5,0;r32=1,4,2,0,3,5;r33=1,4,0,2,5,3;r34=0,1,2,3,4,5",171.055485637,29927.46,3,53.993123,match
sample_0077,sample,"r0=0,2,3,1;r1=0,2,3,1;r2=1,2,0;r3=0,1,2;r4=1,2,0;r5=0,2,1;r6=0,2,3,1;r7=1,2,0;r8=1,2,0;r9=1,2,0;r10=0,1,3,2;r11=1,2,3,0;r12=0,1,2;r13=2,4,5,1,0,3;r14=0,2,4,1,3;r15=1,2,0;r16=2,3,1,0,4;r17=1,2,0;r18=1,2,0;r19=0,2,1;r20=0,2,1;r21=1,2,0;r22=2,3,1,0,4;r23=6,7,5,2,1,3,0,4;r24=2,3,5,1,4,6,7,0;r25=1,2,3,0;r26=0,1,2;r27=7,8,6,1,0,5,2,4,3;r28=1,2,3,0;r29=1,2,0;r30=1,6,7,0,2,4,3,5;r31=2,6,3,1,7,0,4,5;r32=1,4,0,5,2,3;r33=1,4,2,5,3,0;r34=0,1,2,4,5,3",TIMEOUT,54077.96,0,N/A,TIMEOUT
sample_0078,sample,"r0=1,3,2,0;r1=0,2,3,1;r2=1,2,0;r3=0,1,2;r4=0,1,2;r5=0,2,1;r6=1,3,0,2;r7=1,2,0;r8=1,2,0;r9=1,2,0;r10=1,2,3,0;r11=1,2,0,3;r12=0,1,2;r13=1,3,0,4,2,5;r14=0,2,4,1,3;r15=0,1,2;r16=2,3,1,0,4;r17=0,1,2;r18=1,2,0;r19=1,2,0;r20=0,2,1;r21=1,2,0;r22=1,4,3,2,0;r23=4,7,3,6,1,0,2,5;r24=2,5,6,3,1,0,7,4;r25=1,3,2,0;r26=1,2,0;r27=5,6,1,0,2,7,8,4,3;r28=0,1,3,2;r29=1,2,0;r30=1,6,0,5,7,4,3,2;r31=1,5,6,2,7,4,3,0;r32=2,4,5,1,3,0;r33=2,3,4,1,5,0;r34=2,3,1,4,0,5",TIMEOUT,251017.62,0,N/A,TIMEOUT
sample_0079,sample,"r0=0,2,1,3;r1=1,3,0,2;r2=1,2,0;r3=0,1,2;r4=1,2,0;r5=0,1,2;r6=0,1,3,2;r7=1,2,0;r8=0,1,2;r9=0,1,2;r10=1,2,3,0;r11=0,1,3,2;r12=1,2,0;r13=1,3,2,5,4,0;r14=0,1,3,2,4;r15=0,1,2;r16=0,1,2,3,4;r17=0,1,2;r18=1,2,0;r19=0,2,1;r20=0,1,2;r21=1,2,0;r22=3,4,2,1,0;r23=2,5,1,6,0,3,7,4;r24=0,1,2,4,5,7,3,6;r25=0,1,2,3;r26=1,2,0;r27=0,1,5,6,7,8,4,2,3;r28=0,1,2,3;r29=1,2,0;r30=5,7,4,1,6,3,0,2;r31=2,3,6,7,4,1,0,5;r32=0,1,2,4,3,5;r33=2,3,1,4,5,0;r34=4,5,2,1,3,0",TIMEOUT,105354.58,0,N/A,TIMEOUT
sample_0080,sample,"r0=2,3,1,0;r1=2,3,0,1;r2=0,2,1;r3=0,1,2;r4=0,1,2;r5=0,1,2;r6=1,3,0,2;r7=0,1,2;r8=0,1,2;r9=0,1,2;r10=1,3,0,2;r11=1,3,0,2;r12=0,2,1;r13=1,4,5,0,2,3;r14=0,2,3,1,4;r15=1,2,0;r16=0,1,3,4,2;r17=1,2,0;r18=1,2,0;r19=0,2,1;r20=0,1,2;r21=0,1,2;r22=1,2,4,3,0;r23=3,4,7,6,1,5,2,0;r24=5,6,3,2,7,1,4,0;r25=2,3,1,0;r26=0,1,2;r27=6,7,4,2,1,0,5,8,3;r28=1,3,2,0;r29=0,1,2;r30=1,2,6,3,5,7,0,4;r31=3,4,2,1,0,5,6,7;r32=1,4,2,3,5,0;r33=1,4,2,3,5,0;r34=2,3,4,5,1,0",140.941189655,22050.35,3,44.487641,match
sample_0081,sample,"r0=1,2,3,0;r1=0,1,2,3;r2=1,2,0;r3=0,1,2;r4=1,2,0;r5=0,1,2;r6=0,1,3,2;r7=0,2,1;r8=0,2,1;r9=1,2,0;r10=2,3,1,0;r11=1,2,0,3;r12=1,2,0;r13=1,2,0,3,4,5;r14=0,3,4,1,2;r15=0,1,2;r16=1,3,0,4,2;r17=0,1,2;r18=1,2,0;r19=0,2,1;r20=0,1,2;r21=0,1,2;r22=3,4,2,1,0;r23=1,3,0,4,7,6,5,2;r24=6,7,5,2,3,1,4,0;r25=1,3,0,2;r26=0,1,2;r27=1,6,7,0,2,4,8,3,5;r28=1,2,0,3;r29=0,1,2;r30=1,6,7,2,0,4,3,5;r31=6,7,2,5,1,4,0,3;r32=1,2,3,0,4,5;r33=4,5,1,0,2,3;r34=4,5,2,1,3,0",80.086954739,33402.85,3,25.279194,match
sample_0082,sample,"r0=2,3,1,0;r1=1,2,0,3;r2=0,1,2;r3=0,2,1;r4=0,1,2;r5=1,2,0;r6=0,2,3,1;r7=1,2,0;r8=0,2,1;r9=1,2,0;r10=1,3,0,2;r11=1,2,0,3;r12=0,2,1;r13=4,5,3,1,0,2;r14=0,1,4,2,3;r15=0,1,2;r16=3,4,1,2,0;r17=1,2,0;r18=0,1,2;r19=0,1,2;r20=0,2,1;r21=0,1,2;r22=0,1,4,2,3;r23=1,3,2,5,4,6,0,7;r24=2,5,3,1,6,4,0,7;r25=2,3,1,0;r26=1,2,0;r27=2,6,1,7,5,4,8,0,3;r28=0,1,2,3;r29=1,2,0;r30=4,7,5,6,1,3,2,0;r31=5,6,7,2,1,0,4,3;r32=1,2,4,3,0,5;r33=1,4,2,0,5,3;r34=2,3,4,5,1,0",274.905614666,166115.48,3,86.773088,match
sample_0083,sample,"r0=1,2,0,3;r1=1,2,0,3;r2=0,1,2;r3=1,2,0;r4=1,2,0;r5=1,2,0;r6=1,2,0,3;r7=0,1,2;r8=1,2,0;r9=0,2,1;r10=2,3,1,0;r11=0,1,3,2;r12=1,2,0;r13=0,1,5,2,3,4;r14=0,1,3,2,4;r15=1,2,0;r16=1,2,3,0,4;r17=1,2,0;r18=0,1,2;r19=1,2,0;r20=0,2,1;r21=1,2,0;r22=1,4,0,3,2;r23=1,2,3,0,5,6,4,7;r24=1,2,0,5,3,6,7,4;r25=0,1,2,3;r26=1,2,0;r27=4,7,6,5,1,8,2,0,3;r28=1,2,0,3;r29=1,2,0;r30=1,2,6,7,4,0,3,5;r31=1,5,2,7,4,6,0,3;r32=0,1,4,5,2,3;r33=1,2,3,4,5,0;r34=1,4,5,0,2,3",TIMEOUT,251674.49,0,N/A,TIMEOUT
sample_0084,sample,"r0=1,2,3,0;r1=1,3,0,2;r2=1,2,0;r3=1,2,0;r4=0,2,1;r5=0,1,2;r6=0,1,2,3;r7=0,1,2;r8=0,2,1;r9=1,2,0;r10=0,1,2,3;r11=1,3,0,2;r12=1,2,0;r13=1,4,2,5,3,0;r14=2,4,0,3,1;r15=1,2,0;r16=0,1,2,3,4;r17=1,2,0;r18=1,2,0;r19=0,2,1;r20=0,1,2;r21=0,1,2;r22=2,3,4,1,0;r23=2,5,6,1,0,7,3,4;r24=1,2,4,3,7,0,6,5;r25=1,3,2,0;r26=1,2,0;r27=1,6,2,7,8,5,4,3,0;r28=0,1,3,2;r29=1,2,0;r30=2,5,1,6,7,3,4,0;r31=2,3,5,6,1,4,7,0;r32=2,3,1,4,0,5;r33=1,2,3,0,4,5;r34=0,1,4,2,5,3",389.258529280,26369.44,3,122.868224,match
sample_0085,sample,"r0=0,2,1,3;r1=1,2,0,3;r2=0,2,1;r3=0,2,1;r4=0,2,1;r5=0,2,1;r6=0,1,3,2;r7=0,2,1;r8=0,2,1;r9=0,1,2;r10=1,3,2,0;r11=1,3,2,0;r12=0,2,1;r13=2,5,3,4,1,0;r14=0,4,1,3,2;r15=0,1,2;r16=2,3,4,1,0;r17=0,1,2;r18=0,1,2;r19=0,2,1;r20=0,1,2;r21=1,2,0;r22=1,4,0,2,3;r23=5,6,7,4,2,3,1,0;r24=2,5,6,1,0,4,7,3;r25=1,2,3,0;r26=1,2,0;r27=4,7,6,3,1,2,0,5,8;r28=1,2,0,3;r29=1,2,0;r30=6,7,4,1,5,3,0,2;r31=1,5,6,0,7,4,3,2;r32=1,4,0,2,5,3;r33=1,4,0,5,2,3;r34=2,4,1,3,0,5",N/A,N/A,0,N/A,FAIL
sample_0086,sample,"r0=2,3,1,0;r1=0,2,3,1;r2=0,2,1;r3=0,2,1;r4=0,1,2;r5=0,2,1;r6=0,3,2,1;r7=0,2,1;r8=1,2,0;r9=1,2,0;r10=1,3,2,0;r11=1,2,3,0;r12=1,2,0;r13=1,3,4,2,0,5;r14=0,2,4,1,3;r15=1,2,0;r16=1,3,2,0,4;r17=1,2,0;r18=1,2,0;r19=0,1,2;r20=0,1,2;r21=0,1,2;r22=3,4,2,1,0;r23=4,7,6,5,3,2,1,0;r24=2,5,1,4,0,7,3,6;r25=0,1,2,3;r26=1,2,0;r27=7,8,5,1,2,3,0,4,6;r28=0,1,3,2;r29=1,2,0;r30=2,5,1,0,7,4,6,3;r31=1,2,5,0,7,4,6,3;r32=4,5,2,1,3,0;r33=4,5,1,2,3,0;r34=4,5,1,2,3,0",N/A,N/A,0,N/A,FAIL
sample_0087,sample,"r0=1,2,0,3;r1=2,3,0,1;r2=0,2,1;r3=0,1,2;r4=1,2,0;r5=0,2,1;r6=0,2,3,1;r7=0,2,1;r8=1,2,0;r9=0,1,2;r10=1,3,2,0;r11=1,2,3,0;r12=0,2,1;r13=0,1,5,2,3,4;r14=0,3,2,1,4;r15=1,2,0;r16=2,3,1,0,4;r17=1,2,0;r18=0,1,2;r19=0,2,1;r20=0,1,2;r21=0,1,2;r22=1,2,3,4,0;r23=3,4,7,1,2,5,6,0;r24=3,5,2,1,0,6,7,4;r25=1,2,0,3;r26=0,1,2;r27=6,7,4,1,0,5,2,8,3;r28=1,3,0,2;r29=0,1,2;r30=6,7,1,2,5,0,3,4;r31=2,6,7,4,1,0,3,5;r32=4,5,1,0,2,3;r33=1,4,2,0,3,5;r34=4,5,1,2,3,0",146.311510814,35137.83,3,46.182766,match
sample_0088,sample,"r0=1,2,0,3;r1=0,1,3,2;r2=0,1,2;r3=0,1,2;r4=0,2,1;r5=0,1,2;r6=1,3,0,2;r7=1,2,0;r8=1,2,0;r9=1,2,0;r10=1,3,0,2;r11=1,3,2,0;r12=1,2,0;r13=1,3,2,4,0,5;r14=0,3,2,1,4;r15=1,2,0;r16=2,3,1,0,4;r17=1,2,0;r18=0,1,2;r19=0,2,1;r20=0,1,2;r21=1,2,0;r22=0,1,4,3,2;r23=1,3,2,0,5,6,7,4;r24=1,4,7,2,0,5,6,3;r25=0,1,2,3;r26=0,1,2;r27=7,8,6,2,5,4,3,1,0;r28=0,1,3,2;r29=1,2,0;r30=2,5,3,1,6,7,4,0;r31=2,5,7,4,6,1,0,3;r32=1,4,5,2,3,0;r33=4,5,1,2,3,0;r34=1,2,4,0,5,3",176.526269294,23005.14,3,55.719959,match
sample_0089,sample,"r0=1,3,0,2;r1=1,2,3,0;r2=0,2,1;r3=0,2,1;r4=0,1,2;r5=0,2,1;r6=2,3,1,0;r7=1,2,0;r8=0,2,1;r9=0,2,1;r10=0,1,2,3;r11=1,2,0,3;r12=0,1,2;r13=4,5,1,0,3,2;r14=0,1,3,4,2;r15=0,1,2;r16=1,3,4,0,2;r17=0,1,2;r18=0,1,2;r19=1,2,0;r20=0,1,2;r21=0,1,2;r22=2,3,1,4,0;r23=1,2,3,5,4,7,6,0;r24=1,4,2,0,5,6,3,7;r25=1,3,0,2;r26=1,2,0;r27=5,6,1,2,0,7,3,4,8;r28=0,1,3,2;r29=1,2,0;r30=1,6,2,5,3,0,7,4;r31=1,6,2,5,7,3,4,0;r32=2,4,1,5,0,3;r33=2,4,3,1,0,5;r34=1,4,5,0,2,3",TIMEOUT,250914.11,0,N/A,TIMEOUT
sample_0090,sample,"r0=1,2,0,3;r1=0,1,2,3;r2=1,2,0;r3=1,2,0;r4=0,1,2;r5=0,2,1;r6=1,3,2,0;r7=0,2,1;r8=0,2,1;r9=0,1,2;r10=1,3,2,0;r11=0,1,3,2;r12=0,1,2;r13=1,3,5,4,2,0;r14=1,3,0,2,4;r15=0,1,2;r16=1,2,0,3,4;r17=0,1,2;r18=1,2,0;r19=0,2,1;r20=0,1,2;r21=1,2,0;r22=0,1,4,3,2;r23=1,3,0,2,5,6,4,7;r24=3,5,2,1,4,7,6,0;r25=2,3,1,0;r26=1,2,0;r27=5,7,2,1,8,0,4,6,3;r28=1,3,2,0;r29=1,2,0;r30=6,7,4,2,5,1,0,3;r31=2,6,5,7,1,3,4,0;r32=2,4,1,3,5,0;r33=1,4,2,5,0,3;r34=2,4,1,0,5,3",372.557975337,32814.10,3,117.596747,match
sample_0091,sample,"r0=0,1,3,2;r1=0,3,2,1;r2=0,2,1;r3=0,2,1;r4=1,2,0;r5=0,1,2;r6=2,3,0,1;r7=1,2,0;r8=0,2,1;r9=1,2,0;r10=1,3,0,2;r11=0,1,2,3;r12=1,2,0;r13=1,2,3,5,0,4;r14=0,2,4,1,3;r15=0,1,2;r16=1,3,0,4,2;r17=1,2,0;r18=0,1,2;r19=0,1,2;r20=0,2,1;r21=0,1,2;r22=2,3,1,0,4;r23=1,3,4,2,5,6,0,7;r24=1,4,7,2,3,0,5,6;r25=1,3,0,2;r26=0,1,2;r27=5,7,6,4,1,2,8,0,3;r28=1,2,3,0;r29=1,2,0;r30=1,6,2,5,7,0,3,4;r31=5,6,7,1,0,2,4,3;r32=2,4,1,5,0,3;r33=2,3,4,1,5,0;r34=2,4,3,5,1,0",TIMEOUT,37507.12,0,N/A,TIMEOUT
sample_0092,sample,"r0=2,3,0,1;r1=0,2,1,3;r2=1,2,0;r3=0,1,2;r4=0,2,1;r5=0,2,1;r6=0,2,1,3;r7=0,1,2;r8=0,2,1;r9=0,2,1;r10=1,3,0,2;r11=0,1,2,3;r12=0,2,1;r13=0,1,2,4,3,5;r14=0,3,2,4,1;r15=0,1,2;r16=1,3,0,2,4;r17=1,2,0;r18=1,2,0;r19=0,2,1;r20=0,2,1;r21=1,2,0;r22=1,4,3,0,2;r23=2,5,1,6,0,7,3,4;r24=1,2,4,3,5,7,6,0;r25=0,1,2,3;r26=0,1,2;r27=2,3,1,6,7,5,0,8,4;r28=1,2,0,3;r29=0,1,2;r30=2,3,6,1,0,7,5,4;r31=2,3,1,0,5,7,4,6;r32=2,3,4,1,5,0;r33=1,4,0,2,3,5;r34=1,2,3,4,0,5",TIMEOUT,218957.35,0,N/A,TIMEOUT
sample_0093,sample,"r0=1,2,3,0;r1=1,3,2,0;r2=1,2,0;r3=0,2,1;r4=1,2,0;r5=1,2,0;r6=0,1,3,2;r7=1,2,0;r8=0,1,2;r9=0,2,1;r10=2,3,1,0;r11=1,3,0,2;r12=0,2,1;r13=2,4,3,1,0,5;r14=2,4,0,1,3;r15=0,1,2;r16=2,3,4,1,0;r17=0,1,2;r18=1,2,0;r19=0,1,2;r20=0,1,2;r21=1,2,0;r22=0,1,2,4,3;r23=2,5,1,0,6,7,3,4;r24=1,2,5,4,3,7,6,0;r25=1,2,0,3;r26=0,1,2;r27=4,7,6,2,5,8,3,1,0;r28=0,1,2,3;r29=0,1,2;r30=1,6,7,2,4,0,5,3;r31=6,7,2,5,3,4,1,0;r32=2,4,3,5,1,0;r33=1,4,2,0,5,3;r34=2,4,5,1,0,3",476.600095285,66967.38,3,150.437314,match
sample_0094,sample,"r0=1,3,2,0;r1=2,3,0,1;r2=0,2,1;r3=0,1,2;r4=1,2,0;r5=0,1,2;r6=0,2,3,1;r7=0,1,2;r8=0,1,2;r9=1,2,0;r10=1,2,0,3;r11=1,3,0,2;r12=0,2,1;r13=2,5,3,4,1,0;r14=0,3,4,2,1;r15=0,1,2;r16=1,3,4,0,2;r17=1,2,0;r18=1,2,0;r19=1,2,0;r20=0,2,1;r21=0,1,2;r22=1,2,0,3,4;r23=4,7,6,3,1,5,2,0;r24=5,6,2,1,3,4,7,0;r25=1,2,3,0;r26=0,1,2;r27=2,5,3,6,7,1,0,8,4;r28=1,3,2,0;r29=0,1,2;r30=1,5,2,7,4,6,3,0;r31=2,3,4,1,7,6,0,5;r32=1,2,3,0,4,5;r33=2,4,5,1,0,3;r34=1,4,0,5,2,3",TIMEOUT,250924.94,0,N/A,TIMEOUT
sample_0095,sample,"r0=0,2,3,1;r1=2,3,0,1;r2=0,2,1;r3=0,2,1;r4=0,1,2;r5=1,2,0;r6=2,3,0,1;r7=0,2,1;r8=1,2,0;r9=0,2,1;r10=1,2,3,0;r11=1,2,3,0;r12=0,1,2;r13=3,4,2,1,0,5;r14=1,3,0,4,2;r15=0,1,2;r16=2,3,1,0,4;r17=1,2,0;r18=1,2,0;r19=0,2,1;r20=0,2,1;r21=1,2,0;r22=2,3,4,1,0;r23=0,1,2,3,4,5,7,6;r24=6,7,4,1,2,0,3,5;r25=2,3,1,0;r26=0,1,2;r27=7,8,6,4,1,3,0,2,5;r28=1,2,3,0;r29=1,2,0;r30=1,2,3,6,5,0,7,4;r31=5,7,4,1,3,6,2,0;r32=1,4,2,5,0,3;r33=1,2,4,0,5,3;r34=1,4,5,0,2,3",N/A,N/A,0,N/A,FAIL
sample_0096,sample,"r0=0,2,3,1;r1=1,2,3,0;r2=0,2,1;r3=0,2,1;r4=0,2,1;r5=0,2,1;r6=1,3,0,2;r7=1,2,0;r8=0,1,2;r9=1,2,0;r10=2,3,1,0;r11=1,2,3,0;r12=0,2,1;r13=3,5,2,1,0,4;r14=1,3,0,2,4;r15=0,1,2;r16=0,1,3,2,4;r17=0,1,2;r18=1,2,0;r19=0,1,2;r20=0,1,2;r21=0,1,2;r22=1,4,3,0,2;r23=2,5,1,3,0,4,7,6;r24=0,1,2,3,4,5,6,7;r25=1,2,3,0;r26=0,1,2;r27=6,7,8,2,1,4,3,0,5;r28=0,1,3,2;r29=1,2,0;r30=1,5,7,4,6,2,3,0;r31=2,3,6,1,0,5,4,7;r32=0,1,4,5,2,3;r33=2,4,1,5,3,0;r34=1,4,2,3,0,5",40.524640929,22201.61,3,12.791475,match
sample_0097,sample,"r0=0,3,1,2;r1=0,1,3,2;r2=0,2,1;r3=1,2,0;r4=1,2,0;r5=0,1,2;r6=0,1,2,3;r7=0,2,1;r8=1,2,0;r9=0,2,1;r10=1,3,2,0;r11=1,3,2,0;r12=0,1,2;r13=1,5,3,0,4,2;r14=0,4,2,1,3;r15=0,1,2;r16=1,2,0,3,4;r17=0,1,2;r18=0,1,2;r19=0,2,1;r20=0,1,2;r21=0,1,2;r22=2,3,4,1,0;r23=1,2,5,6,0,7,4,3;r24=2,5,1,0,4,3,6,7;r25=1,3,2,0;r26=1,2,0;r27=0,1,5,2,7,3,8,6,4;r28=0,1,2,3;r29=1,2,0;r30=1,5,2,3,4,0,7,6;r31=3,4,7,2,6,1,0,5;r32=2,4,3,5,1,0;r33=1,2,0,4,5,3;r34=2,3,1,0,4,5",118.038314062,19042.13,3,37.258421,match
sample_0098,sample,"r0=0,1,3,2;r1=0,2,3,1;r2=0,2,1;r3=0,1,2;r4=1,2,0;r5=0,1,2;r6=0,1,3,2;r7=0,2,1;r8=0,2,1;r9=0,2,1;r10=0,1,3,2;r11=1,2,3,0;r12=0,1,2;r13=3,4,2,5,1,0;r14=0,4,2,3,1;r15=0,1,2;r16=0,1,3,4,2;r17=0,1,2;r18=0,1,2;r19=0,2,1;r20=0,2,1;r21=0,1,2;r22=3,4,1,2,0;r23=4,7,6,3,1,5,0,2;r24=1,2,4,0,5,7,6,3;r25=1,2,3,0;r26=1,2,0;r27=2,3,1,5,7,8,0,6,4;r28=0,1,2,3;r29=0,1,2;r30=1,5,6,2,7,4,3,0;r31=1,5,2,3,7,0,4,6;r32=2,4,1,0,5,3;r33=2,4,5,1,3,0;r34=1,4,2,3,5,0",TIMEOUT,109731.39,0,N/A,TIMEOUT
sample_0099,sample,"r0=0,3,2,1;r1=1,2,0,3;r2=0,2,1;r3=0,1,2;r4=0,1,2;r5=0,2,1;r6=2,3,0,1;r7=0,1,2;r8=0,1,2;r9=1,2,0;r10=1,3,0,2;r11=1,3,0,2;r12=1,2,0;r13=2,5,4,3,1,0;r14=0,2,3,4,1;r15=0,1,2;r16=1,3,2,4,0;r17=0,1,2;r18=0,1,2;r19=1,2,0;r20=0,2,1;r21=1,2,0;r22=3,4,1,2,0;r23=0,1,3,4,2,7,6,5;r24=5,6,2,1,3,0,7,4;r25=2,3,1,0;r26=0,1,2;r27=5,7,1,0,4,6,8,3,2;r28=1,2,3,0;r29=0,1,2;r30=2,3,1,6,4,7,5,0;r31=5,7,1,0,6,4,2,3;r32=2,4,1,5,0,3;r33=2,4,1,3,0,5;r34=0,1,4,2,5,3",TIMEOUT,251743.75,0,N/A,TIMEOUT
sample_0100,sample,"r0=1,3,0,2;r1=0,1,2,3;r2=0,2,1;r3=0,2,1;r4=0,1,2;r5=0,2,1;r6=1,3,2,0;r7=0,2,1;r8=0,2,1;r9=1,2,0;r10=1,3,2,0;r11=0,1,3,2;r12=0,2,1;r13=0,1,5,2,3,4;r14=0,1,2,3,4;r15=0,1,2;r16=0,1,2,3,4;r17=1,2,0;r18=0,1,2;r19=0,1,2;r20=0,1,2;r21=1,2,0;r22=2,3,1,0,4;r23=1,3,2,0,4,7,5,6;r24=2,5,6,1,3,7,4,0;r25=1,3,2,0;r26=1,2,0;r27=4,7,5,6,2,8,1,0,3;r28=1,3,2,0;r29=1,2,0;r30=1,2,5,7,3,6,4,0;r31=5,7,4,2,1,0,6,3;r32=2,3,4,1,5,0;r33=2,4,1,3,5,0;r34=1,2,3,0,4,5",190.153357948,45320.66,3,60.021306,match
